country,iso_code,year,hydro_TWh
ASEAN (Ember),,2000,50.45
ASEAN (Ember),,2001,54.33
ASEAN (Ember),,2002,53.29
ASEAN (Ember),,2003,53.21
ASEAN (Ember),,2004,52.99
ASEAN (Ember),,2005,53.88
ASEAN (Ember),,2006,60.52
ASEAN (Ember),,2007,63.25
ASEAN (Ember),,2008,69.94
ASEAN (Ember),,2009,73.68
ASEAN (Ember),,2010,80.07
ASEAN (Ember),,2011,99.6
ASEAN (Ember),,2012,115.25
ASEAN (Ember),,2013,127.15
ASEAN (Ember),,2014,130.79
ASEAN (Ember),,2015,121.48
ASEAN (Ember),,2016,144.15
ASEAN (Ember),,2017,179.46
ASEAN (Ember),,2018,187.6
ASEAN (Ember),,2019,162.32
ASEAN (Ember),,2020,177.59
ASEAN (Ember),,2021,194.96
ASEAN (Ember),,2022,225.65
ASEAN (Ember),,2023,208.43
ASEAN (Ember),,2024,226.67
Afghanistan,AFG,2000,0.31
Afghanistan,AFG,2001,0.5
Afghanistan,AFG,2002,0.56
Afghanistan,AFG,2003,0.63
Afghanistan,AFG,2004,0.56
Afghanistan,AFG,2005,0.59
Afghanistan,AFG,2006,0.64
Afghanistan,AFG,2007,0.75
Afghanistan,AFG,2008,0.54
Afghanistan,AFG,2009,0.78
Afghanistan,AFG,2010,0.75
Afghanistan,AFG,2011,0.6
Afghanistan,AFG,2012,0.71
Afghanistan,AFG,2013,0.86
Afghanistan,AFG,2014,0.97
Afghanistan,AFG,2015,1
Afghanistan,AFG,2016,1.02
Afghanistan,AFG,2017,1.05
Afghanistan,AFG,2018,0.93
Afghanistan,AFG,2019,1.22
Afghanistan,AFG,2020,0.99
Afghanistan,AFG,2021,0.85
Afghanistan,AFG,2022,0.74
Afghanistan,AFG,2023,0.75
Africa,,2000,74.85
Africa,,2001,80.3
Africa,,2002,84.6
Africa,,2003,82.01
Africa,,2004,86.54
Africa,,2005,89.49
Africa,,2006,92.62
Africa,,2007,95.55
Africa,,2008,96.94
Africa,,2009,100.65
Africa,,2010,109.27
Africa,,2011,112.1
Africa,,2012,114.57
Africa,,2013,118.22
Africa,,2014,124.299995
Africa,,2015,122.39
Africa,,2016,120.82
Africa,,2017,126.4
Africa,,2018,136.66
Africa,,2019,141.88
Africa,,2020,149.18
Africa,,2021,154.58
Africa,,2022,161.91
Africa,,2023,154.63
Africa (EI),,2000,75.30208
Africa (EI),,2001,80.910614
Africa (EI),,2002,85.06818
Africa (EI),,2003,82.617035
Africa (EI),,2004,87.22669
Africa (EI),,2005,88.84313
Africa (EI),,2006,92.05469
Africa (EI),,2007,95.20505
Africa (EI),,2008,96.96208
Africa (EI),,2009,99.56687
Africa (EI),,2010,107.687065
Africa (EI),,2011,110.73344
Africa (EI),,2012,110.881065
Africa (EI),,2013,117.32104
Africa (EI),,2014,124.171074
Africa (EI),,2015,120.966484
Africa (EI),,2016,119.33239
Africa (EI),,2017,125.53052
Africa (EI),,2018,134.4142
Africa (EI),,2019,137.83789
Africa (EI),,2020,147.40895
Africa (EI),,2021,155.50735
Africa (EI),,2022,161.92616
Africa (EI),,2023,167.11745
Africa (EI),,2024,170.07578
Africa (Ember),,2000,74.85
Africa (Ember),,2001,80.3
Africa (Ember),,2002,84.6
Africa (Ember),,2003,82.01
Africa (Ember),,2004,86.54
Africa (Ember),,2005,89.49
Africa (Ember),,2006,92.62
Africa (Ember),,2007,95.55
Africa (Ember),,2008,96.94
Africa (Ember),,2009,100.65
Africa (Ember),,2010,109.27
Africa (Ember),,2011,112.1
Africa (Ember),,2012,114.57
Africa (Ember),,2013,118.22
Africa (Ember),,2014,124.3
Africa (Ember),,2015,122.39
Africa (Ember),,2016,120.82
Africa (Ember),,2017,126.4
Africa (Ember),,2018,136.66
Africa (Ember),,2019,141.88
Africa (Ember),,2020,149.18
Africa (Ember),,2021,154.58
Africa (Ember),,2022,161.91
Africa (Ember),,2023,163.29
Africa (Ember),,2024,162.26
Albania,ALB,2000,4.55
Albania,ALB,2001,3.52
Albania,ALB,2002,3.48
Albania,ALB,2003,5.12
Albania,ALB,2004,5.41
Albania,ALB,2005,5.32
Albania,ALB,2006,4.95
Albania,ALB,2007,2.76
Albania,ALB,2008,3.76
Albania,ALB,2009,5.2
Albania,ALB,2010,7.57
Albania,ALB,2011,4.13
Albania,ALB,2012,4.72
Albania,ALB,2013,6.96
Albania,ALB,2014,4.72
Albania,ALB,2015,5.89
Albania,ALB,2016,7.78
Albania,ALB,2017,4.53
Albania,ALB,2018,8.55
Albania,ALB,2019,5.18
Albania,ALB,2020,5.28
Albania,ALB,2021,8.9
Albania,ALB,2022,6.81
Albania,ALB,2023,8.71
Algeria,DZA,2000,0.05
Algeria,DZA,2001,0.07
Algeria,DZA,2002,0.06
Algeria,DZA,2003,0.26
Algeria,DZA,2004,0.25
Algeria,DZA,2005,0.55
Algeria,DZA,2006,0.22
Algeria,DZA,2007,0.22
Algeria,DZA,2008,0.28
Algeria,DZA,2009,0.3
Algeria,DZA,2010,0.17
Algeria,DZA,2011,0.5
Algeria,DZA,2012,0.62
Algeria,DZA,2013,0.33
Algeria,DZA,2014,0.25
Algeria,DZA,2015,0.14
Algeria,DZA,2016,0.22
Algeria,DZA,2017,0.06
Algeria,DZA,2018,0.12
Algeria,DZA,2019,0.15
Algeria,DZA,2020,0.05
Algeria,DZA,2021,0.01
Algeria,DZA,2022,0.02
Algeria,DZA,2023,0.02
Algeria,DZA,2024,0.05118
American Samoa,ASM,2000,0
American Samoa,ASM,2001,0
American Samoa,ASM,2002,0
American Samoa,ASM,2003,0
American Samoa,ASM,2004,0
American Samoa,ASM,2005,0
American Samoa,ASM,2006,0
American Samoa,ASM,2007,0
American Samoa,ASM,2008,0
American Samoa,ASM,2009,0
American Samoa,ASM,2010,0
American Samoa,ASM,2011,0
American Samoa,ASM,2012,0
American Samoa,ASM,2013,0
American Samoa,ASM,2014,0
American Samoa,ASM,2015,0
American Samoa,ASM,2016,0
American Samoa,ASM,2017,0
American Samoa,ASM,2018,0
American Samoa,ASM,2019,0
American Samoa,ASM,2020,0
American Samoa,ASM,2021,0
American Samoa,ASM,2022,0
American Samoa,ASM,2023,0
Angola,AGO,2000,0.91
Angola,AGO,2001,1.02
Angola,AGO,2002,1.14
Angola,AGO,2003,1.24
Angola,AGO,2004,1.75
Angola,AGO,2005,2.22
Angola,AGO,2006,2.54
Angola,AGO,2007,2.49
Angola,AGO,2008,3.15
Angola,AGO,2009,3.27
Angola,AGO,2010,3.7
Angola,AGO,2011,4.01
Angola,AGO,2012,5.47
Angola,AGO,2013,4.72
Angola,AGO,2014,4.99
Angola,AGO,2015,5.28
Angola,AGO,2016,6.36
Angola,AGO,2017,7.65
Angola,AGO,2018,10.37
Angola,AGO,2019,11.51
Angola,AGO,2020,12.64
Angola,AGO,2021,12.64
Angola,AGO,2022,12.64
Angola,AGO,2023,13.27
Antigua and Barbuda,ATG,2000,0
Antigua and Barbuda,ATG,2001,0
Antigua and Barbuda,ATG,2002,0
Antigua and Barbuda,ATG,2003,0
Antigua and Barbuda,ATG,2004,0
Antigua and Barbuda,ATG,2005,0
Antigua and Barbuda,ATG,2006,0
Antigua and Barbuda,ATG,2007,0
Antigua and Barbuda,ATG,2008,0
Antigua and Barbuda,ATG,2009,0
Antigua and Barbuda,ATG,2010,0
Antigua and Barbuda,ATG,2011,0
Antigua and Barbuda,ATG,2012,0
Antigua and Barbuda,ATG,2013,0
Antigua and Barbuda,ATG,2014,0
Antigua and Barbuda,ATG,2015,0
Antigua and Barbuda,ATG,2016,0
Antigua and Barbuda,ATG,2017,0
Antigua and Barbuda,ATG,2018,0
Antigua and Barbuda,ATG,2019,0
Antigua and Barbuda,ATG,2020,0
Antigua and Barbuda,ATG,2021,0
Antigua and Barbuda,ATG,2022,0
Antigua and Barbuda,ATG,2023,0
Argentina,ARG,2000,28.58
Argentina,ARG,2001,36.58
Argentina,ARG,2002,35.78
Argentina,ARG,2003,33.8
Argentina,ARG,2004,30.46
Argentina,ARG,2005,34.22
Argentina,ARG,2006,38.02
Argentina,ARG,2007,31.22
Argentina,ARG,2008,31.2
Argentina,ARG,2009,34.62
Argentina,ARG,2010,33.36
Argentina,ARG,2011,31.19
Argentina,ARG,2012,29.16
Argentina,ARG,2013,32.77
Argentina,ARG,2014,32.42
Argentina,ARG,2015,32.34
Argentina,ARG,2016,29.75
Argentina,ARG,2017,31.59
Argentina,ARG,2018,32.28
Argentina,ARG,2019,27.5
Argentina,ARG,2020,23.67
Argentina,ARG,2021,19.65
Argentina,ARG,2022,22.77
Argentina,ARG,2023,29.9
Argentina,ARG,2024,24.32
Armenia,ARM,2000,1.25
Armenia,ARM,2001,0.96
Armenia,ARM,2002,1.64
Armenia,ARM,2003,1.96
Armenia,ARM,2004,1.98
Armenia,ARM,2005,1.75
Armenia,ARM,2006,1.81
Armenia,ARM,2007,1.83
Armenia,ARM,2008,1.78
Armenia,ARM,2009,2
Armenia,ARM,2010,2.53
Armenia,ARM,2011,2.46
Armenia,ARM,2012,2.3
Armenia,ARM,2013,2.15
Armenia,ARM,2014,1.97
Armenia,ARM,2015,2.18
Armenia,ARM,2016,2.33
Armenia,ARM,2017,2.25
Armenia,ARM,2018,2.29
Armenia,ARM,2019,2.35
Armenia,ARM,2020,1.78
Armenia,ARM,2021,2.2
Armenia,ARM,2022,2.85
Armenia,ARM,2023,1.65
Armenia,ARM,2024,1.79
Aruba,ABW,2000,0
Aruba,ABW,2001,0
Aruba,ABW,2002,0
Aruba,ABW,2003,0
Aruba,ABW,2004,0
Aruba,ABW,2005,0
Aruba,ABW,2006,0
Aruba,ABW,2007,0
Aruba,ABW,2008,0
Aruba,ABW,2009,0
Aruba,ABW,2010,0
Aruba,ABW,2011,0
Aruba,ABW,2012,0
Aruba,ABW,2013,0
Aruba,ABW,2014,0
Aruba,ABW,2015,0
Aruba,ABW,2016,0
Aruba,ABW,2017,0
Aruba,ABW,2018,0
Aruba,ABW,2019,0
Aruba,ABW,2020,0
Aruba,ABW,2021,0
Aruba,ABW,2022,0
Asia,,2000,564.26
Asia,,2001,609.76
Asia,,2002,634.35
Asia,,2003,661.85
Asia,,2004,772.88
Asia,,2005,810.7
Asia,,2006,888.15
Asia,,2007,927.4
Asia,,2008,1057.97
Asia,,2009,1027.77
Asia,,2010,1188.41
Asia,,2011,1195.64
Asia,,2012,1374.1799
Asia,,2013,1461.65
Asia,,2014,1596.4099
Asia,,2015,1665.16
Asia,,2016,1725.26
Asia,,2017,1768.1301
Asia,,2018,1810.48
Asia,,2019,1936.77
Asia,,2020,1983.7799
Asia,,2021,1953.9
Asia,,2022,2009.64
Asia,,2023,1868.22
Asia (Ember),,2000,525.25
Asia (Ember),,2001,577.22
Asia (Ember),,2002,588.95
Asia (Ember),,2003,612.32
Asia (Ember),,2004,709.01
Asia (Ember),,2005,745.24
Asia (Ember),,2006,814.61
Asia (Ember),,2007,863.72
Asia (Ember),,2008,1010.46
Asia (Ember),,2009,979.29
Asia (Ember),,2010,1118.08
Asia (Ember),,2011,1125.34
Asia (Ember),,2012,1295.38
Asia (Ember),,2013,1378.51
Asia (Ember),,2014,1535.74
Asia (Ember),,2015,1581.26
Asia (Ember),,2016,1637.89
Asia (Ember),,2017,1689.3
Asia (Ember),,2018,1737.96
Asia (Ember),,2019,1807.57
Asia (Ember),,2020,1876.72
Asia (Ember),,2021,1879.81
Asia (Ember),,2022,1924.85
Asia (Ember),,2023,1806.18
Asia (Ember),,2024,1972.61
Asia Pacific (EI),,2000,521.60126
Asia Pacific (EI),,2001,570.3791
Asia Pacific (EI),,2002,578.78424
Asia Pacific (EI),,2003,594.22736
Asia Pacific (EI),,2004,699.0907
Asia Pacific (EI),,2005,727.92053
Asia Pacific (EI),,2006,801.7032
Asia Pacific (EI),,2007,852.1108
Asia Pacific (EI),,2008,997.7059
Asia Pacific (EI),,2009,968.00934
Asia Pacific (EI),,2010,1097.5852
Asia Pacific (EI),,2011,1117.724
Asia Pacific (EI),,2012,1261.9316
Asia Pacific (EI),,2013,1369.9811
Asia Pacific (EI),,2014,1523.4286
Asia Pacific (EI),,2015,1565.9032
Asia Pacific (EI),,2016,1628.4912
Asia Pacific (EI),,2017,1672.0555
Asia Pacific (EI),,2018,1725.8898
Asia Pacific (EI),,2019,1791.1537
Asia Pacific (EI),,2020,1865.8977
Asia Pacific (EI),,2021,1864.5795
Asia Pacific (EI),,2022,1911.5757
Asia Pacific (EI),,2023,1794.1885
Asia Pacific (EI),,2024,1952.5988
Australia,AUS,2000,16.47
Australia,AUS,2001,16.12
Australia,AUS,2002,16.09
Australia,AUS,2003,16.21
Australia,AUS,2004,15.69
Australia,AUS,2005,15.47
Australia,AUS,2006,14.95
Australia,AUS,2007,13.05
Australia,AUS,2008,11.82
Australia,AUS,2009,12.64
Australia,AUS,2010,13.75
Australia,AUS,2011,19.57
Australia,AUS,2012,17.04
Australia,AUS,2013,19.09
Australia,AUS,2014,14.48
Australia,AUS,2015,14.09
Australia,AUS,2016,17.63
Australia,AUS,2017,13.5
Australia,AUS,2018,17.31
Australia,AUS,2019,14.02
Australia,AUS,2020,14.42
Australia,AUS,2021,15.94
Australia,AUS,2022,16.66
Australia,AUS,2023,15.26
Australia,AUS,2024,13.53
Austria,AUT,2000,41.84
Austria,AUT,2001,40.46
Austria,AUT,2002,40.23
Austria,AUT,2003,33.21
Austria,AUT,2004,36.76
Austria,AUT,2005,37.1
Austria,AUT,2006,35.66
Austria,AUT,2007,37.05
Austria,AUT,2008,38.33
Austria,AUT,2009,40.9
Austria,AUT,2010,38.36
Austria,AUT,2011,34.24
Austria,AUT,2012,43.85
Austria,AUT,2013,42.02
Austria,AUT,2014,41.01
Austria,AUT,2015,37.16
Austria,AUT,2016,39.97
Austria,AUT,2017,38.29
Austria,AUT,2018,37.64
Austria,AUT,2019,40.83
Austria,AUT,2020,42
Austria,AUT,2021,38.89
Austria,AUT,2022,34.63
Austria,AUT,2023,40.67
Austria,AUT,2024,44.76
Azerbaijan,AZE,2000,1.52
Azerbaijan,AZE,2001,1.29
Azerbaijan,AZE,2002,2
Azerbaijan,AZE,2003,2.44
Azerbaijan,AZE,2004,2.73
Azerbaijan,AZE,2005,2.98
Azerbaijan,AZE,2006,2.49
Azerbaijan,AZE,2007,2.34
Azerbaijan,AZE,2008,2.21
Azerbaijan,AZE,2009,2.29
Azerbaijan,AZE,2010,3.41
Azerbaijan,AZE,2011,2.65
Azerbaijan,AZE,2012,1.8
Azerbaijan,AZE,2013,1.47
Azerbaijan,AZE,2014,1.29
Azerbaijan,AZE,2015,1.62
Azerbaijan,AZE,2016,1.94
Azerbaijan,AZE,2017,1.73
Azerbaijan,AZE,2018,1.75
Azerbaijan,AZE,2019,1.55
Azerbaijan,AZE,2020,1.07
Azerbaijan,AZE,2021,1.28
Azerbaijan,AZE,2022,1.6
Azerbaijan,AZE,2023,1.64
Azerbaijan,AZE,2024,2.9
Bahamas,BHS,2000,0
Bahamas,BHS,2001,0
Bahamas,BHS,2002,0
Bahamas,BHS,2003,0
Bahamas,BHS,2004,0
Bahamas,BHS,2005,0
Bahamas,BHS,2006,0
Bahamas,BHS,2007,0
Bahamas,BHS,2008,0
Bahamas,BHS,2009,0
Bahamas,BHS,2010,0
Bahamas,BHS,2011,0
Bahamas,BHS,2012,0
Bahamas,BHS,2013,0
Bahamas,BHS,2014,0
Bahamas,BHS,2015,0
Bahamas,BHS,2016,0
Bahamas,BHS,2017,0
Bahamas,BHS,2018,0
Bahamas,BHS,2019,0
Bahamas,BHS,2020,0
Bahamas,BHS,2021,0
Bahamas,BHS,2022,0
Bahrain,BHR,2000,0
Bahrain,BHR,2001,0
Bahrain,BHR,2002,0
Bahrain,BHR,2003,0
Bahrain,BHR,2004,0
Bahrain,BHR,2005,0
Bahrain,BHR,2006,0
Bahrain,BHR,2007,0
Bahrain,BHR,2008,0
Bahrain,BHR,2009,0
Bahrain,BHR,2010,0
Bahrain,BHR,2011,0
Bahrain,BHR,2012,0
Bahrain,BHR,2013,0
Bahrain,BHR,2014,0
Bahrain,BHR,2015,0
Bahrain,BHR,2016,0
Bahrain,BHR,2017,0
Bahrain,BHR,2018,0
Bahrain,BHR,2019,0
Bahrain,BHR,2020,0
Bahrain,BHR,2021,0
Bahrain,BHR,2022,0
Bahrain,BHR,2023,0
Bangladesh,BGD,2000,0.94
Bangladesh,BGD,2001,0.98
Bangladesh,BGD,2002,1.05
Bangladesh,BGD,2003,1.12
Bangladesh,BGD,2004,1.21
Bangladesh,BGD,2005,1.28
Bangladesh,BGD,2006,1.38
Bangladesh,BGD,2007,0.74
Bangladesh,BGD,2008,0.94
Bangladesh,BGD,2009,0.44
Bangladesh,BGD,2010,0.76
Bangladesh,BGD,2011,0.92
Bangladesh,BGD,2012,0.82
Bangladesh,BGD,2013,0.94
Bangladesh,BGD,2014,0.62
Bangladesh,BGD,2015,0.59
Bangladesh,BGD,2016,1.01
Bangladesh,BGD,2017,1.03
Bangladesh,BGD,2018,1.08
Bangladesh,BGD,2019,0.81
Bangladesh,BGD,2020,0.78
Bangladesh,BGD,2021,0.73
Bangladesh,BGD,2022,0.71
Bangladesh,BGD,2023,0.65
Bangladesh,BGD,2024,0.89
Barbados,BRB,2000,0
Barbados,BRB,2001,0
Barbados,BRB,2002,0
Barbados,BRB,2003,0
Barbados,BRB,2004,0
Barbados,BRB,2005,0
Barbados,BRB,2006,0
Barbados,BRB,2007,0
Barbados,BRB,2008,0
Barbados,BRB,2009,0
Barbados,BRB,2010,0
Barbados,BRB,2011,0
Barbados,BRB,2012,0
Barbados,BRB,2013,0
Barbados,BRB,2014,0
Barbados,BRB,2015,0
Barbados,BRB,2016,0
Barbados,BRB,2017,0
Barbados,BRB,2018,0
Barbados,BRB,2019,0
Barbados,BRB,2020,0
Barbados,BRB,2021,0
Barbados,BRB,2022,0
Barbados,BRB,2023,0
Belarus,BLR,2000,0.03
Belarus,BLR,2001,0.03
Belarus,BLR,2002,0.03
Belarus,BLR,2003,0.03
Belarus,BLR,2004,0.03
Belarus,BLR,2005,0.04
Belarus,BLR,2006,0.04
Belarus,BLR,2007,0.04
Belarus,BLR,2008,0.04
Belarus,BLR,2009,0.04
Belarus,BLR,2010,0.05
Belarus,BLR,2011,0.04
Belarus,BLR,2012,0.07
Belarus,BLR,2013,0.14
Belarus,BLR,2014,0.12
Belarus,BLR,2015,0.11
Belarus,BLR,2016,0.14
Belarus,BLR,2017,0.4
Belarus,BLR,2018,0.32
Belarus,BLR,2019,0.34
Belarus,BLR,2020,0.39
Belarus,BLR,2021,0.37
Belarus,BLR,2022,0.37
Belarus,BLR,2023,0.39
Belarus,BLR,2024,0.42
Belgium,BEL,2000,0.46
Belgium,BEL,2001,0.44
Belgium,BEL,2002,0.36
Belgium,BEL,2003,0.25
Belgium,BEL,2004,0.32
Belgium,BEL,2005,0.29
Belgium,BEL,2006,0.36
Belgium,BEL,2007,0.39
Belgium,BEL,2008,0.41
Belgium,BEL,2009,0.33
Belgium,BEL,2010,0.31
Belgium,BEL,2011,0.2
Belgium,BEL,2012,0.36
Belgium,BEL,2013,0.38
Belgium,BEL,2014,0.29
Belgium,BEL,2015,0.32
Belgium,BEL,2016,0.37
Belgium,BEL,2017,0.27
Belgium,BEL,2018,0.29
Belgium,BEL,2019,0.3
Belgium,BEL,2020,0.27
Belgium,BEL,2021,0.42
Belgium,BEL,2022,0.27
Belgium,BEL,2023,0.41
Belgium,BEL,2024,0.42
Belize,BLZ,2000,0.09
Belize,BLZ,2001,0.09
Belize,BLZ,2002,0.09
Belize,BLZ,2003,0.06
Belize,BLZ,2004,0.06
Belize,BLZ,2005,0.07
Belize,BLZ,2006,0.18
Belize,BLZ,2007,0.18
Belize,BLZ,2008,0.2
Belize,BLZ,2009,0.19
Belize,BLZ,2010,0.26
Belize,BLZ,2011,0.25
Belize,BLZ,2012,0.21
Belize,BLZ,2013,0.26
Belize,BLZ,2014,0.26
Belize,BLZ,2015,0.24
Belize,BLZ,2016,0.26
Belize,BLZ,2017,0.27
Belize,BLZ,2018,0.25
Belize,BLZ,2019,0.29
Belize,BLZ,2020,0.24
Belize,BLZ,2021,0.16
Belize,BLZ,2022,0.24
Belize,BLZ,2023,0.24
Benin,BEN,2000,0
Benin,BEN,2001,0
Benin,BEN,2002,0
Benin,BEN,2003,0
Benin,BEN,2004,0
Benin,BEN,2005,0
Benin,BEN,2006,0
Benin,BEN,2007,0
Benin,BEN,2008,0
Benin,BEN,2009,0
Benin,BEN,2010,0
Benin,BEN,2011,0
Benin,BEN,2012,0
Benin,BEN,2013,0
Benin,BEN,2014,0
Benin,BEN,2015,0
Benin,BEN,2016,0
Benin,BEN,2017,0
Benin,BEN,2018,0
Benin,BEN,2019,0
Benin,BEN,2020,0
Benin,BEN,2021,0
Benin,BEN,2022,0
Benin,BEN,2023,0
Bermuda,BMU,2000,0
Bermuda,BMU,2001,0
Bermuda,BMU,2002,0
Bermuda,BMU,2003,0
Bermuda,BMU,2004,0
Bermuda,BMU,2005,0
Bermuda,BMU,2006,0
Bermuda,BMU,2007,0
Bermuda,BMU,2008,0
Bermuda,BMU,2009,0
Bermuda,BMU,2010,0
Bermuda,BMU,2011,0
Bermuda,BMU,2012,0
Bermuda,BMU,2013,0
Bermuda,BMU,2014,0
Bermuda,BMU,2015,0
Bermuda,BMU,2016,0
Bermuda,BMU,2017,0
Bermuda,BMU,2018,0
Bermuda,BMU,2019,0
Bermuda,BMU,2020,0
Bermuda,BMU,2021,0
Bermuda,BMU,2022,0
Bermuda,BMU,2023,0
Bhutan,BTN,2000,1.79
Bhutan,BTN,2001,1.92
Bhutan,BTN,2002,2.18
Bhutan,BTN,2003,2.5
Bhutan,BTN,2004,2.33
Bhutan,BTN,2005,2.62
Bhutan,BTN,2006,4.47
Bhutan,BTN,2007,6.49
Bhutan,BTN,2008,6.89
Bhutan,BTN,2009,6.93
Bhutan,BTN,2010,7.26
Bhutan,BTN,2011,6.97
Bhutan,BTN,2012,6.74
Bhutan,BTN,2013,7.53
Bhutan,BTN,2014,7.15
Bhutan,BTN,2015,7.73
Bhutan,BTN,2016,7.88
Bhutan,BTN,2017,7.65
Bhutan,BTN,2018,6.89
Bhutan,BTN,2019,8.65
Bhutan,BTN,2020,11.37
Bhutan,BTN,2021,10.82
Bhutan,BTN,2022,10.77
Bhutan,BTN,2023,11.16
Bolivia,BOL,2000,1.95
Bolivia,BOL,2001,2.11
Bolivia,BOL,2002,2.18
Bolivia,BOL,2003,1.97
Bolivia,BOL,2004,2.13
Bolivia,BOL,2005,1.94
Bolivia,BOL,2006,2.14
Bolivia,BOL,2007,2.3
Bolivia,BOL,2008,2.29
Bolivia,BOL,2009,2.27
Bolivia,BOL,2010,2.16
Bolivia,BOL,2011,2.32
Bolivia,BOL,2012,2.33
Bolivia,BOL,2013,2.51
Bolivia,BOL,2014,2.23
Bolivia,BOL,2015,2.44
Bolivia,BOL,2016,1.7
Bolivia,BOL,2017,2.21
Bolivia,BOL,2018,2.61
Bolivia,BOL,2019,3.25
Bolivia,BOL,2020,2.94
Bolivia,BOL,2021,3.24
Bolivia,BOL,2022,2.85
Bolivia,BOL,2023,2.97
Bolivia,BOL,2024,3.5
Bosnia and Herzegovina,BIH,2000,5.09
Bosnia and Herzegovina,BIH,2001,5.18
Bosnia and Herzegovina,BIH,2002,5.27
Bosnia and Herzegovina,BIH,2003,4.5
Bosnia and Herzegovina,BIH,2004,5.98
Bosnia and Herzegovina,BIH,2005,6
Bosnia and Herzegovina,BIH,2006,5.84
Bosnia and Herzegovina,BIH,2007,3.99
Bosnia and Herzegovina,BIH,2008,4.87
Bosnia and Herzegovina,BIH,2009,6.24
Bosnia and Herzegovina,BIH,2010,8.03
Bosnia and Herzegovina,BIH,2011,4.39
Bosnia and Herzegovina,BIH,2012,4.15
Bosnia and Herzegovina,BIH,2013,7.24
Bosnia and Herzegovina,BIH,2014,5.93
Bosnia and Herzegovina,BIH,2015,5.54
Bosnia and Herzegovina,BIH,2016,5.59
Bosnia and Herzegovina,BIH,2017,3.79
Bosnia and Herzegovina,BIH,2018,6.42
Bosnia and Herzegovina,BIH,2019,6.1
Bosnia and Herzegovina,BIH,2020,4.58
Bosnia and Herzegovina,BIH,2021,6.69
Bosnia and Herzegovina,BIH,2022,4.71
Bosnia and Herzegovina,BIH,2023,6.11
Bosnia and Herzegovina,BIH,2024,4.89
Botswana,BWA,2000,0
Botswana,BWA,2001,0
Botswana,BWA,2002,0
Botswana,BWA,2003,0
Botswana,BWA,2004,0
Botswana,BWA,2005,0
Botswana,BWA,2006,0
Botswana,BWA,2007,0
Botswana,BWA,2008,0
Botswana,BWA,2009,0
Botswana,BWA,2010,0
Botswana,BWA,2011,0
Botswana,BWA,2012,0
Botswana,BWA,2013,0
Botswana,BWA,2014,0
Botswana,BWA,2015,0
Botswana,BWA,2016,0
Botswana,BWA,2017,0
Botswana,BWA,2018,0
Botswana,BWA,2019,0
Botswana,BWA,2020,0
Botswana,BWA,2021,0
Botswana,BWA,2022,0
Botswana,BWA,2023,0
Brazil,BRA,2000,304.4
Brazil,BRA,2001,267.88
Brazil,BRA,2002,286.09
Brazil,BRA,2003,305.62
Brazil,BRA,2004,320.8
Brazil,BRA,2005,337.46
Brazil,BRA,2006,348.8
Brazil,BRA,2007,374.02
Brazil,BRA,2008,369.56
Brazil,BRA,2009,390.99
Brazil,BRA,2010,403.29
Brazil,BRA,2011,428.33
Brazil,BRA,2012,415.34
Brazil,BRA,2013,390.99
Brazil,BRA,2014,373.44
Brazil,BRA,2015,359.74
Brazil,BRA,2016,380.91
Brazil,BRA,2017,370.91
Brazil,BRA,2018,388.97
Brazil,BRA,2019,397.88
Brazil,BRA,2020,396.38
Brazil,BRA,2021,362.82
Brazil,BRA,2022,427.11
Brazil,BRA,2023,428.65
Brazil,BRA,2024,414.84
British Virgin Islands,VGB,2000,0
British Virgin Islands,VGB,2001,0
British Virgin Islands,VGB,2002,0
British Virgin Islands,VGB,2003,0
British Virgin Islands,VGB,2004,0
British Virgin Islands,VGB,2005,0
British Virgin Islands,VGB,2006,0
British Virgin Islands,VGB,2007,0
British Virgin Islands,VGB,2008,0
British Virgin Islands,VGB,2009,0
British Virgin Islands,VGB,2010,0
British Virgin Islands,VGB,2011,0
British Virgin Islands,VGB,2012,0
British Virgin Islands,VGB,2013,0
British Virgin Islands,VGB,2014,0
British Virgin Islands,VGB,2015,0
British Virgin Islands,VGB,2016,0
British Virgin Islands,VGB,2017,0
British Virgin Islands,VGB,2018,0
British Virgin Islands,VGB,2019,0
British Virgin Islands,VGB,2020,0
British Virgin Islands,VGB,2021,0
British Virgin Islands,VGB,2022,0
British Virgin Islands,VGB,2023,0
Brunei,BRN,2000,0
Brunei,BRN,2001,0
Brunei,BRN,2002,0
Brunei,BRN,2003,0
Brunei,BRN,2004,0
Brunei,BRN,2005,0
Brunei,BRN,2006,0
Brunei,BRN,2007,0
Brunei,BRN,2008,0
Brunei,BRN,2009,0
Brunei,BRN,2010,0
Brunei,BRN,2011,0
Brunei,BRN,2012,0
Brunei,BRN,2013,0
Brunei,BRN,2014,0
Brunei,BRN,2015,0
Brunei,BRN,2016,0
Brunei,BRN,2017,0
Brunei,BRN,2018,0
Brunei,BRN,2019,0
Brunei,BRN,2020,0
Brunei,BRN,2021,0
Brunei,BRN,2022,0
Brunei,BRN,2023,0
Bulgaria,BGR,2000,2.63
Bulgaria,BGR,2001,1.65
Bulgaria,BGR,2002,2.12
Bulgaria,BGR,2003,2.99
Bulgaria,BGR,2004,3.14
Bulgaria,BGR,2005,4.3
Bulgaria,BGR,2006,4.21
Bulgaria,BGR,2007,2.83
Bulgaria,BGR,2008,2.79
Bulgaria,BGR,2009,3.43
Bulgaria,BGR,2010,5.03
Bulgaria,BGR,2011,2.87
Bulgaria,BGR,2012,3.18
Bulgaria,BGR,2013,4.04
Bulgaria,BGR,2014,4.6
Bulgaria,BGR,2015,5.65
Bulgaria,BGR,2016,3.88
Bulgaria,BGR,2017,2.83
Bulgaria,BGR,2018,5.15
Bulgaria,BGR,2019,2.93
Bulgaria,BGR,2020,2.82
Bulgaria,BGR,2021,4.82
Bulgaria,BGR,2022,3.8
Bulgaria,BGR,2023,3.08
Bulgaria,BGR,2024,2.9
Burkina Faso,BFA,2000,0.1
Burkina Faso,BFA,2001,0.05
Burkina Faso,BFA,2002,0.06
Burkina Faso,BFA,2003,0.1
Burkina Faso,BFA,2004,0.1
Burkina Faso,BFA,2005,0.1
Burkina Faso,BFA,2006,0.08
Burkina Faso,BFA,2007,0.11
Burkina Faso,BFA,2008,0.13
Burkina Faso,BFA,2009,0.13
Burkina Faso,BFA,2010,0.12
Burkina Faso,BFA,2011,0.08
Burkina Faso,BFA,2012,0.1
Burkina Faso,BFA,2013,0.11
Burkina Faso,BFA,2014,0.09
Burkina Faso,BFA,2015,0.09
Burkina Faso,BFA,2016,0.14
Burkina Faso,BFA,2017,0.13
Burkina Faso,BFA,2018,0.13
Burkina Faso,BFA,2019,0.11
Burkina Faso,BFA,2020,0.11
Burkina Faso,BFA,2021,0.13
Burkina Faso,BFA,2022,0.08
Burkina Faso,BFA,2023,0.12
Burundi,BDI,2000,0.1
Burundi,BDI,2001,0.11
Burundi,BDI,2002,0.13
Burundi,BDI,2003,0.1
Burundi,BDI,2004,0.09
Burundi,BDI,2005,0.09
Burundi,BDI,2006,0.09
Burundi,BDI,2007,0.12
Burundi,BDI,2008,0.11
Burundi,BDI,2009,0.12
Burundi,BDI,2010,0.14
Burundi,BDI,2011,0.13
Burundi,BDI,2012,0.14
Burundi,BDI,2013,0.14
Burundi,BDI,2014,0.14
Burundi,BDI,2015,0.14
Burundi,BDI,2016,0.14
Burundi,BDI,2017,0.19
Burundi,BDI,2018,0.24
Burundi,BDI,2019,0.26
Burundi,BDI,2020,0.27
Burundi,BDI,2021,0.26
Burundi,BDI,2022,0.26
Burundi,BDI,2023,0.26
CIS (EI),,2000,208.4302
CIS (EI),,2001,217.30629
CIS (EI),,2002,207.3237
CIS (EI),,2003,205.71356
CIS (EI),,2004,225.78754
CIS (EI),,2005,223.52153
CIS (EI),,2006,222.01114
CIS (EI),,2007,227.40926
CIS (EI),,2008,207.66689
CIS (EI),,2009,218.31866
CIS (EI),,2010,216.83788
CIS (EI),,2011,212.74788
CIS (EI),,2012,213.0366
CIS (EI),,2013,229.43721
CIS (EI),,2014,221.1444
CIS (EI),,2015,215.42581
CIS (EI),,2016,235.8683
CIS (EI),,2017,240.34909
CIS (EI),,2018,244.31325
CIS (EI),,2019,248.45114
CIS (EI),,2020,262.7033
CIS (EI),,2021,264.7783
CIS (EI),,2022,248.20709
CIS (EI),,2023,253.3551
CIS (EI),,2024,269.2493
Cambodia,KHM,2000,0.05
Cambodia,KHM,2001,0.03
Cambodia,KHM,2002,0.03
Cambodia,KHM,2003,0.04
Cambodia,KHM,2004,0.03
Cambodia,KHM,2005,0.04
Cambodia,KHM,2006,0.05
Cambodia,KHM,2007,0.05
Cambodia,KHM,2008,0.04
Cambodia,KHM,2009,0.04
Cambodia,KHM,2010,0.03
Cambodia,KHM,2011,0.05
Cambodia,KHM,2012,0.51
Cambodia,KHM,2013,1.01
Cambodia,KHM,2014,1.83
Cambodia,KHM,2015,1.98
Cambodia,KHM,2016,2.59
Cambodia,KHM,2017,2.71
Cambodia,KHM,2018,4.97
Cambodia,KHM,2019,4.24
Cambodia,KHM,2020,4.05
Cambodia,KHM,2021,5.25
Cambodia,KHM,2022,6.16
Cambodia,KHM,2023,5.32
Cambodia,KHM,2024,5.3
Cameroon,CMR,2000,3.41
Cameroon,CMR,2001,3.44
Cameroon,CMR,2002,3.15
Cameroon,CMR,2003,3.49
Cameroon,CMR,2004,3.88
Cameroon,CMR,2005,3.73
Cameroon,CMR,2006,3.85
Cameroon,CMR,2007,3.81
Cameroon,CMR,2008,4.19
Cameroon,CMR,2009,3.98
Cameroon,CMR,2010,4.22
Cameroon,CMR,2011,4.35
Cameroon,CMR,2012,4.21
Cameroon,CMR,2013,4.33
Cameroon,CMR,2014,4.33
Cameroon,CMR,2015,4.32
Cameroon,CMR,2016,4.33
Cameroon,CMR,2017,5.04
Cameroon,CMR,2018,4.97
Cameroon,CMR,2019,5.03
Cameroon,CMR,2020,5.23
Cameroon,CMR,2021,5.23
Cameroon,CMR,2022,5.23
Cameroon,CMR,2023,5.26
Canada,CAN,2000,356.76
Canada,CAN,2001,331.52
Canada,CAN,2002,349.27
Canada,CAN,2003,336.14
Canada,CAN,2004,338.4
Canada,CAN,2005,361.96
Canada,CAN,2006,352.89
Canada,CAN,2007,367.62
Canada,CAN,2008,377.49
Canada,CAN,2009,368.69
Canada,CAN,2010,351.39
Canada,CAN,2011,375.72
Canada,CAN,2012,380.27
Canada,CAN,2013,391.79
Canada,CAN,2014,382.5
Canada,CAN,2015,382.19
Canada,CAN,2016,385.43
Canada,CAN,2017,394.59
Canada,CAN,2018,385.89
Canada,CAN,2019,381.77
Canada,CAN,2020,386.55
Canada,CAN,2021,382.43
Canada,CAN,2022,397.73
Canada,CAN,2023,364.2
Canada,CAN,2024,346.73
Cape Verde,CPV,2000,0
Cape Verde,CPV,2001,0
Cape Verde,CPV,2002,0
Cape Verde,CPV,2003,0
Cape Verde,CPV,2004,0
Cape Verde,CPV,2005,0
Cape Verde,CPV,2006,0
Cape Verde,CPV,2007,0
Cape Verde,CPV,2008,0
Cape Verde,CPV,2009,0
Cape Verde,CPV,2010,0
Cape Verde,CPV,2011,0
Cape Verde,CPV,2012,0
Cape Verde,CPV,2013,0
Cape Verde,CPV,2014,0
Cape Verde,CPV,2015,0
Cape Verde,CPV,2016,0
Cape Verde,CPV,2017,0
Cape Verde,CPV,2018,0
Cape Verde,CPV,2019,0
Cape Verde,CPV,2020,0
Cape Verde,CPV,2021,0
Cape Verde,CPV,2022,0
Cayman Islands,CYM,2000,0
Cayman Islands,CYM,2001,0
Cayman Islands,CYM,2002,0
Cayman Islands,CYM,2003,0
Cayman Islands,CYM,2004,0
Cayman Islands,CYM,2005,0
Cayman Islands,CYM,2006,0
Cayman Islands,CYM,2007,0
Cayman Islands,CYM,2008,0
Cayman Islands,CYM,2009,0
Cayman Islands,CYM,2010,0
Cayman Islands,CYM,2011,0
Cayman Islands,CYM,2012,0
Cayman Islands,CYM,2013,0
Cayman Islands,CYM,2014,0
Cayman Islands,CYM,2015,0
Cayman Islands,CYM,2016,0
Cayman Islands,CYM,2017,0
Cayman Islands,CYM,2018,0
Cayman Islands,CYM,2019,0
Cayman Islands,CYM,2020,0
Cayman Islands,CYM,2021,0
Cayman Islands,CYM,2022,0
Cayman Islands,CYM,2023,0
Central African Republic,CAF,2000,0.08
Central African Republic,CAF,2001,0.08
Central African Republic,CAF,2002,0.08
Central African Republic,CAF,2003,0.08
Central African Republic,CAF,2004,0.12
Central African Republic,CAF,2005,0.13
Central African Republic,CAF,2006,0.14
Central African Republic,CAF,2007,0.14
Central African Republic,CAF,2008,0.14
Central African Republic,CAF,2009,0.14
Central African Republic,CAF,2010,0.13
Central African Republic,CAF,2011,0.15
Central African Republic,CAF,2012,0.15
Central African Republic,CAF,2013,0.14
Central African Republic,CAF,2014,0.17
Central African Republic,CAF,2015,0.17
Central African Republic,CAF,2016,0.17
Central African Republic,CAF,2017,0.15
Central African Republic,CAF,2018,0.15
Central African Republic,CAF,2019,0.15
Central African Republic,CAF,2020,0.15
Central African Republic,CAF,2021,0.15
Central African Republic,CAF,2022,0.14
Central America (EI),,2000,15.36546
Central America (EI),,2001,13.711556
Central America (EI),,2002,14.461675
Central America (EI),,2003,15.09187
Central America (EI),,2004,16.035534
Central America (EI),,2005,17.165888
Central America (EI),,2006,17.985403
Central America (EI),,2007,17.931458
Central America (EI),,2008,20.063591
Central America (EI),,2009,18.846294
Central America (EI),,2010,21.29564
Central America (EI),,2011,20.971743
Central America (EI),,2012,22.436157
Central America (EI),,2013,21.882591
Central America (EI),,2014,21.564657
Central America (EI),,2015,22.508923
Central America (EI),,2016,22.77873
Central America (EI),,2017,27.113485
Central America (EI),,2018,26.841684
Central America (EI),,2019,21.584106
Central America (EI),,2020,26.934862
Central America (EI),,2021,29.845736
Central America (EI),,2022,31.432276
Central America (EI),,2023,25.3933
Central America (EI),,2024,28.640312
Chad,TCD,2000,0
Chad,TCD,2001,0
Chad,TCD,2002,0
Chad,TCD,2003,0
Chad,TCD,2004,0
Chad,TCD,2005,0
Chad,TCD,2006,0
Chad,TCD,2007,0
Chad,TCD,2008,0
Chad,TCD,2009,0
Chad,TCD,2010,0
Chad,TCD,2011,0
Chad,TCD,2012,0
Chad,TCD,2013,0
Chad,TCD,2014,0
Chad,TCD,2015,0
Chad,TCD,2016,0
Chad,TCD,2017,0
Chad,TCD,2018,0
Chad,TCD,2019,0
Chad,TCD,2020,0
Chad,TCD,2021,0
Chad,TCD,2022,0
Chile,CHL,2000,19.55
Chile,CHL,2001,20.79
Chile,CHL,2002,22.04
Chile,CHL,2003,21.46
Chile,CHL,2004,21.76
Chile,CHL,2005,26.22
Chile,CHL,2006,28.84
Chile,CHL,2007,22.9
Chile,CHL,2008,23.95
Chile,CHL,2009,25.04
Chile,CHL,2010,21.64
Chile,CHL,2011,20.94
Chile,CHL,2012,19.98
Chile,CHL,2013,19.68
Chile,CHL,2014,22.81
Chile,CHL,2015,23.4
Chile,CHL,2016,22.81
Chile,CHL,2017,20.89
Chile,CHL,2018,22.9
Chile,CHL,2019,22.03
Chile,CHL,2020,21.93
Chile,CHL,2021,18.96
Chile,CHL,2022,20.68
Chile,CHL,2023,23.3
Chile,CHL,2024,26.41
China,CHN,2000,222.41
China,CHN,2001,277.43
China,CHN,2002,287.97
China,CHN,2003,283.68
China,CHN,2004,353.54
China,CHN,2005,397.02
China,CHN,2006,435.79
China,CHN,2007,485.26
China,CHN,2008,636.96
China,CHN,2009,615.64
China,CHN,2010,711.38
China,CHN,2011,688.04
China,CHN,2012,862.79
China,CHN,2013,909.61
China,CHN,2014,1059.69
China,CHN,2015,1114.52
China,CHN,2016,1153.27
China,CHN,2017,1165.06
China,CHN,2018,1198.89
China,CHN,2019,1272.54
China,CHN,2020,1321.71
China,CHN,2021,1300
China,CHN,2022,1298.12
China,CHN,2023,1226
China,CHN,2024,1354.43
Colombia,COL,2000,31.75
Colombia,COL,2001,31.48
Colombia,COL,2002,33.63
Colombia,COL,2003,35.81
Colombia,COL,2004,39.68
Colombia,COL,2005,39.4
Colombia,COL,2006,42.31
Colombia,COL,2007,44
Colombia,COL,2008,45.94
Colombia,COL,2009,40.64
Colombia,COL,2010,40
Colombia,COL,2011,48.39
Colombia,COL,2012,47.11
Colombia,COL,2013,49.76
Colombia,COL,2014,47.25
Colombia,COL,2015,47.94
Colombia,COL,2016,48.46
Colombia,COL,2017,60.64
Colombia,COL,2018,58.19
Colombia,COL,2019,52.98
Colombia,COL,2020,48.44
Colombia,COL,2021,60.7
Colombia,COL,2022,58.73
Colombia,COL,2023,56.19
Colombia,COL,2024,50.84
Comoros,COM,2000,0
Comoros,COM,2001,0
Comoros,COM,2002,0
Comoros,COM,2003,0
Comoros,COM,2004,0
Comoros,COM,2005,0
Comoros,COM,2006,0
Comoros,COM,2007,0
Comoros,COM,2008,0
Comoros,COM,2009,0
Comoros,COM,2010,0
Comoros,COM,2011,0
Comoros,COM,2012,0
Comoros,COM,2013,0
Comoros,COM,2014,0
Comoros,COM,2015,0
Comoros,COM,2016,0
Comoros,COM,2017,0
Comoros,COM,2018,0
Comoros,COM,2019,0
Comoros,COM,2020,0
Comoros,COM,2021,0
Comoros,COM,2022,0
Comoros,COM,2023,0
Congo,COG,2000,0.29
Congo,COG,2001,0.33
Congo,COG,2002,0.39
Congo,COG,2003,0.34
Congo,COG,2004,0.33
Congo,COG,2005,0.35
Congo,COG,2006,0.37
Congo,COG,2007,0.33
Congo,COG,2008,0.37
Congo,COG,2009,0.33
Congo,COG,2010,0.43
Congo,COG,2011,0.78
Congo,COG,2012,0.98
Congo,COG,2013,0.96
Congo,COG,2014,0.94
Congo,COG,2015,1.09
Congo,COG,2016,1.12
Congo,COG,2017,1.19
Congo,COG,2018,1.05
Congo,COG,2019,1.05
Congo,COG,2020,1.05
Congo,COG,2021,1.05
Congo,COG,2022,1.05
Congo,COG,2023,1.05
Cook Islands,COK,2000,0
Cook Islands,COK,2001,0
Cook Islands,COK,2002,0
Cook Islands,COK,2003,0
Cook Islands,COK,2004,0
Cook Islands,COK,2005,0
Cook Islands,COK,2006,0
Cook Islands,COK,2007,0
Cook Islands,COK,2008,0
Cook Islands,COK,2009,0
Cook Islands,COK,2010,0
Cook Islands,COK,2011,0
Cook Islands,COK,2012,0
Cook Islands,COK,2013,0
Cook Islands,COK,2014,0
Cook Islands,COK,2015,0
Cook Islands,COK,2016,0
Cook Islands,COK,2017,0
Cook Islands,COK,2018,0
Cook Islands,COK,2019,0
Cook Islands,COK,2020,0
Cook Islands,COK,2021,0
Cook Islands,COK,2022,0
Costa Rica,CRI,2000,5.62
Costa Rica,CRI,2001,5.6
Costa Rica,CRI,2002,5.87
Costa Rica,CRI,2003,5.86
Costa Rica,CRI,2004,6.42
Costa Rica,CRI,2005,6.5
Costa Rica,CRI,2006,6.53
Costa Rica,CRI,2007,6.7
Costa Rica,CRI,2008,7.31
Costa Rica,CRI,2009,7.15
Costa Rica,CRI,2010,7.19
Costa Rica,CRI,2011,7.06
Costa Rica,CRI,2012,7.16
Costa Rica,CRI,2013,6.78
Costa Rica,CRI,2014,6.65
Costa Rica,CRI,2015,7.99
Costa Rica,CRI,2016,7.95
Costa Rica,CRI,2017,8.59
Costa Rica,CRI,2018,8.26
Costa Rica,CRI,2019,7.75
Costa Rica,CRI,2020,8.29
Costa Rica,CRI,2021,9.29
Costa Rica,CRI,2022,9.45
Costa Rica,CRI,2023,8.54
Costa Rica,CRI,2024,8.68
Cote d'Ivoire,CIV,2000,1.75
Cote d'Ivoire,CIV,2001,1.78
Cote d'Ivoire,CIV,2002,1.71
Cote d'Ivoire,CIV,2003,1.81
Cote d'Ivoire,CIV,2004,1.73
Cote d'Ivoire,CIV,2005,1.42
Cote d'Ivoire,CIV,2006,1.5
Cote d'Ivoire,CIV,2007,1.78
Cote d'Ivoire,CIV,2008,1.88
Cote d'Ivoire,CIV,2009,2.11
Cote d'Ivoire,CIV,2010,1.6
Cote d'Ivoire,CIV,2011,1.76
Cote d'Ivoire,CIV,2012,1.77
Cote d'Ivoire,CIV,2013,1.59
Cote d'Ivoire,CIV,2014,1.89
Cote d'Ivoire,CIV,2015,1.34
Cote d'Ivoire,CIV,2016,1.51
Cote d'Ivoire,CIV,2017,2.03
Cote d'Ivoire,CIV,2018,2.93
Cote d'Ivoire,CIV,2019,3.45
Cote d'Ivoire,CIV,2020,3.35
Cote d'Ivoire,CIV,2021,2.61
Cote d'Ivoire,CIV,2022,3.35
Cote d'Ivoire,CIV,2023,3.35
Croatia,HRV,2000,6.45
Croatia,HRV,2001,7.18
Croatia,HRV,2002,5.85
Croatia,HRV,2003,5.46
Croatia,HRV,2004,7.63
Croatia,HRV,2005,7.04
Croatia,HRV,2006,6.62
Croatia,HRV,2007,4.7
Croatia,HRV,2008,5.78
Croatia,HRV,2009,7.41
Croatia,HRV,2010,9.13
Croatia,HRV,2011,5.03
Croatia,HRV,2012,4.84
Croatia,HRV,2013,8.62
Croatia,HRV,2014,9.01
Croatia,HRV,2015,6.39
Croatia,HRV,2016,6.85
Croatia,HRV,2017,5.31
Croatia,HRV,2018,7.7
Croatia,HRV,2019,5.83
Croatia,HRV,2020,5.66
Croatia,HRV,2021,7.13
Croatia,HRV,2022,5.46
Croatia,HRV,2023,8.16
Croatia,HRV,2024,6.79
Cuba,CUB,2000,0.09
Cuba,CUB,2001,0.07
Cuba,CUB,2002,0.1
Cuba,CUB,2003,0.13
Cuba,CUB,2004,0.09
Cuba,CUB,2005,0.07
Cuba,CUB,2006,0.09
Cuba,CUB,2007,0.12
Cuba,CUB,2008,0.14
Cuba,CUB,2009,0.15
Cuba,CUB,2010,0.1
Cuba,CUB,2011,0.1
Cuba,CUB,2012,0.11
Cuba,CUB,2013,0.13
Cuba,CUB,2014,0.1
Cuba,CUB,2015,0.05
Cuba,CUB,2016,0.06
Cuba,CUB,2017,0.08
Cuba,CUB,2018,0.14
Cuba,CUB,2019,0.14
Cuba,CUB,2020,0.11
Cuba,CUB,2021,0.12
Cuba,CUB,2022,0.12
Cuba,CUB,2023,0.12
Cyprus,CYP,2000,0
Cyprus,CYP,2001,0
Cyprus,CYP,2002,0
Cyprus,CYP,2003,0
Cyprus,CYP,2004,0
Cyprus,CYP,2005,0
Cyprus,CYP,2006,0
Cyprus,CYP,2007,0
Cyprus,CYP,2008,0
Cyprus,CYP,2009,0
Cyprus,CYP,2010,0
Cyprus,CYP,2011,0
Cyprus,CYP,2012,0
Cyprus,CYP,2013,0
Cyprus,CYP,2014,0
Cyprus,CYP,2015,0
Cyprus,CYP,2016,0
Cyprus,CYP,2017,0
Cyprus,CYP,2018,0
Cyprus,CYP,2019,0
Cyprus,CYP,2020,0
Cyprus,CYP,2021,0
Cyprus,CYP,2022,0
Cyprus,CYP,2023,0
Cyprus,CYP,2024,0
Czechia,CZE,2000,1.76
Czechia,CZE,2001,2.05
Czechia,CZE,2002,2.49
Czechia,CZE,2003,1.38
Czechia,CZE,2004,2.02
Czechia,CZE,2005,2.38
Czechia,CZE,2006,2.55
Czechia,CZE,2007,2.09
Czechia,CZE,2008,2.02
Czechia,CZE,2009,2.43
Czechia,CZE,2010,2.79
Czechia,CZE,2011,1.96
Czechia,CZE,2012,2.13
Czechia,CZE,2013,2.73
Czechia,CZE,2014,1.91
Czechia,CZE,2015,1.79
Czechia,CZE,2016,2
Czechia,CZE,2017,1.87
Czechia,CZE,2018,1.63
Czechia,CZE,2019,2.01
Czechia,CZE,2020,2.14
Czechia,CZE,2021,2.41
Czechia,CZE,2022,2.09
Czechia,CZE,2023,2.36
Czechia,CZE,2024,2.61
Democratic Republic of Congo,COD,2000,5.94
Democratic Republic of Congo,COD,2001,5.91
Democratic Republic of Congo,COD,2002,6.05
Democratic Republic of Congo,COD,2003,6.1
Democratic Republic of Congo,COD,2004,7.01
Democratic Republic of Congo,COD,2005,7.32
Democratic Republic of Congo,COD,2006,7.45
Democratic Republic of Congo,COD,2007,7.74
Democratic Republic of Congo,COD,2008,7.41
Democratic Republic of Congo,COD,2009,7.72
Democratic Republic of Congo,COD,2010,7.74
Democratic Republic of Congo,COD,2011,7.73
Democratic Republic of Congo,COD,2012,7.51
Democratic Republic of Congo,COD,2013,8.15
Democratic Republic of Congo,COD,2014,8.73
Democratic Republic of Congo,COD,2015,8.83
Democratic Republic of Congo,COD,2016,9.01
Democratic Republic of Congo,COD,2017,9.39
Democratic Republic of Congo,COD,2018,10.43
Democratic Republic of Congo,COD,2019,11.76
Democratic Republic of Congo,COD,2020,12.45
Democratic Republic of Congo,COD,2021,13.13
Democratic Republic of Congo,COD,2022,13.19
Democratic Republic of Congo,COD,2023,13.67
Denmark,DNK,2000,0.03
Denmark,DNK,2001,0.03
Denmark,DNK,2002,0.03
Denmark,DNK,2003,0.02
Denmark,DNK,2004,0.03
Denmark,DNK,2005,0.02
Denmark,DNK,2006,0.02
Denmark,DNK,2007,0.03
Denmark,DNK,2008,0.03
Denmark,DNK,2009,0.02
Denmark,DNK,2010,0.02
Denmark,DNK,2011,0.02
Denmark,DNK,2012,0.02
Denmark,DNK,2013,0.01
Denmark,DNK,2014,0.02
Denmark,DNK,2015,0.02
Denmark,DNK,2016,0.02
Denmark,DNK,2017,0.02
Denmark,DNK,2018,0.01
Denmark,DNK,2019,0.02
Denmark,DNK,2020,0.02
Denmark,DNK,2021,0.02
Denmark,DNK,2022,0.01
Denmark,DNK,2023,0.02
Denmark,DNK,2024,0.02
Djibouti,DJI,2000,0
Djibouti,DJI,2001,0
Djibouti,DJI,2002,0
Djibouti,DJI,2003,0
Djibouti,DJI,2004,0
Djibouti,DJI,2005,0
Djibouti,DJI,2006,0
Djibouti,DJI,2007,0
Djibouti,DJI,2008,0
Djibouti,DJI,2009,0
Djibouti,DJI,2010,0
Djibouti,DJI,2011,0
Djibouti,DJI,2012,0
Djibouti,DJI,2013,0
Djibouti,DJI,2014,0
Djibouti,DJI,2015,0
Djibouti,DJI,2016,0
Djibouti,DJI,2017,0
Djibouti,DJI,2018,0
Djibouti,DJI,2019,0
Djibouti,DJI,2020,0
Djibouti,DJI,2021,0
Djibouti,DJI,2022,0
Djibouti,DJI,2023,0
Dominica,DMA,2000,0.03
Dominica,DMA,2001,0.03
Dominica,DMA,2002,0.03
Dominica,DMA,2003,0.03
Dominica,DMA,2004,0.03
Dominica,DMA,2005,0.03
Dominica,DMA,2006,0.03
Dominica,DMA,2007,0.02
Dominica,DMA,2008,0.02
Dominica,DMA,2009,0.02
Dominica,DMA,2010,0.02
Dominica,DMA,2011,0.04
Dominica,DMA,2012,0.03
Dominica,DMA,2013,0.04
Dominica,DMA,2014,0.03
Dominica,DMA,2015,0.02
Dominica,DMA,2016,0.04
Dominica,DMA,2017,0.03
Dominica,DMA,2018,0.02
Dominica,DMA,2019,0.02
Dominica,DMA,2020,0.02
Dominica,DMA,2021,0.02
Dominica,DMA,2022,0.02
Dominica,DMA,2023,0.02
Dominican Republic,DOM,2000,0.75
Dominican Republic,DOM,2001,0.7
Dominican Republic,DOM,2002,0.87
Dominican Republic,DOM,2003,1.19
Dominican Republic,DOM,2004,1.6
Dominican Republic,DOM,2005,1.91
Dominican Republic,DOM,2006,1.75
Dominican Republic,DOM,2007,1.7
Dominican Republic,DOM,2008,1.38
Dominican Republic,DOM,2009,1.46
Dominican Republic,DOM,2010,1.43
Dominican Republic,DOM,2011,1.53
Dominican Republic,DOM,2012,1.78
Dominican Republic,DOM,2013,1.88
Dominican Republic,DOM,2014,1.32
Dominican Republic,DOM,2015,0.93
Dominican Republic,DOM,2016,1.5
Dominican Republic,DOM,2017,2.17
Dominican Republic,DOM,2018,1.76
Dominican Republic,DOM,2019,1.3
Dominican Republic,DOM,2020,1.29
Dominican Republic,DOM,2021,1.5
Dominican Republic,DOM,2022,1.47
Dominican Republic,DOM,2023,1.47
Dominican Republic,DOM,2024,1.77
EU (Ember),,2000,350.17
EU (Ember),,2001,373.43
EU (Ember),,2002,312.6
EU (Ember),,2003,304.64
EU (Ember),,2004,323.19
EU (Ember),,2005,307.02
EU (Ember),,2006,309.98
EU (Ember),,2007,307.72
EU (Ember),,2008,325.59
EU (Ember),,2009,329
EU (Ember),,2010,371.82
EU (Ember),,2011,307.43
EU (Ember),,2012,331.67
EU (Ember),,2013,368.02
EU (Ember),,2014,370.06
EU (Ember),,2015,336
EU (Ember),,2016,345.6
EU (Ember),,2017,294.34
EU (Ember),,2018,343.84
EU (Ember),,2019,320.29
EU (Ember),,2020,347.16
EU (Ember),,2021,348.47
EU (Ember),,2022,276.15
EU (Ember),,2023,329.86
EU (Ember),,2024,361.69
East Timor,TLS,2003,0
East Timor,TLS,2004,0
East Timor,TLS,2005,0
East Timor,TLS,2006,0
East Timor,TLS,2007,0
East Timor,TLS,2008,0
East Timor,TLS,2009,0
East Timor,TLS,2010,0
East Timor,TLS,2011,0
East Timor,TLS,2012,0
East Timor,TLS,2013,0
East Timor,TLS,2014,0
East Timor,TLS,2015,0
East Timor,TLS,2016,0
East Timor,TLS,2017,0
East Timor,TLS,2018,0
East Timor,TLS,2019,0
East Timor,TLS,2020,0
East Timor,TLS,2021,0
East Timor,TLS,2022,0
East Timor,TLS,2023,0
Eastern Africa (EI),,2000,30.859806
Eastern Africa (EI),,2001,34.96348
Eastern Africa (EI),,2002,38.004414
Eastern Africa (EI),,2003,38.38525
Eastern Africa (EI),,2004,38.9576
Eastern Africa (EI),,2005,40.268776
Eastern Africa (EI),,2006,42.565407
Eastern Africa (EI),,2007,46.39329
Eastern Africa (EI),,2008,45.794067
Eastern Africa (EI),,2009,48.025608
Eastern Africa (EI),,2010,53.982716
Eastern Africa (EI),,2011,55.622524
Eastern Africa (EI),,2012,57.748
Eastern Africa (EI),,2013,61.47442
Eastern Africa (EI),,2014,65.71679
Eastern Africa (EI),,2015,65.00988
Eastern Africa (EI),,2016,61.472843
Eastern Africa (EI),,2017,64.50877
Eastern Africa (EI),,2018,68.3974
Eastern Africa (EI),,2019,68.49026
Eastern Africa (EI),,2020,73.4913
Eastern Africa (EI),,2021,77.14437
Eastern Africa (EI),,2022,80.937706
Eastern Africa (EI),,2023,81.5417
Eastern Africa (EI),,2024,82.436104
Ecuador,ECU,2000,7.53
Ecuador,ECU,2001,7
Ecuador,ECU,2002,7.45
Ecuador,ECU,2003,7.11
Ecuador,ECU,2004,7.34
Ecuador,ECU,2005,6.81
Ecuador,ECU,2006,7.06
Ecuador,ECU,2007,8.95
Ecuador,ECU,2008,11.18
Ecuador,ECU,2009,9.13
Ecuador,ECU,2010,8.55
Ecuador,ECU,2011,11.02
Ecuador,ECU,2012,12.12
Ecuador,ECU,2013,10.93
Ecuador,ECU,2014,11.34
Ecuador,ECU,2015,12.97
Ecuador,ECU,2016,15.68
Ecuador,ECU,2017,19.89
Ecuador,ECU,2018,20.47
Ecuador,ECU,2019,24.66
Ecuador,ECU,2020,24.33
Ecuador,ECU,2021,25.57
Ecuador,ECU,2022,24.64
Ecuador,ECU,2023,25.73
Ecuador,ECU,2024,23.01
Egypt,EGY,2000,14.18
Egypt,EGY,2001,14.41
Egypt,EGY,2002,13.99
Egypt,EGY,2003,12.94
Egypt,EGY,2004,12.83
Egypt,EGY,2005,12.64
Egypt,EGY,2006,12.78
Egypt,EGY,2007,14.22
Egypt,EGY,2008,15.1
Egypt,EGY,2009,13.77
Egypt,EGY,2010,12.95
Egypt,EGY,2011,12.99
Egypt,EGY,2012,13.03
Egypt,EGY,2013,13.24
Egypt,EGY,2014,13.59
Egypt,EGY,2015,13.68
Egypt,EGY,2016,13.2
Egypt,EGY,2017,12.79
Egypt,EGY,2018,12.92
Egypt,EGY,2019,14.08
Egypt,EGY,2020,14.9
Egypt,EGY,2021,13.93
Egypt,EGY,2022,13.29
Egypt,EGY,2023,13.82
Egypt,EGY,2024,14.5
El Salvador,SLV,2000,1.16
El Salvador,SLV,2001,1.15
El Salvador,SLV,2002,1.13
El Salvador,SLV,2003,1.45
El Salvador,SLV,2004,1.37
El Salvador,SLV,2005,1.66
El Salvador,SLV,2006,1.96
El Salvador,SLV,2007,1.73
El Salvador,SLV,2008,2.03
El Salvador,SLV,2009,1.5
El Salvador,SLV,2010,2.08
El Salvador,SLV,2011,2.01
El Salvador,SLV,2012,1.84
El Salvador,SLV,2013,1.79
El Salvador,SLV,2014,1.79
El Salvador,SLV,2015,1.42
El Salvador,SLV,2016,1.34
El Salvador,SLV,2017,1.71
El Salvador,SLV,2018,1.63
El Salvador,SLV,2019,1.53
El Salvador,SLV,2020,2.07
El Salvador,SLV,2021,1.82
El Salvador,SLV,2022,2.26
El Salvador,SLV,2023,2.01
El Salvador,SLV,2024,2.29
Equatorial Guinea,GNQ,2000,0.01
Equatorial Guinea,GNQ,2001,0.01
Equatorial Guinea,GNQ,2002,0.01
Equatorial Guinea,GNQ,2003,0.01
Equatorial Guinea,GNQ,2004,0.01
Equatorial Guinea,GNQ,2005,0.01
Equatorial Guinea,GNQ,2006,0.01
Equatorial Guinea,GNQ,2007,0.01
Equatorial Guinea,GNQ,2008,0.05
Equatorial Guinea,GNQ,2009,0.05
Equatorial Guinea,GNQ,2010,0.03
Equatorial Guinea,GNQ,2011,0.03
Equatorial Guinea,GNQ,2012,0.08
Equatorial Guinea,GNQ,2013,0.25
Equatorial Guinea,GNQ,2014,0.38
Equatorial Guinea,GNQ,2015,0.47
Equatorial Guinea,GNQ,2016,0.47
Equatorial Guinea,GNQ,2017,0.44
Equatorial Guinea,GNQ,2018,0.44
Equatorial Guinea,GNQ,2019,0.45
Equatorial Guinea,GNQ,2020,0.49
Equatorial Guinea,GNQ,2021,0.47
Equatorial Guinea,GNQ,2022,0.48
Equatorial Guinea,GNQ,2023,0.49
Eritrea,ERI,2000,0
Eritrea,ERI,2001,0
Eritrea,ERI,2002,0
Eritrea,ERI,2003,0
Eritrea,ERI,2004,0
Eritrea,ERI,2005,0
Eritrea,ERI,2006,0
Eritrea,ERI,2007,0
Eritrea,ERI,2008,0
Eritrea,ERI,2009,0
Eritrea,ERI,2010,0
Eritrea,ERI,2011,0
Eritrea,ERI,2012,0
Eritrea,ERI,2013,0
Eritrea,ERI,2014,0
Eritrea,ERI,2015,0
Eritrea,ERI,2016,0
Eritrea,ERI,2017,0
Eritrea,ERI,2018,0
Eritrea,ERI,2019,0
Eritrea,ERI,2020,0
Eritrea,ERI,2021,0
Eritrea,ERI,2022,0
Eritrea,ERI,2023,0
Estonia,EST,2000,0
Estonia,EST,2001,0.01
Estonia,EST,2002,0.01
Estonia,EST,2003,0.01
Estonia,EST,2004,0.02
Estonia,EST,2005,0.02
Estonia,EST,2006,0.01
Estonia,EST,2007,0.02
Estonia,EST,2008,0.03
Estonia,EST,2009,0.03
Estonia,EST,2010,0.03
Estonia,EST,2011,0.03
Estonia,EST,2012,0.04
Estonia,EST,2013,0.03
Estonia,EST,2014,0.03
Estonia,EST,2015,0.03
Estonia,EST,2016,0.04
Estonia,EST,2017,0.03
Estonia,EST,2018,0.01
Estonia,EST,2019,0.02
Estonia,EST,2020,0.03
Estonia,EST,2021,0.02
Estonia,EST,2022,0.02
Estonia,EST,2023,0.02
Estonia,EST,2024,0.02
Eswatini,SWZ,2000,0.19
Eswatini,SWZ,2001,0.19
Eswatini,SWZ,2002,0.2
Eswatini,SWZ,2003,0.12
Eswatini,SWZ,2004,0.1
Eswatini,SWZ,2005,0.16
Eswatini,SWZ,2006,0.15
Eswatini,SWZ,2007,0.17
Eswatini,SWZ,2008,0.16
Eswatini,SWZ,2009,0.2
Eswatini,SWZ,2010,0.24
Eswatini,SWZ,2011,0.28
Eswatini,SWZ,2012,0.24
Eswatini,SWZ,2013,0.31
Eswatini,SWZ,2014,0.23
Eswatini,SWZ,2015,0.12
Eswatini,SWZ,2016,0.12
Eswatini,SWZ,2017,0.21
Eswatini,SWZ,2018,0.27
Eswatini,SWZ,2019,0.23
Eswatini,SWZ,2020,0.23
Eswatini,SWZ,2021,0.26
Eswatini,SWZ,2022,0.3
Eswatini,SWZ,2023,0.3
Ethiopia,ETH,2000,1.63
Ethiopia,ETH,2001,1.97
Ethiopia,ETH,2002,2
Ethiopia,ETH,2003,2.26
Ethiopia,ETH,2004,2.5
Ethiopia,ETH,2005,2.81
Ethiopia,ETH,2006,3.23
Ethiopia,ETH,2007,3.35
Ethiopia,ETH,2008,3.26
Ethiopia,ETH,2009,3.49
Ethiopia,ETH,2010,4.88
Ethiopia,ETH,2011,6.2
Ethiopia,ETH,2012,7.31
Ethiopia,ETH,2013,8.26
Ethiopia,ETH,2014,8.92
Ethiopia,ETH,2015,9.58
Ethiopia,ETH,2016,11.64
Ethiopia,ETH,2017,12.55
Ethiopia,ETH,2018,13.65
Ethiopia,ETH,2019,14.4
Ethiopia,ETH,2020,14.94
Ethiopia,ETH,2021,14.91
Ethiopia,ETH,2022,16.77
Ethiopia,ETH,2023,17.62
Europe,,2000,736.73004
Europe,,2001,751.43
Europe,,2002,680.61
Europe,,2003,640.29
Europe,,2004,689.12
Europe,,2005,697.48
Europe,,2006,683.45
Europe,,2007,696.28
Europe,,2008,715.56
Europe,,2009,719.45
Europe,,2010,753.7
Europe,,2011,672.56
Europe,,2012,724.66
Europe,,2013,776.18
Europe,,2014,769.20996
Europe,,2015,730.3
Europe,,2016,762.4
Europe,,2017,705.25
Europe,,2018,768.48
Europe,,2019,728.25
Europe,,2020,789.23
Europe,,2021,804.69
Europe,,2022,686.64
Europe,,2023,768.76
Europe (EI),,2000,617.7163
Europe (EI),,2001,611.96967
Europe (EI),,2002,563.9484
Europe (EI),,2003,530.36487
Europe (EI),,2004,570.9353
Europe (EI),,2005,571.73285
Europe (EI),,2006,562.068
Europe (EI),,2007,563.5391
Europe (EI),,2008,593.2728
Europe (EI),,2009,589.73755
Europe (EI),,2010,650.76245
Europe (EI),,2011,569.6559
Europe (EI),,2012,625.57385
Europe (EI),,2013,661.69525
Europe (EI),,2014,643.9924
Europe (EI),,2015,637.3569
Europe (EI),,2016,653.54596
Europe (EI),,2017,586.4735
Europe (EI),,2018,646.37067
Europe (EI),,2019,628.2303
Europe (EI),,2020,660.8722
Europe (EI),,2021,655.1399
Europe (EI),,2022,565.27185
Europe (EI),,2023,642.6324
Europe (EI),,2024,697.99603
Europe (Ember),,2000,767.61
Europe (Ember),,2001,775.44
Europe (Ember),,2002,714.29
Europe (Ember),,2003,675.62
Europe (Ember),,2004,735.2
Europe (Ember),,2005,737.04
Europe (Ember),,2006,727.69
Europe (Ember),,2007,732.13
Europe (Ember),,2008,748.83
Europe (Ember),,2009,755.41
Europe (Ember),,2010,805.5
Europe (Ember),,2011,724.9
Europe (Ember),,2012,782.52
Europe (Ember),,2013,835.6
Europe (Ember),,2014,809.85
Europe (Ember),,2015,797.45
Europe (Ember),,2016,829.63
Europe (Ember),,2017,763.47
Europe (Ember),,2018,828.23
Europe (Ember),,2019,816.89
Europe (Ember),,2020,867.09
Europe (Ember),,2021,860.2
Europe (Ember),,2022,753.3
Europe (Ember),,2023,832.6
Europe (Ember),,2024,888.5
European Union (27),,2000,350.17
European Union (27),,2001,373.43
European Union (27),,2002,312.6
European Union (27),,2003,304.63998
European Union (27),,2004,323.19
European Union (27),,2005,307.02
European Union (27),,2006,309.98
European Union (27),,2007,307.72
European Union (27),,2008,325.59
European Union (27),,2009,329
European Union (27),,2010,371.82
European Union (27),,2011,307.43
European Union (27),,2012,331.67
European Union (27),,2013,368.02
European Union (27),,2014,370.06
European Union (27),,2015,336
European Union (27),,2016,345.6
European Union (27),,2017,294.34
European Union (27),,2018,343.84
European Union (27),,2019,320.29
European Union (27),,2020,347.16
European Union (27),,2021,348.47
European Union (27),,2022,276.15
European Union (27),,2023,329.86
Falkland Islands,FLK,2000,0
Falkland Islands,FLK,2001,0
Falkland Islands,FLK,2002,0
Falkland Islands,FLK,2003,0
Falkland Islands,FLK,2004,0
Falkland Islands,FLK,2005,0
Falkland Islands,FLK,2006,0
Falkland Islands,FLK,2007,0
Falkland Islands,FLK,2008,0
Falkland Islands,FLK,2009,0
Falkland Islands,FLK,2010,0
Falkland Islands,FLK,2011,0
Falkland Islands,FLK,2012,0
Falkland Islands,FLK,2013,0
Falkland Islands,FLK,2014,0
Falkland Islands,FLK,2015,0
Falkland Islands,FLK,2016,0
Falkland Islands,FLK,2017,0
Falkland Islands,FLK,2018,0
Falkland Islands,FLK,2019,0
Falkland Islands,FLK,2020,0
Falkland Islands,FLK,2021,0
Falkland Islands,FLK,2022,0
Faroe Islands,FRO,2000,0.08
Faroe Islands,FRO,2001,0.08
Faroe Islands,FRO,2002,0.1
Faroe Islands,FRO,2003,0.08
Faroe Islands,FRO,2004,0.09
Faroe Islands,FRO,2005,0.1
Faroe Islands,FRO,2006,0.1
Faroe Islands,FRO,2007,0.1
Faroe Islands,FRO,2008,0.09
Faroe Islands,FRO,2009,0.09
Faroe Islands,FRO,2010,0.07
Faroe Islands,FRO,2011,0.09
Faroe Islands,FRO,2012,0.1
Faroe Islands,FRO,2013,0.09
Faroe Islands,FRO,2014,0.12
Faroe Islands,FRO,2015,0.13
Faroe Islands,FRO,2016,0.1
Faroe Islands,FRO,2017,0.11
Faroe Islands,FRO,2018,0.11
Faroe Islands,FRO,2019,0.1
Faroe Islands,FRO,2020,0.11
Faroe Islands,FRO,2021,0.11
Faroe Islands,FRO,2022,0.13
Fiji,FJI,2000,0.41
Fiji,FJI,2001,0.46
Fiji,FJI,2002,0.45
Fiji,FJI,2003,0.34
Fiji,FJI,2004,0.37
Fiji,FJI,2005,0.34
Fiji,FJI,2006,0.34
Fiji,FJI,2007,0.51
Fiji,FJI,2008,0.5
Fiji,FJI,2009,0.46
Fiji,FJI,2010,0.41
Fiji,FJI,2011,0.45
Fiji,FJI,2012,0.52
Fiji,FJI,2013,0.52
Fiji,FJI,2014,0.4
Fiji,FJI,2015,0.4
Fiji,FJI,2016,0.49
Fiji,FJI,2017,0.49
Fiji,FJI,2018,0.56
Fiji,FJI,2019,0.56
Fiji,FJI,2020,0.56
Fiji,FJI,2021,0.55
Fiji,FJI,2022,0.6
Fiji,FJI,2023,0.6
Finland,FIN,2000,14.66
Finland,FIN,2001,13.2
Finland,FIN,2002,10.78
Finland,FIN,2003,9.59
Finland,FIN,2004,15.07
Finland,FIN,2005,13.78
Finland,FIN,2006,11.49
Finland,FIN,2007,14.18
Finland,FIN,2008,17.11
Finland,FIN,2009,12.69
Finland,FIN,2010,12.92
Finland,FIN,2011,12.45
Finland,FIN,2012,16.86
Finland,FIN,2013,12.84
Finland,FIN,2014,13.4
Finland,FIN,2015,16.77
Finland,FIN,2016,15.8
Finland,FIN,2017,14.77
Finland,FIN,2018,13.3
Finland,FIN,2019,12.42
Finland,FIN,2020,15.88
Finland,FIN,2021,15.79
Finland,FIN,2022,13.49
Finland,FIN,2023,15.2
Finland,FIN,2024,14.3
France,FRA,2000,64.78
France,FRA,2001,72.62
France,FRA,2002,58.88
France,FRA,2003,57.35
France,FRA,2004,58.04
France,FRA,2005,50.14
France,FRA,2006,54.88
France,FRA,2007,55.99
France,FRA,2008,62.16
France,FRA,2009,55.49
France,FRA,2010,61.2
France,FRA,2011,45.74
France,FRA,2012,59.83
France,FRA,2013,71.92
France,FRA,2014,63.77
France,FRA,2015,55.56
France,FRA,2016,60.84
France,FRA,2017,50
France,FRA,2018,65.11
France,FRA,2019,56.91
France,FRA,2020,62.59
France,FRA,2021,59.62
France,FRA,2022,45.52
France,FRA,2023,56.66
France,FRA,2024,69.29
French Guiana,GUF,2000,0.41
French Guiana,GUF,2001,0.42
French Guiana,GUF,2002,0.42
French Guiana,GUF,2003,0.34
French Guiana,GUF,2004,0.42
French Guiana,GUF,2005,0.43
French Guiana,GUF,2006,0.55
French Guiana,GUF,2007,0.5
French Guiana,GUF,2008,0.51
French Guiana,GUF,2009,0.36
French Guiana,GUF,2010,0.47
French Guiana,GUF,2011,0.47
French Guiana,GUF,2012,0.56
French Guiana,GUF,2013,0.49
French Guiana,GUF,2014,0.5
French Guiana,GUF,2015,0.5
French Guiana,GUF,2016,0.44
French Guiana,GUF,2017,0.57
French Guiana,GUF,2018,0.54
French Guiana,GUF,2019,0.41
French Guiana,GUF,2020,0.44
French Guiana,GUF,2021,0.59
French Guiana,GUF,2022,0.6
French Polynesia,PYF,2000,0.12
French Polynesia,PYF,2001,0.1
French Polynesia,PYF,2002,0.13
French Polynesia,PYF,2003,0.15
French Polynesia,PYF,2004,0.18
French Polynesia,PYF,2005,0.18
French Polynesia,PYF,2006,0.2
French Polynesia,PYF,2007,0.22
French Polynesia,PYF,2008,0.21
French Polynesia,PYF,2009,0.21
French Polynesia,PYF,2010,0.27
French Polynesia,PYF,2011,0.22
French Polynesia,PYF,2012,0.2
French Polynesia,PYF,2013,0.15
French Polynesia,PYF,2014,0.17
French Polynesia,PYF,2015,0.17
French Polynesia,PYF,2016,0.18
French Polynesia,PYF,2017,0.18
French Polynesia,PYF,2018,0.16
French Polynesia,PYF,2019,0.16
French Polynesia,PYF,2020,0.16
French Polynesia,PYF,2021,0.14
French Polynesia,PYF,2022,0.19
G20 (Ember),,2000,1958.53
G20 (Ember),,2001,1910.76
G20 (Ember),,2002,1933.27
G20 (Ember),,2003,1938.03
G20 (Ember),,2004,2101.03
G20 (Ember),,2005,2152.42
G20 (Ember),,2006,2253.11
G20 (Ember),,2007,2279.72
G20 (Ember),,2008,2449.76
G20 (Ember),,2009,2454.96
G20 (Ember),,2010,2618.28
G20 (Ember),,2011,2654.83
G20 (Ember),,2012,2776.7
G20 (Ember),,2013,2883
G20 (Ember),,2014,2985.02
G20 (Ember),,2015,2990.87
G20 (Ember),,2016,3090.92
G20 (Ember),,2017,3081.25
G20 (Ember),,2018,3188.71
G20 (Ember),,2019,3269.84
G20 (Ember),,2020,3365.54
G20 (Ember),,2021,3255.68
G20 (Ember),,2022,3276.58
G20 (Ember),,2023,3176.73
G20 (Ember),,2024,3331.14
G7 (Ember),,2000,847.06
G7 (Ember),,2001,767.41
G7 (Ember),,2002,811.77
G7 (Ember),,2003,811.45
G7 (Ember),,2004,815.97
G7 (Ember),,2005,814.05
G7 (Ember),,2006,840.88
G7 (Ember),,2007,797.8
G7 (Ember),,2008,830.55
G7 (Ember),,2009,836.87
G7 (Ember),,2010,831.45
G7 (Ember),,2011,886.06
G7 (Ember),,2012,857.42
G7 (Ember),,2013,887.39
G7 (Ember),,2014,865.2
G7 (Ember),,2015,838.33
G7 (Ember),,2016,855.18
G7 (Ember),,2017,879.9
G7 (Ember),,2018,890.54
G7 (Ember),,2019,867.19
G7 (Ember),,2020,880.56
G7 (Ember),,2021,838.6
G7 (Ember),,2022,818.54
G7 (Ember),,2023,799.97
G7 (Ember),,2024,810.07
Gabon,GAB,2000,0.8
Gabon,GAB,2001,0.87
Gabon,GAB,2002,0.91
Gabon,GAB,2003,0.89
Gabon,GAB,2004,0.88
Gabon,GAB,2005,0.8
Gabon,GAB,2006,0.94
Gabon,GAB,2007,0.79
Gabon,GAB,2008,0.88
Gabon,GAB,2009,0.94
Gabon,GAB,2010,0.9
Gabon,GAB,2011,0.83
Gabon,GAB,2012,0.9
Gabon,GAB,2013,0.93
Gabon,GAB,2014,0.79
Gabon,GAB,2015,0.91
Gabon,GAB,2016,0.82
Gabon,GAB,2017,0.93
Gabon,GAB,2018,1.3
Gabon,GAB,2019,1.31
Gabon,GAB,2020,1.42
Gabon,GAB,2021,1.37
Gabon,GAB,2022,1.52
Gabon,GAB,2023,1.52
Gambia,GMB,2000,0
Gambia,GMB,2001,0
Gambia,GMB,2002,0
Gambia,GMB,2003,0
Gambia,GMB,2004,0
Gambia,GMB,2005,0
Gambia,GMB,2006,0
Gambia,GMB,2007,0
Gambia,GMB,2008,0
Gambia,GMB,2009,0
Gambia,GMB,2010,0
Gambia,GMB,2011,0
Gambia,GMB,2012,0
Gambia,GMB,2013,0
Gambia,GMB,2014,0
Gambia,GMB,2015,0
Gambia,GMB,2016,0
Gambia,GMB,2017,0
Gambia,GMB,2018,0
Gambia,GMB,2019,0
Gambia,GMB,2020,0
Gambia,GMB,2021,0
Gambia,GMB,2022,0
Gambia,GMB,2023,0
Georgia,GEO,2000,5.8
Georgia,GEO,2001,5.49
Georgia,GEO,2002,6.7
Georgia,GEO,2003,6.46
Georgia,GEO,2004,5.99
Georgia,GEO,2005,6.17
Georgia,GEO,2006,5.26
Georgia,GEO,2007,6.75
Georgia,GEO,2008,7.09
Georgia,GEO,2009,7.34
Georgia,GEO,2010,9.27
Georgia,GEO,2011,7.81
Georgia,GEO,2012,7.15
Georgia,GEO,2013,8.19
Georgia,GEO,2014,8.25
Georgia,GEO,2015,8.37
Georgia,GEO,2016,9.24
Georgia,GEO,2017,9.12
Georgia,GEO,2018,9.85
Georgia,GEO,2019,8.93
Georgia,GEO,2020,8.25
Georgia,GEO,2021,10.18
Georgia,GEO,2022,10.77
Georgia,GEO,2023,10.86
Georgia,GEO,2024,11.34
Germany,DEU,2000,21.73
Germany,DEU,2001,22.73
Germany,DEU,2002,23.12
Germany,DEU,2003,18.32
Germany,DEU,2004,20.75
Germany,DEU,2005,19.64
Germany,DEU,2006,20.03
Germany,DEU,2007,21.17
Germany,DEU,2008,20.44
Germany,DEU,2009,19.03
Germany,DEU,2010,20.95
Germany,DEU,2011,17.67
Germany,DEU,2012,21.75
Germany,DEU,2013,23
Germany,DEU,2014,19.59
Germany,DEU,2015,18.98
Germany,DEU,2016,20.55
Germany,DEU,2017,20.15
Germany,DEU,2018,17.69
Germany,DEU,2019,19.73
Germany,DEU,2020,18.72
Germany,DEU,2021,19.66
Germany,DEU,2022,17.62
Germany,DEU,2023,19.89
Germany,DEU,2024,23.41
Ghana,GHA,2000,6.54
Ghana,GHA,2001,6.54
Ghana,GHA,2002,4.99
Ghana,GHA,2003,3.85
Ghana,GHA,2004,5.23
Ghana,GHA,2005,5.57
Ghana,GHA,2006,5.56
Ghana,GHA,2007,3.69
Ghana,GHA,2008,6.13
Ghana,GHA,2009,6.81
Ghana,GHA,2010,6.93
Ghana,GHA,2011,7.49
Ghana,GHA,2012,7.99
Ghana,GHA,2013,8.15
Ghana,GHA,2014,8.3
Ghana,GHA,2015,5.79
Ghana,GHA,2016,5.51
Ghana,GHA,2017,5.62
Ghana,GHA,2018,6.02
Ghana,GHA,2019,7.25
Ghana,GHA,2020,7.29
Ghana,GHA,2021,7.53
Ghana,GHA,2022,8.19
Ghana,GHA,2023,9.19
Gibraltar,GIB,2000,0
Gibraltar,GIB,2001,0
Gibraltar,GIB,2002,0
Gibraltar,GIB,2003,0
Gibraltar,GIB,2004,0
Gibraltar,GIB,2005,0
Gibraltar,GIB,2006,0
Gibraltar,GIB,2007,0
Gibraltar,GIB,2008,0
Gibraltar,GIB,2009,0
Gibraltar,GIB,2010,0
Gibraltar,GIB,2011,0
Gibraltar,GIB,2012,0
Gibraltar,GIB,2013,0
Gibraltar,GIB,2014,0
Gibraltar,GIB,2015,0
Gibraltar,GIB,2016,0
Gibraltar,GIB,2017,0
Gibraltar,GIB,2018,0
Gibraltar,GIB,2019,0
Gibraltar,GIB,2020,0
Gibraltar,GIB,2021,0
Gibraltar,GIB,2022,0
Gibraltar,GIB,2023,0
Greece,GRC,2000,3.69
Greece,GRC,2001,2.1
Greece,GRC,2002,2.8
Greece,GRC,2003,4.77
Greece,GRC,2004,4.67
Greece,GRC,2005,5.02
Greece,GRC,2006,5.86
Greece,GRC,2007,2.59
Greece,GRC,2008,3.31
Greece,GRC,2009,5.35
Greece,GRC,2010,7.47
Greece,GRC,2011,4.01
Greece,GRC,2012,4.39
Greece,GRC,2013,6.35
Greece,GRC,2014,4.48
Greece,GRC,2015,6.1
Greece,GRC,2016,5.54
Greece,GRC,2017,3.96
Greece,GRC,2018,5.74
Greece,GRC,2019,4
Greece,GRC,2020,3.34
Greece,GRC,2021,5.9
Greece,GRC,2022,3.86
Greece,GRC,2023,3.82
Greece,GRC,2024,3.08
Greenland,GRL,2000,0.17
Greenland,GRL,2001,0.16
Greenland,GRL,2002,0.18
Greenland,GRL,2003,0.18
Greenland,GRL,2004,0.19
Greenland,GRL,2005,0.2
Greenland,GRL,2006,0.2
Greenland,GRL,2007,0.2
Greenland,GRL,2008,0.2
Greenland,GRL,2009,0.26
Greenland,GRL,2010,0.29
Greenland,GRL,2011,0.34
Greenland,GRL,2012,0.34
Greenland,GRL,2013,0.37
Greenland,GRL,2014,0.39
Greenland,GRL,2015,0.42
Greenland,GRL,2016,0.4
Greenland,GRL,2017,0.38
Greenland,GRL,2018,0.42
Greenland,GRL,2019,0.41
Greenland,GRL,2020,0.43
Greenland,GRL,2021,0.43
Greenland,GRL,2022,0.47
Grenada,GRD,2000,0
Grenada,GRD,2001,0
Grenada,GRD,2002,0
Grenada,GRD,2003,0
Grenada,GRD,2004,0
Grenada,GRD,2005,0
Grenada,GRD,2006,0
Grenada,GRD,2007,0
Grenada,GRD,2008,0
Grenada,GRD,2009,0
Grenada,GRD,2010,0
Grenada,GRD,2011,0
Grenada,GRD,2012,0
Grenada,GRD,2013,0
Grenada,GRD,2014,0
Grenada,GRD,2015,0
Grenada,GRD,2016,0
Grenada,GRD,2017,0
Grenada,GRD,2018,0
Grenada,GRD,2019,0
Grenada,GRD,2020,0
Grenada,GRD,2021,0
Grenada,GRD,2022,0
Guadeloupe,GLP,2000,0.01
Guadeloupe,GLP,2001,0.01
Guadeloupe,GLP,2002,0.02
Guadeloupe,GLP,2003,0.02
Guadeloupe,GLP,2004,0.03
Guadeloupe,GLP,2005,0.02
Guadeloupe,GLP,2006,0.02
Guadeloupe,GLP,2007,0.02
Guadeloupe,GLP,2008,0.02
Guadeloupe,GLP,2009,0.02
Guadeloupe,GLP,2010,0.02
Guadeloupe,GLP,2011,0.01
Guadeloupe,GLP,2012,0.01
Guadeloupe,GLP,2013,0.02
Guadeloupe,GLP,2014,0.03
Guadeloupe,GLP,2015,0.02
Guadeloupe,GLP,2016,0.03
Guadeloupe,GLP,2017,0.04
Guadeloupe,GLP,2018,0.04
Guadeloupe,GLP,2019,0.04
Guadeloupe,GLP,2020,0.03
Guadeloupe,GLP,2021,0.01
Guadeloupe,GLP,2022,0.01
Guam,GUM,2000,0
Guam,GUM,2001,0
Guam,GUM,2002,0
Guam,GUM,2003,0
Guam,GUM,2004,0
Guam,GUM,2005,0
Guam,GUM,2006,0
Guam,GUM,2007,0
Guam,GUM,2008,0
Guam,GUM,2009,0
Guam,GUM,2010,0
Guam,GUM,2011,0
Guam,GUM,2012,0
Guam,GUM,2013,0
Guam,GUM,2014,0
Guam,GUM,2015,0
Guam,GUM,2016,0
Guam,GUM,2017,0
Guam,GUM,2018,0
Guam,GUM,2019,0
Guam,GUM,2020,0
Guam,GUM,2021,0
Guam,GUM,2022,0
Guatemala,GTM,2000,2.5
Guatemala,GTM,2001,2.18
Guatemala,GTM,2002,1.93
Guatemala,GTM,2003,2.65
Guatemala,GTM,2004,2.54
Guatemala,GTM,2005,2.91
Guatemala,GTM,2006,3.27
Guatemala,GTM,2007,3
Guatemala,GTM,2008,3.64
Guatemala,GTM,2009,2.91
Guatemala,GTM,2010,3.81
Guatemala,GTM,2011,4.13
Guatemala,GTM,2012,4.46
Guatemala,GTM,2013,4.65
Guatemala,GTM,2014,4.84
Guatemala,GTM,2015,3.87
Guatemala,GTM,2016,3.99
Guatemala,GTM,2017,5.81
Guatemala,GTM,2018,5.31
Guatemala,GTM,2019,4.47
Guatemala,GTM,2020,5.78
Guatemala,GTM,2021,6.66
Guatemala,GTM,2022,7.04
Guatemala,GTM,2023,5.65
Guinea,GIN,2000,0.41
Guinea,GIN,2001,0.55
Guinea,GIN,2002,0.59
Guinea,GIN,2003,0.4
Guinea,GIN,2004,0.55
Guinea,GIN,2005,0.49
Guinea,GIN,2006,0.46
Guinea,GIN,2007,0.53
Guinea,GIN,2008,0.52
Guinea,GIN,2009,0.52
Guinea,GIN,2010,0.48
Guinea,GIN,2011,0.41
Guinea,GIN,2012,0.49
Guinea,GIN,2013,0.48
Guinea,GIN,2014,0.42
Guinea,GIN,2015,0.88
Guinea,GIN,2016,1.08
Guinea,GIN,2017,1.21
Guinea,GIN,2018,1.19
Guinea,GIN,2019,1.29
Guinea,GIN,2020,1.49
Guinea,GIN,2021,2.64
Guinea,GIN,2022,2.95
Guinea,GIN,2023,3
Guinea-Bissau,GNB,2000,0
Guinea-Bissau,GNB,2001,0
Guinea-Bissau,GNB,2002,0
Guinea-Bissau,GNB,2003,0
Guinea-Bissau,GNB,2004,0
Guinea-Bissau,GNB,2005,0
Guinea-Bissau,GNB,2006,0
Guinea-Bissau,GNB,2007,0
Guinea-Bissau,GNB,2008,0
Guinea-Bissau,GNB,2009,0
Guinea-Bissau,GNB,2010,0
Guinea-Bissau,GNB,2011,0
Guinea-Bissau,GNB,2012,0
Guinea-Bissau,GNB,2013,0
Guinea-Bissau,GNB,2014,0
Guinea-Bissau,GNB,2015,0
Guinea-Bissau,GNB,2016,0
Guinea-Bissau,GNB,2017,0
Guinea-Bissau,GNB,2018,0
Guinea-Bissau,GNB,2019,0
Guinea-Bissau,GNB,2020,0
Guinea-Bissau,GNB,2021,0
Guinea-Bissau,GNB,2022,0
Guyana,GUY,2000,0
Guyana,GUY,2001,0
Guyana,GUY,2002,0
Guyana,GUY,2003,0
Guyana,GUY,2004,0
Guyana,GUY,2005,0
Guyana,GUY,2006,0
Guyana,GUY,2007,0
Guyana,GUY,2008,0
Guyana,GUY,2009,0
Guyana,GUY,2010,0
Guyana,GUY,2011,0
Guyana,GUY,2012,0
Guyana,GUY,2013,0
Guyana,GUY,2014,0
Guyana,GUY,2015,0
Guyana,GUY,2016,0
Guyana,GUY,2017,0
Guyana,GUY,2018,0
Guyana,GUY,2019,0
Guyana,GUY,2020,0
Guyana,GUY,2021,0
Guyana,GUY,2022,0
Guyana,GUY,2023,0
Haiti,HTI,2000,0.28
Haiti,HTI,2001,0.28
Haiti,HTI,2002,0.26
Haiti,HTI,2003,0.25
Haiti,HTI,2004,0.26
Haiti,HTI,2005,0.26
Haiti,HTI,2006,0.27
Haiti,HTI,2007,0.15
Haiti,HTI,2008,0.18
Haiti,HTI,2009,0.2
Haiti,HTI,2010,0.17
Haiti,HTI,2011,0.12
Haiti,HTI,2012,0.22
Haiti,HTI,2013,0.14
Haiti,HTI,2014,0.09
Haiti,HTI,2015,0.08
Haiti,HTI,2016,0.07
Haiti,HTI,2017,0.13
Haiti,HTI,2018,0.19
Haiti,HTI,2019,0.17
Haiti,HTI,2020,0.14
Haiti,HTI,2021,0.13
Haiti,HTI,2022,0.19
High-income countries,,2000,1501.81
High-income countries,,2001,1425.2
High-income countries,,2002,1425.3099
High-income countries,,2003,1394.07
High-income countries,,2004,1431.59
High-income countries,,2005,1452.54
High-income countries,,2006,1459.63
High-income countries,,2007,1437.21
High-income countries,,2008,1466.77
High-income countries,,2009,1475.41
High-income countries,,2010,1490.87
High-income countries,,2011,1505.64
High-income countries,,2012,1510.64
High-income countries,,2013,1561.31
High-income countries,,2014,1544.13
High-income countries,,2015,1503.88
High-income countries,,2016,1551.33
High-income countries,,2017,1535.99
High-income countries,,2018,1579.43
High-income countries,,2019,1527.63
High-income countries,,2020,1592.42
High-income countries,,2021,1561.52
High-income countries,,2022,1470.74
High-income countries,,2023,1492.29
Honduras,HND,2000,2.24
Honduras,HND,2001,1.88
Honduras,HND,2002,1.6
Honduras,HND,2003,1.72
Honduras,HND,2004,1.39
Honduras,HND,2005,1.7
Honduras,HND,2006,2.05
Honduras,HND,2007,2.19
Honduras,HND,2008,2.27
Honduras,HND,2009,2.77
Honduras,HND,2010,3.05
Honduras,HND,2011,2.79
Honduras,HND,2012,2.76
Honduras,HND,2013,2.71
Honduras,HND,2014,2.58
Honduras,HND,2015,2.32
Honduras,HND,2016,2.25
Honduras,HND,2017,2.97
Honduras,HND,2018,3.15
Honduras,HND,2019,2.43
Honduras,HND,2020,2.7
Honduras,HND,2021,3.77
Honduras,HND,2022,3.88
Honduras,HND,2023,3.88
Hong Kong,HKG,2000,0
Hong Kong,HKG,2001,0
Hong Kong,HKG,2002,0
Hong Kong,HKG,2003,0
Hong Kong,HKG,2004,0
Hong Kong,HKG,2005,0
Hong Kong,HKG,2006,0
Hong Kong,HKG,2007,0
Hong Kong,HKG,2008,0
Hong Kong,HKG,2009,0
Hong Kong,HKG,2010,0
Hong Kong,HKG,2011,0
Hong Kong,HKG,2012,0
Hong Kong,HKG,2013,0
Hong Kong,HKG,2014,0
Hong Kong,HKG,2015,0
Hong Kong,HKG,2016,0
Hong Kong,HKG,2017,0
Hong Kong,HKG,2018,0
Hong Kong,HKG,2019,0
Hong Kong,HKG,2020,0
Hong Kong,HKG,2021,0
Hong Kong,HKG,2022,0
Hong Kong,HKG,2023,0
Hong Kong,HKG,2024,0
Hungary,HUN,2000,0.18
Hungary,HUN,2001,0.19
Hungary,HUN,2002,0.19
Hungary,HUN,2003,0.17
Hungary,HUN,2004,0.2
Hungary,HUN,2005,0.2
Hungary,HUN,2006,0.19
Hungary,HUN,2007,0.21
Hungary,HUN,2008,0.21
Hungary,HUN,2009,0.23
Hungary,HUN,2010,0.19
Hungary,HUN,2011,0.22
Hungary,HUN,2012,0.21
Hungary,HUN,2013,0.21
Hungary,HUN,2014,0.3
Hungary,HUN,2015,0.23
Hungary,HUN,2016,0.26
Hungary,HUN,2017,0.22
Hungary,HUN,2018,0.22
Hungary,HUN,2019,0.22
Hungary,HUN,2020,0.24
Hungary,HUN,2021,0.21
Hungary,HUN,2022,0.18
Hungary,HUN,2023,0.22
Hungary,HUN,2024,0.23
Iceland,ISL,2000,6.29
Iceland,ISL,2001,6.51
Iceland,ISL,2002,6.91
Iceland,ISL,2003,7.02
Iceland,ISL,2004,7.06
Iceland,ISL,2005,6.95
Iceland,ISL,2006,7.22
Iceland,ISL,2007,8.31
Iceland,ISL,2008,12.3
Iceland,ISL,2009,12.16
Iceland,ISL,2010,12.51
Iceland,ISL,2011,12.38
Iceland,ISL,2012,12.21
Iceland,ISL,2013,12.75
Iceland,ISL,2014,12.55
Iceland,ISL,2015,13.54
Iceland,ISL,2016,13.09
Iceland,ISL,2017,13.89
Iceland,ISL,2018,13.68
Iceland,ISL,2019,13.33
Iceland,ISL,2020,12.92
Iceland,ISL,2021,13.58
Iceland,ISL,2022,13.94
Iceland,ISL,2023,14.1
Iceland,ISL,2024,13.58024
India,IND,2000,76.99
India,IND,2001,72.02
India,IND,2002,68.54
India,IND,2003,69.3
India,IND,2004,100.64
India,IND,2005,97.42
India,IND,2006,112.62
India,IND,2007,122.61
India,IND,2008,115.17
India,IND,2009,106.34
India,IND,2010,108.74
India,IND,2011,131.7
India,IND,2012,115.78
India,IND,2013,131.98
India,IND,2014,139
India,IND,2015,133.28
India,IND,2016,128.38
India,IND,2017,135.82
India,IND,2018,139.75
India,IND,2019,162.07
India,IND,2020,163.7
India,IND,2021,160.34
India,IND,2022,174.94
India,IND,2023,149.17
India,IND,2024,156.21
Indonesia,IDN,2000,10.02
Indonesia,IDN,2001,11.65
Indonesia,IDN,2002,9.93
Indonesia,IDN,2003,9.1
Indonesia,IDN,2004,9.67
Indonesia,IDN,2005,10.73
Indonesia,IDN,2006,9.62
Indonesia,IDN,2007,11.29
Indonesia,IDN,2008,11.53
Indonesia,IDN,2009,11.38
Indonesia,IDN,2010,17.46
Indonesia,IDN,2011,12.42
Indonesia,IDN,2012,12.8
Indonesia,IDN,2013,16.92
Indonesia,IDN,2014,15.16
Indonesia,IDN,2015,13.74
Indonesia,IDN,2016,18.68
Indonesia,IDN,2017,18.63
Indonesia,IDN,2018,21.64
Indonesia,IDN,2019,21.16
Indonesia,IDN,2020,24.33
Indonesia,IDN,2021,24.7
Indonesia,IDN,2022,27.3
Indonesia,IDN,2023,24.59
Indonesia,IDN,2024,26.486706
Iran,IRN,2000,3.78
Iran,IRN,2001,4.12
Iran,IRN,2002,8.01
Iran,IRN,2003,9.59
Iran,IRN,2004,11.93
Iran,IRN,2005,14.45
Iran,IRN,2006,18.51
Iran,IRN,2007,17.96
Iran,IRN,2008,7.44
Iran,IRN,2009,6.72
Iran,IRN,2010,10.25
Iran,IRN,2011,10.68
Iran,IRN,2012,12.5
Iran,IRN,2013,14.62
Iran,IRN,2014,14.5
Iran,IRN,2015,13.25
Iran,IRN,2016,15.42
Iran,IRN,2017,17.23
Iran,IRN,2018,9.84
Iran,IRN,2019,33.87
Iran,IRN,2020,23.2
Iran,IRN,2021,13.83
Iran,IRN,2022,14
Iran,IRN,2023,22.65
Iran,IRN,2024,21.8
Iraq,IRQ,2000,0.61
Iraq,IRQ,2001,0.62
Iraq,IRQ,2002,0.52
Iraq,IRQ,2003,0.43
Iraq,IRQ,2004,0.49
Iraq,IRQ,2005,6
Iraq,IRQ,2006,6.1
Iraq,IRQ,2007,5.74
Iraq,IRQ,2008,3.48
Iraq,IRQ,2009,3.23
Iraq,IRQ,2010,4.77
Iraq,IRQ,2011,3.4
Iraq,IRQ,2012,4.39
Iraq,IRQ,2013,4.76
Iraq,IRQ,2014,2.93
Iraq,IRQ,2015,2.55
Iraq,IRQ,2016,3.37
Iraq,IRQ,2017,2.18
Iraq,IRQ,2018,1.82
Iraq,IRQ,2019,4.96
Iraq,IRQ,2020,4.16
Iraq,IRQ,2021,3.35
Iraq,IRQ,2022,2.65
Iraq,IRQ,2023,1.38
Iraq,IRQ,2024,1.386788
Ireland,IRL,2000,0.85
Ireland,IRL,2001,0.6
Ireland,IRL,2002,0.91
Ireland,IRL,2003,0.6
Ireland,IRL,2004,0.63
Ireland,IRL,2005,0.63
Ireland,IRL,2006,0.72
Ireland,IRL,2007,0.67
Ireland,IRL,2008,0.97
Ireland,IRL,2009,0.9
Ireland,IRL,2010,0.6
Ireland,IRL,2011,0.71
Ireland,IRL,2012,0.8
Ireland,IRL,2013,0.6
Ireland,IRL,2014,0.71
Ireland,IRL,2015,0.81
Ireland,IRL,2016,0.68
Ireland,IRL,2017,0.69
Ireland,IRL,2018,0.69
Ireland,IRL,2019,0.89
Ireland,IRL,2020,0.93
Ireland,IRL,2021,0.75
Ireland,IRL,2022,0.7
Ireland,IRL,2023,0.94
Ireland,IRL,2024,0.76
Israel,ISR,2000,0.03
Israel,ISR,2001,0.01
Israel,ISR,2002,0.02
Israel,ISR,2003,0.03
Israel,ISR,2004,0.03
Israel,ISR,2005,0.03
Israel,ISR,2006,0.01
Israel,ISR,2007,0.01
Israel,ISR,2008,0.02
Israel,ISR,2009,0.02
Israel,ISR,2010,0.03
Israel,ISR,2011,0.03
Israel,ISR,2012,0.03
Israel,ISR,2013,0.03
Israel,ISR,2014,0.01
Israel,ISR,2015,0.02
Israel,ISR,2016,0
Israel,ISR,2017,0
Israel,ISR,2018,0
Israel,ISR,2019,0
Israel,ISR,2020,0.02
Israel,ISR,2021,0.02
Israel,ISR,2022,0.02
Israel,ISR,2023,0
Israel,ISR,2024,0.023295654
Italy,ITA,2000,44.2
Italy,ITA,2001,46.81
Italy,ITA,2002,39.52
Italy,ITA,2003,36.67
Italy,ITA,2004,42.34
Italy,ITA,2005,36.07
Italy,ITA,2006,36.99
Italy,ITA,2007,32.82
Italy,ITA,2008,41.62
Italy,ITA,2009,49.14
Italy,ITA,2010,51.12
Italy,ITA,2011,45.82
Italy,ITA,2012,41.87
Italy,ITA,2013,52.77
Italy,ITA,2014,58.55
Italy,ITA,2015,45.54
Italy,ITA,2016,42.43
Italy,ITA,2017,36.2
Italy,ITA,2018,48.79
Italy,ITA,2019,46.32
Italy,ITA,2020,47.55
Italy,ITA,2021,45.39
Italy,ITA,2022,28.4
Italy,ITA,2023,40.52
Italy,ITA,2024,50.78
Jamaica,JAM,2000,0.11
Jamaica,JAM,2001,0.06
Jamaica,JAM,2002,0.09
Jamaica,JAM,2003,0.12
Jamaica,JAM,2004,0.13
Jamaica,JAM,2005,0.15
Jamaica,JAM,2006,0.16
Jamaica,JAM,2007,0.16
Jamaica,JAM,2008,0.16
Jamaica,JAM,2009,0.14
Jamaica,JAM,2010,0.15
Jamaica,JAM,2011,0.15
Jamaica,JAM,2012,0.15
Jamaica,JAM,2013,0.12
Jamaica,JAM,2014,0.14
Jamaica,JAM,2015,0.13
Jamaica,JAM,2016,0.12
Jamaica,JAM,2017,0.15
Jamaica,JAM,2018,0.18
Jamaica,JAM,2019,0.16
Jamaica,JAM,2020,0.14
Jamaica,JAM,2021,0.14
Jamaica,JAM,2022,0.12
Japan,JPN,2000,84.47
Japan,JPN,2001,81.54
Japan,JPN,2002,80.6
Japan,JPN,2003,92.47
Japan,JPN,2004,91.67
Japan,JPN,2005,77.56
Japan,JPN,2006,88.81
Japan,JPN,2007,74.51
Japan,JPN,2008,75.16
Japan,JPN,2009,70.47
Japan,JPN,2010,88.5
Japan,JPN,2011,82.49
Japan,JPN,2012,77.1
Japan,JPN,2013,79.33
Japan,JPN,2014,81.71
Japan,JPN,2015,85.77
Japan,JPN,2016,79.43
Japan,JPN,2017,79.24
Japan,JPN,2018,81
Japan,JPN,2019,73.92
Japan,JPN,2020,78.33
Japan,JPN,2021,79.63
Japan,JPN,2022,74.87
Japan,JPN,2023,74.5
Japan,JPN,2024,78.02
Jordan,JOR,2000,0.04
Jordan,JOR,2001,0.04
Jordan,JOR,2002,0.05
Jordan,JOR,2003,0.04
Jordan,JOR,2004,0.05
Jordan,JOR,2005,0.06
Jordan,JOR,2006,0.05
Jordan,JOR,2007,0.06
Jordan,JOR,2008,0.06
Jordan,JOR,2009,0.06
Jordan,JOR,2010,0.06
Jordan,JOR,2011,0.05
Jordan,JOR,2012,0.06
Jordan,JOR,2013,0.05
Jordan,JOR,2014,0.06
Jordan,JOR,2015,0.05
Jordan,JOR,2016,0.04
Jordan,JOR,2017,0.04
Jordan,JOR,2018,0.02
Jordan,JOR,2019,0.02
Jordan,JOR,2020,0.02
Jordan,JOR,2021,0.02
Jordan,JOR,2022,0.02
Kazakhstan,KAZ,2000,7.53
Kazakhstan,KAZ,2001,8.08
Kazakhstan,KAZ,2002,8.89
Kazakhstan,KAZ,2003,8.62
Kazakhstan,KAZ,2004,8.06
Kazakhstan,KAZ,2005,7.86
Kazakhstan,KAZ,2006,7.77
Kazakhstan,KAZ,2007,8.17
Kazakhstan,KAZ,2008,7.46
Kazakhstan,KAZ,2009,6.88
Kazakhstan,KAZ,2010,8.02
Kazakhstan,KAZ,2011,7.88
Kazakhstan,KAZ,2012,7.64
Kazakhstan,KAZ,2013,7.73
Kazakhstan,KAZ,2014,8.26
Kazakhstan,KAZ,2015,9.27
Kazakhstan,KAZ,2016,11.62
Kazakhstan,KAZ,2017,11.21
Kazakhstan,KAZ,2018,10.38
Kazakhstan,KAZ,2019,9.99
Kazakhstan,KAZ,2020,9.66
Kazakhstan,KAZ,2021,9.21
Kazakhstan,KAZ,2022,9.2
Kazakhstan,KAZ,2023,8.79
Kazakhstan,KAZ,2024,11.28
Kenya,KEN,2000,1.31
Kenya,KEN,2001,2.38
Kenya,KEN,2002,3.09
Kenya,KEN,2003,3.23
Kenya,KEN,2004,2.84
Kenya,KEN,2005,3
Kenya,KEN,2006,3.24
Kenya,KEN,2007,3.45
Kenya,KEN,2008,2.82
Kenya,KEN,2009,2.15
Kenya,KEN,2010,3.39
Kenya,KEN,2011,3.42
Kenya,KEN,2012,4.26
Kenya,KEN,2013,3.91
Kenya,KEN,2014,3.28
Kenya,KEN,2015,3.75
Kenya,KEN,2016,3.31
Kenya,KEN,2017,3.17
Kenya,KEN,2018,3.99
Kenya,KEN,2019,3.21
Kenya,KEN,2020,4.23
Kenya,KEN,2021,3.67
Kenya,KEN,2022,3.04
Kenya,KEN,2023,2.67
Kenya,KEN,2024,3.61
Kiribati,KIR,2000,0
Kiribati,KIR,2001,0
Kiribati,KIR,2002,0
Kiribati,KIR,2003,0
Kiribati,KIR,2004,0
Kiribati,KIR,2005,0
Kiribati,KIR,2006,0
Kiribati,KIR,2007,0
Kiribati,KIR,2008,0
Kiribati,KIR,2009,0
Kiribati,KIR,2010,0
Kiribati,KIR,2011,0
Kiribati,KIR,2012,0
Kiribati,KIR,2013,0
Kiribati,KIR,2014,0
Kiribati,KIR,2015,0
Kiribati,KIR,2016,0
Kiribati,KIR,2017,0
Kiribati,KIR,2018,0
Kiribati,KIR,2019,0
Kiribati,KIR,2020,0
Kiribati,KIR,2021,0
Kiribati,KIR,2022,0
Kosovo,OWID_KOS,2000,0.05
Kosovo,OWID_KOS,2001,0.05
Kosovo,OWID_KOS,2002,0.05
Kosovo,OWID_KOS,2003,0.05
Kosovo,OWID_KOS,2004,0.11
Kosovo,OWID_KOS,2005,0.11
Kosovo,OWID_KOS,2006,0.1
Kosovo,OWID_KOS,2007,0.09
Kosovo,OWID_KOS,2008,0.08
Kosovo,OWID_KOS,2009,0.12
Kosovo,OWID_KOS,2010,0.16
Kosovo,OWID_KOS,2011,0.1
Kosovo,OWID_KOS,2012,0.1
Kosovo,OWID_KOS,2013,0.14
Kosovo,OWID_KOS,2014,0.15
Kosovo,OWID_KOS,2015,0.14
Kosovo,OWID_KOS,2016,0.25
Kosovo,OWID_KOS,2017,0.18
Kosovo,OWID_KOS,2018,0.27
Kosovo,OWID_KOS,2019,0.21
Kosovo,OWID_KOS,2020,0.26
Kosovo,OWID_KOS,2021,0.3
Kosovo,OWID_KOS,2022,0.3
Kosovo,OWID_KOS,2023,0.39
Kosovo,OWID_KOS,2024,0.22
Kuwait,KWT,2000,0
Kuwait,KWT,2001,0
Kuwait,KWT,2002,0
Kuwait,KWT,2003,0
Kuwait,KWT,2004,0
Kuwait,KWT,2005,0
Kuwait,KWT,2006,0
Kuwait,KWT,2007,0
Kuwait,KWT,2008,0
Kuwait,KWT,2009,0
Kuwait,KWT,2010,0
Kuwait,KWT,2011,0
Kuwait,KWT,2012,0
Kuwait,KWT,2013,0
Kuwait,KWT,2014,0
Kuwait,KWT,2015,0
Kuwait,KWT,2016,0
Kuwait,KWT,2017,0
Kuwait,KWT,2018,0
Kuwait,KWT,2019,0
Kuwait,KWT,2020,0
Kuwait,KWT,2021,0
Kuwait,KWT,2022,0
Kuwait,KWT,2023,0
Kuwait,KWT,2024,0
Kyrgyzstan,KGZ,2000,13.55
Kyrgyzstan,KGZ,2001,12.31
Kyrgyzstan,KGZ,2002,10.68
Kyrgyzstan,KGZ,2003,13.38
Kyrgyzstan,KGZ,2004,13.95
Kyrgyzstan,KGZ,2005,12.66
Kyrgyzstan,KGZ,2006,12.35
Kyrgyzstan,KGZ,2007,12.61
Kyrgyzstan,KGZ,2008,10.02
Kyrgyzstan,KGZ,2009,10.11
Kyrgyzstan,KGZ,2010,11
Kyrgyzstan,KGZ,2011,14
Kyrgyzstan,KGZ,2012,14.04
Kyrgyzstan,KGZ,2013,13
Kyrgyzstan,KGZ,2014,13.16
Kyrgyzstan,KGZ,2015,10.99
Kyrgyzstan,KGZ,2016,11.38
Kyrgyzstan,KGZ,2017,14.06
Kyrgyzstan,KGZ,2018,14.17
Kyrgyzstan,KGZ,2019,13.71
Kyrgyzstan,KGZ,2020,13.98
Kyrgyzstan,KGZ,2021,12.96
Kyrgyzstan,KGZ,2022,11.9
Kyrgyzstan,KGZ,2023,11.76
Kyrgyzstan,KGZ,2024,14.17
Laos,LAO,2000,3.28
Laos,LAO,2001,3.3
Laos,LAO,2002,3.21
Laos,LAO,2003,2.83
Laos,LAO,2004,3
Laos,LAO,2005,3.51
Laos,LAO,2006,3.6
Laos,LAO,2007,3.37
Laos,LAO,2008,3.72
Laos,LAO,2009,3.37
Laos,LAO,2010,8.36
Laos,LAO,2011,12.84
Laos,LAO,2012,12.93
Laos,LAO,2013,15.35
Laos,LAO,2014,15.12
Laos,LAO,2015,13.9
Laos,LAO,2016,17.53
Laos,LAO,2017,20.1
Laos,LAO,2018,22.33
Laos,LAO,2019,19.74
Laos,LAO,2020,28.51
Laos,LAO,2021,32.9
Laos,LAO,2022,38.74
Laos,LAO,2023,40
Latin America and Caribbean (Ember),,2000,584.24
Latin America and Caribbean (Ember),,2001,542.88
Latin America and Caribbean (Ember),,2002,564.32
Latin America and Caribbean (Ember),,2003,582.78
Latin America and Caribbean (Ember),,2004,611.02
Latin America and Caribbean (Ember),,2005,647.77
Latin America and Caribbean (Ember),,2006,678.01
Latin America and Caribbean (Ember),,2007,696.59
Latin America and Caribbean (Ember),,2008,712.58
Latin America and Caribbean (Ember),,2009,716.97
Latin America and Caribbean (Ember),,2010,730.32
Latin America and Caribbean (Ember),,2011,772.23
Latin America and Caribbean (Ember),,2012,752.94
Latin America and Caribbean (Ember),,2013,734.59
Latin America and Caribbean (Ember),,2014,704.2
Latin America and Caribbean (Ember),,2015,697
Latin America and Caribbean (Ember),,2016,713.94
Latin America and Caribbean (Ember),,2017,725.01
Latin America and Caribbean (Ember),,2018,743.08
Latin America and Caribbean (Ember),,2019,715.61
Latin America and Caribbean (Ember),,2020,718.19
Latin America and Caribbean (Ember),,2021,703.28
Latin America and Caribbean (Ember),,2022,771.25
Latin America and Caribbean (Ember),,2023,759.34
Latin America and Caribbean (Ember),,2024,747.51
Latvia,LVA,2000,2.82
Latvia,LVA,2001,2.83
Latvia,LVA,2002,2.46
Latvia,LVA,2003,2.27
Latvia,LVA,2004,3.11
Latvia,LVA,2005,3.33
Latvia,LVA,2006,2.7
Latvia,LVA,2007,2.73
Latvia,LVA,2008,3.11
Latvia,LVA,2009,3.46
Latvia,LVA,2010,3.52
Latvia,LVA,2011,2.89
Latvia,LVA,2012,3.71
Latvia,LVA,2013,2.91
Latvia,LVA,2014,1.99
Latvia,LVA,2015,1.86
Latvia,LVA,2016,2.53
Latvia,LVA,2017,4.38
Latvia,LVA,2018,2.43
Latvia,LVA,2019,2.11
Latvia,LVA,2020,2.6
Latvia,LVA,2021,2.71
Latvia,LVA,2022,2.75
Latvia,LVA,2023,3.79
Latvia,LVA,2024,3.24
Lebanon,LBN,2000,0.44
Lebanon,LBN,2001,0.33
Lebanon,LBN,2002,0.67
Lebanon,LBN,2003,1.35
Lebanon,LBN,2004,1.11
Lebanon,LBN,2005,1.04
Lebanon,LBN,2006,0.69
Lebanon,LBN,2007,0.58
Lebanon,LBN,2008,0.37
Lebanon,LBN,2009,0.62
Lebanon,LBN,2010,0.83
Lebanon,LBN,2011,0.8
Lebanon,LBN,2012,1
Lebanon,LBN,2013,1.26
Lebanon,LBN,2014,0.19
Lebanon,LBN,2015,0.47
Lebanon,LBN,2016,0.38
Lebanon,LBN,2017,0.41
Lebanon,LBN,2018,0.34
Lebanon,LBN,2019,0.96
Lebanon,LBN,2020,1.05
Lebanon,LBN,2021,0.61
Lebanon,LBN,2022,0.69
Lebanon,LBN,2023,0.7
Lesotho,LSO,2000,0.29
Lesotho,LSO,2001,0.28
Lesotho,LSO,2002,0.31
Lesotho,LSO,2003,0.32
Lesotho,LSO,2004,0.3
Lesotho,LSO,2005,0.46
Lesotho,LSO,2006,0.52
Lesotho,LSO,2007,0.55
Lesotho,LSO,2008,0.58
Lesotho,LSO,2009,0.65
Lesotho,LSO,2010,0.69
Lesotho,LSO,2011,0.49
Lesotho,LSO,2012,0.49
Lesotho,LSO,2013,0.51
Lesotho,LSO,2014,0.52
Lesotho,LSO,2015,0.53
Lesotho,LSO,2016,0.52
Lesotho,LSO,2017,0.54
Lesotho,LSO,2018,0.52
Lesotho,LSO,2019,0.39
Lesotho,LSO,2020,0.43
Lesotho,LSO,2021,0.53
Lesotho,LSO,2022,0.48
Liberia,LBR,2000,0
Liberia,LBR,2001,0
Liberia,LBR,2002,0
Liberia,LBR,2003,0
Liberia,LBR,2004,0
Liberia,LBR,2005,0
Liberia,LBR,2006,0
Liberia,LBR,2007,0
Liberia,LBR,2008,0
Liberia,LBR,2009,0
Liberia,LBR,2010,0
Liberia,LBR,2011,0
Liberia,LBR,2012,0
Liberia,LBR,2013,0
Liberia,LBR,2014,0
Liberia,LBR,2015,0
Liberia,LBR,2016,0
Liberia,LBR,2017,0
Liberia,LBR,2018,0.13
Liberia,LBR,2019,0.13
Liberia,LBR,2020,0.13
Liberia,LBR,2021,0.13
Liberia,LBR,2022,0.13
Liberia,LBR,2023,0.13
Libya,LBY,2000,0
Libya,LBY,2001,0
Libya,LBY,2002,0
Libya,LBY,2003,0
Libya,LBY,2004,0
Libya,LBY,2005,0
Libya,LBY,2006,0
Libya,LBY,2007,0
Libya,LBY,2008,0
Libya,LBY,2009,0
Libya,LBY,2010,0
Libya,LBY,2011,0
Libya,LBY,2012,0
Libya,LBY,2013,0
Libya,LBY,2014,0
Libya,LBY,2015,0
Libya,LBY,2016,0
Libya,LBY,2017,0
Libya,LBY,2018,0
Libya,LBY,2019,0
Libya,LBY,2020,0
Libya,LBY,2021,0
Libya,LBY,2022,0
Libya,LBY,2023,0
Lithuania,LTU,2000,0.34
Lithuania,LTU,2001,0.33
Lithuania,LTU,2002,0.35
Lithuania,LTU,2003,0.32
Lithuania,LTU,2004,0.42
Lithuania,LTU,2005,0.45
Lithuania,LTU,2006,0.4
Lithuania,LTU,2007,0.42
Lithuania,LTU,2008,0.4
Lithuania,LTU,2009,0.42
Lithuania,LTU,2010,0.54
Lithuania,LTU,2011,0.48
Lithuania,LTU,2012,0.42
Lithuania,LTU,2013,0.52
Lithuania,LTU,2014,0.4
Lithuania,LTU,2015,0.35
Lithuania,LTU,2016,0.45
Lithuania,LTU,2017,0.6
Lithuania,LTU,2018,0.43
Lithuania,LTU,2019,0.35
Lithuania,LTU,2020,0.3
Lithuania,LTU,2021,0.38
Lithuania,LTU,2022,0.46
Lithuania,LTU,2023,0.45
Lithuania,LTU,2024,0.43
Low-income countries,,2000,35.77
Low-income countries,,2001,38.99
Low-income countries,,2002,39.41
Low-income countries,,2003,39.52
Low-income countries,,2004,43.8
Low-income countries,,2005,47.170002
Low-income countries,,2006,47.82
Low-income countries,,2007,50.36
Low-income countries,,2008,49.48
Low-income countries,,2009,51.190002
Low-income countries,,2010,57.76
Low-income countries,,2011,59.39
Low-income countries,,2012,60.34
Low-income countries,,2013,64.24
Low-income countries,,2014,66.77
Low-income countries,,2015,63.11
Low-income countries,,2016,67.6
Low-income countries,,2017,67.54
Low-income countries,,2018,70.7
Low-income countries,,2019,73.59
Low-income countries,,2020,78.11
Low-income countries,,2021,82.08
Low-income countries,,2022,86.58
Lower-middle-income countries,,2000,216.58
Lower-middle-income countries,,2001,218.34999
Lower-middle-income countries,,2002,222.31
Lower-middle-income countries,,2003,236.42
Lower-middle-income countries,,2004,266.66
Lower-middle-income countries,,2005,271.39
Lower-middle-income countries,,2006,291.6
Lower-middle-income countries,,2007,302.07
Lower-middle-income countries,,2008,299.8
Lower-middle-income countries,,2009,297.85
Lower-middle-income countries,,2010,316.73
Lower-middle-income countries,,2011,355.27
Lower-middle-income countries,,2012,358.2
Lower-middle-income countries,,2013,387.97
Lower-middle-income countries,,2014,396.41
Lower-middle-income countries,,2015,384.9
Lower-middle-income countries,,2016,385.65
Lower-middle-income countries,,2017,426.09
Lower-middle-income countries,,2018,440.92
Lower-middle-income countries,,2019,450.15002
Lower-middle-income countries,,2020,469.06
Lower-middle-income countries,,2021,489.56
Lower-middle-income countries,,2022,531.60004
Lower-middle-income countries,,2023,483.24
Luxembourg,LUX,2000,0.12
Luxembourg,LUX,2001,0.12
Luxembourg,LUX,2002,0.1
Luxembourg,LUX,2003,0.08
Luxembourg,LUX,2004,0.1
Luxembourg,LUX,2005,0.09
Luxembourg,LUX,2006,0.11
Luxembourg,LUX,2007,0.12
Luxembourg,LUX,2008,0.13
Luxembourg,LUX,2009,0.11
Luxembourg,LUX,2010,0.11
Luxembourg,LUX,2011,0.06
Luxembourg,LUX,2012,0.1
Luxembourg,LUX,2013,0.12
Luxembourg,LUX,2014,0.11
Luxembourg,LUX,2015,0.1
Luxembourg,LUX,2016,0.12
Luxembourg,LUX,2017,0.09
Luxembourg,LUX,2018,0.09
Luxembourg,LUX,2019,0.11
Luxembourg,LUX,2020,0.09
Luxembourg,LUX,2021,0.11
Luxembourg,LUX,2022,0.06
Luxembourg,LUX,2023,0.09
Luxembourg,LUX,2024,0.14
Macao,MAC,2000,0
Macao,MAC,2001,0
Macao,MAC,2002,0
Macao,MAC,2003,0
Macao,MAC,2004,0
Macao,MAC,2005,0
Macao,MAC,2006,0
Macao,MAC,2007,0
Macao,MAC,2008,0
Macao,MAC,2009,0
Macao,MAC,2010,0
Macao,MAC,2011,0
Macao,MAC,2012,0
Macao,MAC,2013,0
Macao,MAC,2014,0
Macao,MAC,2015,0
Macao,MAC,2016,0
Macao,MAC,2017,0
Macao,MAC,2018,0
Macao,MAC,2019,0
Macao,MAC,2020,0
Macao,MAC,2021,0
Macao,MAC,2022,0
Madagascar,MDG,2000,0.54
Madagascar,MDG,2001,0.53
Madagascar,MDG,2002,0.54
Madagascar,MDG,2003,0.6
Madagascar,MDG,2004,0.63
Madagascar,MDG,2005,0.64
Madagascar,MDG,2006,0.63
Madagascar,MDG,2007,0.71
Madagascar,MDG,2008,0.69
Madagascar,MDG,2009,0.73
Madagascar,MDG,2010,0.7
Madagascar,MDG,2011,0.68
Madagascar,MDG,2012,0.75
Madagascar,MDG,2013,0.8
Madagascar,MDG,2014,0.88
Madagascar,MDG,2015,0.93
Madagascar,MDG,2016,0.88
Madagascar,MDG,2017,0.78
Madagascar,MDG,2018,0.96
Madagascar,MDG,2019,0.89
Madagascar,MDG,2020,0.82
Madagascar,MDG,2021,0.77
Madagascar,MDG,2022,0.82
Malawi,MWI,2000,1.02
Malawi,MWI,2001,1.04
Malawi,MWI,2002,1.09
Malawi,MWI,2003,1.14
Malawi,MWI,2004,1.26
Malawi,MWI,2005,1.31
Malawi,MWI,2006,1.34
Malawi,MWI,2007,1.37
Malawi,MWI,2008,1.52
Malawi,MWI,2009,1.49
Malawi,MWI,2010,1.74
Malawi,MWI,2011,1.79
Malawi,MWI,2012,1.86
Malawi,MWI,2013,1.86
Malawi,MWI,2014,1.97
Malawi,MWI,2015,1.96
Malawi,MWI,2016,1.94
Malawi,MWI,2017,1.82
Malawi,MWI,2018,1.42
Malawi,MWI,2019,1.67
Malawi,MWI,2020,1.68
Malawi,MWI,2021,1.69
Malawi,MWI,2022,1.69
Malaysia,MYS,2000,6.99
Malaysia,MYS,2001,6.07
Malaysia,MYS,2002,5.41
Malaysia,MYS,2003,5.09
Malaysia,MYS,2004,5.57
Malaysia,MYS,2005,6.01
Malaysia,MYS,2006,6.32
Malaysia,MYS,2007,5.96
Malaysia,MYS,2008,7.81
Malaysia,MYS,2009,6.89
Malaysia,MYS,2010,6.36
Malaysia,MYS,2011,8.06
Malaysia,MYS,2012,9.25
Malaysia,MYS,2013,11.8
Malaysia,MYS,2014,13.39
Malaysia,MYS,2015,13.92
Malaysia,MYS,2016,20.02
Malaysia,MYS,2017,26.85
Malaysia,MYS,2018,26.33
Malaysia,MYS,2019,26.2
Malaysia,MYS,2020,27.3
Malaysia,MYS,2021,30.2
Malaysia,MYS,2022,31.78
Malaysia,MYS,2023,31.51
Malaysia,MYS,2024,33.41
Maldives,MDV,2000,0
Maldives,MDV,2001,0
Maldives,MDV,2002,0
Maldives,MDV,2003,0
Maldives,MDV,2004,0
Maldives,MDV,2005,0
Maldives,MDV,2006,0
Maldives,MDV,2007,0
Maldives,MDV,2008,0
Maldives,MDV,2009,0
Maldives,MDV,2010,0
Maldives,MDV,2011,0
Maldives,MDV,2012,0
Maldives,MDV,2013,0
Maldives,MDV,2014,0
Maldives,MDV,2015,0
Maldives,MDV,2016,0
Maldives,MDV,2017,0
Maldives,MDV,2018,0
Maldives,MDV,2019,0
Maldives,MDV,2020,0
Maldives,MDV,2021,0
Maldives,MDV,2022,0
Maldives,MDV,2023,0
Mali,MLI,2000,0.23
Mali,MLI,2001,0.23
Mali,MLI,2002,0.24
Mali,MLI,2003,0.23
Mali,MLI,2004,0.25
Mali,MLI,2005,0.45
Mali,MLI,2006,0.48
Mali,MLI,2007,0.47
Mali,MLI,2008,0.57
Mali,MLI,2009,0.67
Mali,MLI,2010,1.1
Mali,MLI,2011,1.15
Mali,MLI,2012,1.24
Mali,MLI,2013,1.11
Mali,MLI,2014,1.38
Mali,MLI,2015,1.12
Mali,MLI,2016,1.48
Mali,MLI,2017,1.48
Mali,MLI,2018,1.36
Mali,MLI,2019,1.37
Mali,MLI,2020,1.44
Mali,MLI,2021,1.33
Mali,MLI,2022,1.64
Mali,MLI,2023,1.64
Malta,MLT,2000,0
Malta,MLT,2001,0
Malta,MLT,2002,0
Malta,MLT,2003,0
Malta,MLT,2004,0
Malta,MLT,2005,0
Malta,MLT,2006,0
Malta,MLT,2007,0
Malta,MLT,2008,0
Malta,MLT,2009,0
Malta,MLT,2010,0
Malta,MLT,2011,0
Malta,MLT,2012,0
Malta,MLT,2013,0
Malta,MLT,2014,0
Malta,MLT,2015,0
Malta,MLT,2016,0
Malta,MLT,2017,0
Malta,MLT,2018,0
Malta,MLT,2019,0
Malta,MLT,2020,0
Malta,MLT,2021,0
Malta,MLT,2022,0
Malta,MLT,2023,0
Malta,MLT,2024,0
Martinique,MTQ,2019,0
Martinique,MTQ,2020,0
Martinique,MTQ,2021,0
Martinique,MTQ,2022,0
Mauritania,MRT,2000,0.03
Mauritania,MRT,2001,0.03
Mauritania,MRT,2002,0.03
Mauritania,MRT,2003,0.04
Mauritania,MRT,2004,0.04
Mauritania,MRT,2005,0.05
Mauritania,MRT,2006,0.05
Mauritania,MRT,2007,0.05
Mauritania,MRT,2008,0.06
Mauritania,MRT,2009,0.11
Mauritania,MRT,2010,0.12
Mauritania,MRT,2011,0.13
Mauritania,MRT,2012,0.14
Mauritania,MRT,2013,0.17
Mauritania,MRT,2014,0.18
Mauritania,MRT,2015,0.19
Mauritania,MRT,2016,0.13
Mauritania,MRT,2017,0.17
Mauritania,MRT,2018,0.19
Mauritania,MRT,2019,0.2
Mauritania,MRT,2020,0.21
Mauritania,MRT,2021,0.21
Mauritania,MRT,2022,0.21
Mauritius,MUS,2000,0.09
Mauritius,MUS,2001,0.07
Mauritius,MUS,2002,0.09
Mauritius,MUS,2003,0.12
Mauritius,MUS,2004,0.12
Mauritius,MUS,2005,0.11
Mauritius,MUS,2006,0.08
Mauritius,MUS,2007,0.08
Mauritius,MUS,2008,0.11
Mauritius,MUS,2009,0.12
Mauritius,MUS,2010,0.1
Mauritius,MUS,2011,0.05
Mauritius,MUS,2012,0.07
Mauritius,MUS,2013,0.09
Mauritius,MUS,2014,0.09
Mauritius,MUS,2015,0.12
Mauritius,MUS,2016,0.1
Mauritius,MUS,2017,0.09
Mauritius,MUS,2018,0.12
Mauritius,MUS,2019,0.1
Mauritius,MUS,2020,0.12
Mauritius,MUS,2021,0.11
Mauritius,MUS,2022,0.13
Mauritius,MUS,2023,0.09
Mexico,MEX,2000,33.07
Mexico,MEX,2001,28.44
Mexico,MEX,2002,24.86
Mexico,MEX,2003,19.85
Mexico,MEX,2004,25.18
Mexico,MEX,2005,27.71
Mexico,MEX,2006,30.45
Mexico,MEX,2007,27.34
Mexico,MEX,2008,39.22
Mexico,MEX,2009,26.72
Mexico,MEX,2010,37.2
Mexico,MEX,2011,36.27
Mexico,MEX,2012,31.85
Mexico,MEX,2013,27.96
Mexico,MEX,2014,38.89
Mexico,MEX,2015,30.89
Mexico,MEX,2016,30.03
Mexico,MEX,2017,30.88
Mexico,MEX,2018,32.23
Mexico,MEX,2019,23.6
Mexico,MEX,2020,26.82
Mexico,MEX,2021,34.72
Mexico,MEX,2022,35.56
Mexico,MEX,2023,20.4
Mexico,MEX,2024,23.59
Middle Africa (EI),,2000,11.410404
Middle Africa (EI),,2001,11.66425
Middle Africa (EI),,2002,11.775807
Middle Africa (EI),,2003,12.189966
Middle Africa (EI),,2004,14.085593
Middle Africa (EI),,2005,14.495443
Middle Africa (EI),,2006,15.682515
Middle Africa (EI),,2007,15.16084
Middle Africa (EI),,2008,16.219486
Middle Africa (EI),,2009,16.159369
Middle Africa (EI),,2010,16.836414
Middle Africa (EI),,2011,17.127369
Middle Africa (EI),,2012,16.929146
Middle Africa (EI),,2013,19.459368
Middle Africa (EI),,2014,21.017534
Middle Africa (EI),,2015,21.21535
Middle Africa (EI),,2016,22.27576
Middle Africa (EI),,2017,25.19645
Middle Africa (EI),,2018,28.354702
Middle Africa (EI),,2019,29.882095
Middle Africa (EI),,2020,32.807884
Middle Africa (EI),,2021,34.52831
Middle Africa (EI),,2022,35.550255
Middle Africa (EI),,2023,38.38138
Middle Africa (EI),,2024,39.29045
Middle East (EI),,2000,10.722177
Middle East (EI),,2001,11.617796
Middle East (EI),,2002,16.823881
Middle East (EI),,2003,18.484583
Middle East (EI),,2004,23.082361
Middle East (EI),,2005,23.918102
Middle East (EI),,2006,28.254223
Middle East (EI),,2007,26.705812
Middle East (EI),,2008,13.690433
Middle East (EI),,2009,12.116322
Middle East (EI),,2010,17.390324
Middle East (EI),,2011,18.255754
Middle East (EI),,2012,21.407372
Middle East (EI),,2013,23.509758
Middle East (EI),,2014,19.94348
Middle East (EI),,2015,16.767385
Middle East (EI),,2016,20.17076
Middle East (EI),,2017,20.639414
Middle East (EI),,2018,12.803039
Middle East (EI),,2019,40.587723
Middle East (EI),,2020,29.00745
Middle East (EI),,2021,18.581226
Middle East (EI),,2022,18.146112
Middle East (EI),,2023,25.53375
Middle East (EI),,2024,21.791903
Middle East (Ember),,2000,8.13
Middle East (Ember),,2001,8.53
Middle East (Ember),,2002,11.72
Middle East (Ember),,2003,14.2
Middle East (Ember),,2004,17.79
Middle East (Ember),,2005,25.9
Middle East (Ember),,2006,29.3
Middle East (Ember),,2007,27.83
Middle East (Ember),,2008,14.24
Middle East (Ember),,2009,12.52
Middle East (Ember),,2010,18.53
Middle East (Ember),,2011,17.96
Middle East (Ember),,2012,20.94
Middle East (Ember),,2013,23.72
Middle East (Ember),,2014,20.03
Middle East (Ember),,2015,16.75
Middle East (Ember),,2016,20.14
Middle East (Ember),,2017,20.61
Middle East (Ember),,2018,12.77
Middle East (Ember),,2019,40.56
Middle East (Ember),,2020,29.2
Middle East (Ember),,2021,18.58
Middle East (Ember),,2022,18.13
Middle East (Ember),,2023,25.5
Middle East (Ember),,2024,25.29
Moldova,MDA,2000,0.39
Moldova,MDA,2001,0.36
Moldova,MDA,2002,0.35
Moldova,MDA,2003,0.36
Moldova,MDA,2004,0.35
Moldova,MDA,2005,0.36
Moldova,MDA,2006,0.37
Moldova,MDA,2007,0.35
Moldova,MDA,2008,0.38
Moldova,MDA,2009,0.35
Moldova,MDA,2010,0.4
Moldova,MDA,2011,0.35
Moldova,MDA,2012,0.27
Moldova,MDA,2013,0.31
Moldova,MDA,2014,0.32
Moldova,MDA,2015,0.26
Moldova,MDA,2016,0.23
Moldova,MDA,2017,0.28
Moldova,MDA,2018,0.27
Moldova,MDA,2019,0.3
Moldova,MDA,2020,0.28
Moldova,MDA,2021,0.32
Moldova,MDA,2022,0.29
Moldova,MDA,2023,0.32
Moldova,MDA,2024,0.24
Mongolia,MNG,2000,0
Mongolia,MNG,2001,0
Mongolia,MNG,2002,0
Mongolia,MNG,2003,0
Mongolia,MNG,2004,0
Mongolia,MNG,2005,0
Mongolia,MNG,2006,0
Mongolia,MNG,2007,0
Mongolia,MNG,2008,0
Mongolia,MNG,2009,0.02
Mongolia,MNG,2010,0.04
Mongolia,MNG,2011,0.05
Mongolia,MNG,2012,0.05
Mongolia,MNG,2013,0.06
Mongolia,MNG,2014,0.07
Mongolia,MNG,2015,0.06
Mongolia,MNG,2016,0.09
Mongolia,MNG,2017,0.08
Mongolia,MNG,2018,0.08
Mongolia,MNG,2019,0.09
Mongolia,MNG,2020,0.08
Mongolia,MNG,2021,0.08
Mongolia,MNG,2022,0.06
Mongolia,MNG,2023,0.06
Mongolia,MNG,2024,0.06
Montenegro,MNE,2005,1.87
Montenegro,MNE,2006,1.75
Montenegro,MNE,2007,1.28
Montenegro,MNE,2008,1.54
Montenegro,MNE,2009,2.07
Montenegro,MNE,2010,2.75
Montenegro,MNE,2011,1.2
Montenegro,MNE,2012,1.48
Montenegro,MNE,2013,2.5
Montenegro,MNE,2014,1.75
Montenegro,MNE,2015,1.49
Montenegro,MNE,2016,1.84
Montenegro,MNE,2017,1.02
Montenegro,MNE,2018,2.11
Montenegro,MNE,2019,1.63
Montenegro,MNE,2020,1.45
Montenegro,MNE,2021,2.01
Montenegro,MNE,2022,1.44
Montenegro,MNE,2023,2.22
Montenegro,MNE,2024,1.85
Montserrat,MSR,2000,0
Montserrat,MSR,2001,0
Montserrat,MSR,2002,0
Montserrat,MSR,2003,0
Montserrat,MSR,2004,0
Montserrat,MSR,2005,0
Montserrat,MSR,2006,0
Montserrat,MSR,2007,0
Montserrat,MSR,2008,0
Montserrat,MSR,2009,0
Montserrat,MSR,2010,0
Montserrat,MSR,2011,0
Montserrat,MSR,2012,0
Montserrat,MSR,2013,0
Montserrat,MSR,2014,0
Montserrat,MSR,2015,0
Montserrat,MSR,2016,0
Montserrat,MSR,2017,0
Montserrat,MSR,2018,0
Montserrat,MSR,2019,0
Montserrat,MSR,2020,0
Montserrat,MSR,2021,0
Montserrat,MSR,2022,0
Morocco,MAR,2000,0.71
Morocco,MAR,2001,0.86
Morocco,MAR,2002,0.84
Morocco,MAR,2003,1.44
Morocco,MAR,2004,1.59
Morocco,MAR,2005,1.43
Morocco,MAR,2006,1.6
Morocco,MAR,2007,1.33
Morocco,MAR,2008,1.37
Morocco,MAR,2009,2.95
Morocco,MAR,2010,3.63
Morocco,MAR,2011,2.14
Morocco,MAR,2012,1.82
Morocco,MAR,2013,2.99
Morocco,MAR,2014,2.03
Morocco,MAR,2015,2.28
Morocco,MAR,2016,1.66
Morocco,MAR,2017,1.57
Morocco,MAR,2018,2
Morocco,MAR,2019,1.65
Morocco,MAR,2020,1.29
Morocco,MAR,2021,1.21
Morocco,MAR,2022,0.68
Morocco,MAR,2023,0.52
Morocco,MAR,2024,0.67
Mozambique,MOZ,2000,9.56
Mozambique,MOZ,2001,11.72
Mozambique,MOZ,2002,12.55
Mozambique,MOZ,2003,10.76
Mozambique,MOZ,2004,11.55
Mozambique,MOZ,2005,13.13
Mozambique,MOZ,2006,14.57
Mozambique,MOZ,2007,15.9
Mozambique,MOZ,2008,14.96
Mozambique,MOZ,2009,16.78
Mozambique,MOZ,2010,16.65
Mozambique,MOZ,2011,16.48
Mozambique,MOZ,2012,14.86
Mozambique,MOZ,2013,14.66
Mozambique,MOZ,2014,16.18
Mozambique,MOZ,2015,17.09
Mozambique,MOZ,2016,15.6
Mozambique,MOZ,2017,14.06
Mozambique,MOZ,2018,13.9
Mozambique,MOZ,2019,14.93
Mozambique,MOZ,2020,15.7
Mozambique,MOZ,2021,15.47
Mozambique,MOZ,2022,16.17
Mozambique,MOZ,2023,16.17
Myanmar,MMR,2000,1.87
Myanmar,MMR,2001,1.8
Myanmar,MMR,2002,2.11
Myanmar,MMR,2003,2.08
Myanmar,MMR,2004,2.41
Myanmar,MMR,2005,3
Myanmar,MMR,2006,3.33
Myanmar,MMR,2007,3.62
Myanmar,MMR,2008,4.07
Myanmar,MMR,2009,5.26
Myanmar,MMR,2010,6.19
Myanmar,MMR,2011,7.52
Myanmar,MMR,2012,7.77
Myanmar,MMR,2013,8.82
Myanmar,MMR,2014,8.83
Myanmar,MMR,2015,9.4
Myanmar,MMR,2016,9.74
Myanmar,MMR,2017,10.93
Myanmar,MMR,2018,12.27
Myanmar,MMR,2019,10.52
Myanmar,MMR,2020,8.8
Myanmar,MMR,2021,9.51
Myanmar,MMR,2022,9.07
Myanmar,MMR,2023,9.43
Myanmar,MMR,2024,9.53
Namibia,NAM,2000,1.4
Namibia,NAM,2001,1.21
Namibia,NAM,2002,1.42
Namibia,NAM,2003,1.42
Namibia,NAM,2004,1.37
Namibia,NAM,2005,1.66
Namibia,NAM,2006,1.51
Namibia,NAM,2007,1.54
Namibia,NAM,2008,1.39
Namibia,NAM,2009,1.41
Namibia,NAM,2010,1.25
Namibia,NAM,2011,1.4
Namibia,NAM,2012,1.61
Namibia,NAM,2013,1.27
Namibia,NAM,2014,1.49
Namibia,NAM,2015,1.5
Namibia,NAM,2016,1.36
Namibia,NAM,2017,1.59
Namibia,NAM,2018,1.14
Namibia,NAM,2019,0.95
Namibia,NAM,2020,1.5
Namibia,NAM,2021,0.97
Namibia,NAM,2022,0.78
Namibia,NAM,2023,1.32
Nauru,NRU,2000,0
Nauru,NRU,2001,0
Nauru,NRU,2002,0
Nauru,NRU,2003,0
Nauru,NRU,2004,0
Nauru,NRU,2005,0
Nauru,NRU,2006,0
Nauru,NRU,2007,0
Nauru,NRU,2008,0
Nauru,NRU,2009,0
Nauru,NRU,2010,0
Nauru,NRU,2011,0
Nauru,NRU,2012,0
Nauru,NRU,2013,0
Nauru,NRU,2014,0
Nauru,NRU,2015,0
Nauru,NRU,2016,0
Nauru,NRU,2017,0
Nauru,NRU,2018,0
Nauru,NRU,2019,0
Nauru,NRU,2020,0
Nauru,NRU,2021,0
Nauru,NRU,2022,0
Nauru,NRU,2023,0
Nepal,NPL,2000,1.62
Nepal,NPL,2001,1.83
Nepal,NPL,2002,2.1
Nepal,NPL,2003,2.26
Nepal,NPL,2004,2.38
Nepal,NPL,2005,2.49
Nepal,NPL,2006,2.71
Nepal,NPL,2007,2.76
Nepal,NPL,2008,2.78
Nepal,NPL,2009,3.07
Nepal,NPL,2010,3.17
Nepal,NPL,2011,3.45
Nepal,NPL,2012,3.5
Nepal,NPL,2013,3.47
Nepal,NPL,2014,3.77
Nepal,NPL,2015,3.43
Nepal,NPL,2016,4.15
Nepal,NPL,2017,4.49
Nepal,NPL,2018,4.75
Nepal,NPL,2019,6.06
Nepal,NPL,2020,6.09
Nepal,NPL,2021,9.53
Nepal,NPL,2022,10.59
Netherlands,NLD,2000,0.14
Netherlands,NLD,2001,0.12
Netherlands,NLD,2002,0.11
Netherlands,NLD,2003,0.07
Netherlands,NLD,2004,0.09
Netherlands,NLD,2005,0.09
Netherlands,NLD,2006,0.11
Netherlands,NLD,2007,0.11
Netherlands,NLD,2008,0.1
Netherlands,NLD,2009,0.1
Netherlands,NLD,2010,0.1
Netherlands,NLD,2011,0.06
Netherlands,NLD,2012,0.1
Netherlands,NLD,2013,0.11
Netherlands,NLD,2014,0.11
Netherlands,NLD,2015,0.09
Netherlands,NLD,2016,0.1
Netherlands,NLD,2017,0.06
Netherlands,NLD,2018,0.07
Netherlands,NLD,2019,0.07
Netherlands,NLD,2020,0.05
Netherlands,NLD,2021,0.09
Netherlands,NLD,2022,0.05
Netherlands,NLD,2023,0.07
Netherlands,NLD,2024,0.1
New Caledonia,NCL,2000,0.44
New Caledonia,NCL,2001,0.36
New Caledonia,NCL,2002,0.32
New Caledonia,NCL,2003,0.32
New Caledonia,NCL,2004,0.32
New Caledonia,NCL,2005,0.34
New Caledonia,NCL,2006,0.28
New Caledonia,NCL,2007,0.39
New Caledonia,NCL,2008,0.45
New Caledonia,NCL,2009,0.4
New Caledonia,NCL,2010,0.26
New Caledonia,NCL,2011,0.37
New Caledonia,NCL,2012,0.4
New Caledonia,NCL,2013,0.46
New Caledonia,NCL,2014,0.29
New Caledonia,NCL,2015,0.34
New Caledonia,NCL,2016,0.23
New Caledonia,NCL,2017,0.36
New Caledonia,NCL,2018,0.32
New Caledonia,NCL,2019,0.28
New Caledonia,NCL,2020,0.31
New Caledonia,NCL,2021,0.43
New Caledonia,NCL,2022,0.54
New Zealand,NZL,2000,24.19
New Zealand,NZL,2001,21.46
New Zealand,NZL,2002,24.62
New Zealand,NZL,2003,23.39
New Zealand,NZL,2004,26.97
New Zealand,NZL,2005,23.09
New Zealand,NZL,2006,23.34
New Zealand,NZL,2007,23.4
New Zealand,NZL,2008,22.12
New Zealand,NZL,2009,23.98
New Zealand,NZL,2010,24.48
New Zealand,NZL,2011,24.86
New Zealand,NZL,2012,22.67
New Zealand,NZL,2013,22.8
New Zealand,NZL,2014,24.07
New Zealand,NZL,2015,24.28
New Zealand,NZL,2016,25.66
New Zealand,NZL,2017,24.93
New Zealand,NZL,2018,26.03
New Zealand,NZL,2019,25.32
New Zealand,NZL,2020,24.03
New Zealand,NZL,2021,23.99
New Zealand,NZL,2022,25.86
New Zealand,NZL,2023,26.17
New Zealand,NZL,2024,23.52
Nicaragua,NIC,2000,0.21
Nicaragua,NIC,2001,0.19
Nicaragua,NIC,2002,0.3
Nicaragua,NIC,2003,0.29
Nicaragua,NIC,2004,0.32
Nicaragua,NIC,2005,0.43
Nicaragua,NIC,2006,0.31
Nicaragua,NIC,2007,0.3
Nicaragua,NIC,2008,0.53
Nicaragua,NIC,2009,0.29
Nicaragua,NIC,2010,0.5
Nicaragua,NIC,2011,0.44
Nicaragua,NIC,2012,0.42
Nicaragua,NIC,2013,0.46
Nicaragua,NIC,2014,0.4
Nicaragua,NIC,2015,0.29
Nicaragua,NIC,2016,0.43
Nicaragua,NIC,2017,0.47
Nicaragua,NIC,2018,0.41
Nicaragua,NIC,2019,0.23
Nicaragua,NIC,2020,0.57
Nicaragua,NIC,2021,0.6
Nicaragua,NIC,2022,0.6
Nicaragua,NIC,2023,0.65
Niger,NER,2000,0
Niger,NER,2001,0
Niger,NER,2002,0
Niger,NER,2003,0
Niger,NER,2004,0
Niger,NER,2005,0
Niger,NER,2006,0
Niger,NER,2007,0
Niger,NER,2008,0
Niger,NER,2009,0
Niger,NER,2010,0
Niger,NER,2011,0
Niger,NER,2012,0
Niger,NER,2013,0
Niger,NER,2014,0
Niger,NER,2015,0
Niger,NER,2016,0
Niger,NER,2017,0
Niger,NER,2018,0
Niger,NER,2019,0
Niger,NER,2020,0
Niger,NER,2021,0
Niger,NER,2022,0
Niger,NER,2023,0
Nigeria,NGA,2000,5.63
Nigeria,NGA,2001,5.91
Nigeria,NGA,2002,8.23
Nigeria,NGA,2003,7.45
Nigeria,NGA,2004,8.11
Nigeria,NGA,2005,7.77
Nigeria,NGA,2006,6.26
Nigeria,NGA,2007,6.23
Nigeria,NGA,2008,5.72
Nigeria,NGA,2009,4.53
Nigeria,NGA,2010,6.37
Nigeria,NGA,2011,5.88
Nigeria,NGA,2012,5.66
Nigeria,NGA,2013,5.33
Nigeria,NGA,2014,5.35
Nigeria,NGA,2015,6.42
Nigeria,NGA,2016,8.15
Nigeria,NGA,2017,7.75
Nigeria,NGA,2018,7.7
Nigeria,NGA,2019,8.43
Nigeria,NGA,2020,7.69
Nigeria,NGA,2021,7.94
Nigeria,NGA,2022,9.23
Nigeria,NGA,2023,9.57
Nigeria,NGA,2024,9.08
Niue,NIU,2000,0
Niue,NIU,2001,0
Niue,NIU,2002,0
Niue,NIU,2003,0
Niue,NIU,2004,0
Niue,NIU,2005,0
Niue,NIU,2006,0
Niue,NIU,2007,0
Niue,NIU,2008,0
Niue,NIU,2009,0
Niue,NIU,2010,0
Niue,NIU,2011,0
Niue,NIU,2012,0
Niue,NIU,2013,0
Niue,NIU,2014,0
Niue,NIU,2015,0
Niue,NIU,2016,0
Niue,NIU,2017,0
Niue,NIU,2018,0
Niue,NIU,2019,0
Niue,NIU,2020,0
Niue,NIU,2021,0
Niue,NIU,2022,0
Non-OECD (EI),,2000,1245.7386
Non-OECD (EI),,2001,1279.4312
Non-OECD (EI),,2002,1303.5369
Non-OECD (EI),,2003,1323.9547
Non-OECD (EI),,2004,1486.5562
Non-OECD (EI),,2005,1569.437
Non-OECD (EI),,2006,1656.7483
Non-OECD (EI),,2007,1742.2897
Non-OECD (EI),,2008,1865.9727
Non-OECD (EI),,2009,1877.7566
Non-OECD (EI),,2010,2023.4028
Non-OECD (EI),,2011,2048.8877
Non-OECD (EI),,2012,2192.89
Non-OECD (EI),,2013,2321.9849
Non-OECD (EI),,2014,2444.5442
Non-OECD (EI),,2015,2447.5952
Non-OECD (EI),,2016,2556.8323
Non-OECD (EI),,2017,2612.8438
Non-OECD (EI),,2018,2699.7231
Non-OECD (EI),,2019,2787.7488
Non-OECD (EI),,2020,2863.818
Non-OECD (EI),,2021,2843.1897
Non-OECD (EI),,2022,2938.695
Non-OECD (EI),,2023,2869.6057
Non-OECD (EI),,2024,3013.8513
North America,,2000,676.72003
North America,,2001,583.14996
North America,,2002,645.72
North America,,2003,640.15
North America,,2004,641.89
North America,,2005,673.23
North America,,2006,686.59
North America,,2007,655.93
North America,,2008,687.48
North America,,2009,685.38
North America,,2010,666.74
North America,,2011,748.17
North America,,2012,708.41
North America,,2013,708.23004
North America,,2014,698.32
North America,,2015,681.18
North America,,2016,701.64
North America,,2017,749.43
North America,,2018,734.42
North America,,2019,712.08997
North America,,2020,722.55
North America,,2021,696.68
North America,,2022,716.11
North America,,2023,652.41003
North America (EI),,2000,662.5963
North America (EI),,2001,570.19635
North America (EI),,2002,632.30383
North America (EI),,2003,625.9625
North America (EI),,2004,626.1294
North America (EI),,2005,656.09296
North America (EI),,2006,668.87775
North America (EI),,2007,638.0052
North America (EI),,2008,667.7655
North America (EI),,2009,666.9425
North America (EI),,2010,645.85547
North America (EI),,2011,728.0859
North America (EI),,2012,686.15216
North America (EI),,2013,686.2969
North America (EI),,2014,677.14374
North America (EI),,2015,659.53784
North America (EI),,2016,679.2273
North America (EI),,2017,722.2716
North America (EI),,2018,707.64264
North America (EI),,2019,690.8404
North America (EI),,2020,696.1422
North America (EI),,2021,666.1094
North America (EI),,2022,684.5576
North America (EI),,2023,622.7714
North America (EI),,2024,605.45276
North America (Ember),,2000,626.96
North America (Ember),,2001,539.82
North America (Ember),,2002,605.04
North America (Ember),,2003,603.59
North America (Ember),,2004,598.52
North America (Ember),,2005,625.92
North America (Ember),,2006,635.78
North America (Ember),,2007,608.43
North America (Ember),,2008,626.23
North America (Ember),,2009,637.77
North America (Ember),,2010,606.38
North America (Ember),,2011,688.99
North America (Ember),,2012,651.9
North America (Ember),,2013,656.04
North America (Ember),,2014,636.08
North America (Ember),,2015,626.6
North America (Ember),,2016,646.96
North America (Ember),,2017,688.81
North America (Ember),,2018,672.93
North America (Ember),,2019,664.79
North America (Ember),,2020,666.93
North America (Ember),,2021,629.33
North America (Ember),,2022,646.96
North America (Ember),,2023,603.66
North America (Ember),,2024,583.5
North Korea,PRK,2000,10.1
North Korea,PRK,2001,10.49
North Korea,PRK,2002,10.51
North Korea,PRK,2003,11.6
North Korea,PRK,2004,12.38
North Korea,PRK,2005,13
North Korea,PRK,2006,12.49
North Korea,PRK,2007,13.15
North Korea,PRK,2008,13.93
North Korea,PRK,2009,12.38
North Korea,PRK,2010,13.27
North Korea,PRK,2011,13.07
North Korea,PRK,2012,13.36
North Korea,PRK,2013,13.76
North Korea,PRK,2014,12.87
North Korea,PRK,2015,9.9
North Korea,PRK,2016,12.67
North Korea,PRK,2017,11.78
North Korea,PRK,2018,12.67
North Korea,PRK,2019,11
North Korea,PRK,2020,12.8
North Korea,PRK,2021,16.1
North Korea,PRK,2022,16.6
North Macedonia,MKD,2000,1.17
North Macedonia,MKD,2001,0.63
North Macedonia,MKD,2002,0.76
North Macedonia,MKD,2003,1.37
North Macedonia,MKD,2004,1.48
North Macedonia,MKD,2005,1.49
North Macedonia,MKD,2006,1.65
North Macedonia,MKD,2007,1.01
North Macedonia,MKD,2008,0.84
North Macedonia,MKD,2009,1.27
North Macedonia,MKD,2010,2.43
North Macedonia,MKD,2011,1.43
North Macedonia,MKD,2012,1.04
North Macedonia,MKD,2013,1.58
North Macedonia,MKD,2014,1.21
North Macedonia,MKD,2015,1.87
North Macedonia,MKD,2016,1.9
North Macedonia,MKD,2017,1.11
North Macedonia,MKD,2018,1.79
North Macedonia,MKD,2019,1.16
North Macedonia,MKD,2020,1.28
North Macedonia,MKD,2021,1.45
North Macedonia,MKD,2022,1.35
North Macedonia,MKD,2023,1.62
North Macedonia,MKD,2024,1.34
Norway,NOR,2000,141.82
Norway,NOR,2001,120.46
Norway,NOR,2002,129.37
Norway,NOR,2003,105.48
Norway,NOR,2004,108.78
Norway,NOR,2005,135.69
Norway,NOR,2006,119.37
Norway,NOR,2007,133.66
Norway,NOR,2008,139.04
Norway,NOR,2009,125.28
Norway,NOR,2010,116.74
Norway,NOR,2011,120.28
Norway,NOR,2012,141.72
Norway,NOR,2013,128.14
Norway,NOR,2014,135.47
Norway,NOR,2015,137.3
Norway,NOR,2016,142.81
Norway,NOR,2017,142.37
Norway,NOR,2018,138.98
Norway,NOR,2019,125.29
Norway,NOR,2020,141.8
Norway,NOR,2021,143.97
Norway,NOR,2022,128.24
Norway,NOR,2023,136.71
Norway,NOR,2024,138.5
OECD (EI),,2000,1400.9427
OECD (EI),,2001,1299.1776
OECD (EI),,2002,1322.6084
OECD (EI),,2003,1298.979
OECD (EI),,2004,1329.9746
OECD (EI),,2005,1341.8184
OECD (EI),,2006,1365.4841
OECD (EI),,2007,1330.1201
OECD (EI),,2008,1385.6204
OECD (EI),,2009,1368.5773
OECD (EI),,2010,1406.7097
OECD (EI),,2011,1443.6885
OECD (EI),,2012,1448.5443
OECD (EI),,2013,1466.0088
OECD (EI),,2014,1444.5282
OECD (EI),,2015,1431.5704
OECD (EI),,2016,1459.122
OECD (EI),,2017,1455.5743
OECD (EI),,2018,1488.8727
OECD (EI),,2019,1454.8772
OECD (EI),,2020,1495.31
OECD (EI),,2021,1450.4764
OECD (EI),,2022,1396.0969
OECD (EI),,2023,1391.1471
OECD (EI),,2024,1439.0575
OECD (Ember),,2000,1393.17
OECD (Ember),,2001,1293.45
OECD (Ember),,2002,1314.32
OECD (Ember),,2003,1292.13
OECD (Ember),,2004,1326.46
OECD (Ember),,2005,1339.19
OECD (Ember),,2006,1361.46
OECD (Ember),,2007,1326.14
OECD (Ember),,2008,1380.25
OECD (Ember),,2009,1363.96
OECD (Ember),,2010,1401.04
OECD (Ember),,2011,1440.74
OECD (Ember),,2012,1445.75
OECD (Ember),,2013,1469.26
OECD (Ember),,2014,1444.55
OECD (Ember),,2015,1432.59
OECD (Ember),,2016,1461.34
OECD (Ember),,2017,1456.07
OECD (Ember),,2018,1487.96
OECD (Ember),,2019,1453.97
OECD (Ember),,2020,1493.28
OECD (Ember),,2021,1449.73
OECD (Ember),,2022,1389.15
OECD (Ember),,2023,1388.67
OECD (Ember),,2024,1427.25
Oceania,,2000,42.59
Oceania,,2001,39.47
Oceania,,2002,42.59
Oceania,,2003,41.379997
Oceania,,2004,44.469997
Oceania,,2005,40.350002
Oceania,,2006,40.01
Oceania,,2007,38.47
Oceania,,2008,36
Oceania,,2009,38.59
Oceania,,2010,40.07
Oceania,,2011,46.48
Oceania,,2012,41.84
Oceania,,2013,44.04
Oceania,,2014,40.45
Oceania,,2015,40.31
Oceania,,2016,45.219997
Oceania,,2017,40.28
Oceania,,2018,45.28
Oceania,,2019,41.41
Oceania,,2020,40.55
Oceania,,2021,42.12
Oceania,,2022,44.75
Oceania,,2023,43.07
Oceania (Ember),,2000,42.59
Oceania (Ember),,2001,39.47
Oceania (Ember),,2002,42.59
Oceania (Ember),,2003,41.38
Oceania (Ember),,2004,44.47
Oceania (Ember),,2005,40.35
Oceania (Ember),,2006,40.01
Oceania (Ember),,2007,38.47
Oceania (Ember),,2008,36
Oceania (Ember),,2009,38.59
Oceania (Ember),,2010,40.07
Oceania (Ember),,2011,46.48
Oceania (Ember),,2012,41.84
Oceania (Ember),,2013,44.04
Oceania (Ember),,2014,40.45
Oceania (Ember),,2015,40.31
Oceania (Ember),,2016,45.22
Oceania (Ember),,2017,40.28
Oceania (Ember),,2018,45.28
Oceania (Ember),,2019,41.41
Oceania (Ember),,2020,40.55
Oceania (Ember),,2021,42.12
Oceania (Ember),,2022,44.75
Oceania (Ember),,2023,43.73
Oceania (Ember),,2024,39.29
Oman,OMN,2000,0
Oman,OMN,2001,0
Oman,OMN,2002,0
Oman,OMN,2003,0
Oman,OMN,2004,0
Oman,OMN,2005,0
Oman,OMN,2006,0
Oman,OMN,2007,0
Oman,OMN,2008,0
Oman,OMN,2009,0
Oman,OMN,2010,0
Oman,OMN,2011,0
Oman,OMN,2012,0
Oman,OMN,2013,0
Oman,OMN,2014,0
Oman,OMN,2015,0
Oman,OMN,2016,0
Oman,OMN,2017,0
Oman,OMN,2018,0
Oman,OMN,2019,0
Oman,OMN,2020,0
Oman,OMN,2021,0
Oman,OMN,2022,0
Oman,OMN,2023,0
Oman,OMN,2024,0
Other Asia Pacific (EI),,2000,21.498957
Other Asia Pacific (EI),,2001,22.552162
Other Asia Pacific (EI),,2002,22.876694
Other Asia Pacific (EI),,2003,24.107927
Other Asia Pacific (EI),,2004,25.307793
Other Asia Pacific (EI),,2005,27.150972
Other Asia Pacific (EI),,2006,29.22892
Other Asia Pacific (EI),,2007,32.39628
Other Asia Pacific (EI),,2008,34.33404
Other Asia Pacific (EI),,2009,34.08213
Other Asia Pacific (EI),,2010,40.93132
Other Asia Pacific (EI),,2011,46.97427
Other Asia Pacific (EI),,2012,47.825348
Other Asia Pacific (EI),,2013,56.107967
Other Asia Pacific (EI),,2014,54.640285
Other Asia Pacific (EI),,2015,51.04433
Other Asia Pacific (EI),,2016,60.28077
Other Asia Pacific (EI),,2017,63.85546
Other Asia Pacific (EI),,2018,69.878006
Other Asia Pacific (EI),,2019,64.85914
Other Asia Pacific (EI),,2020,74.39738
Other Asia Pacific (EI),,2021,83.891685
Other Asia Pacific (EI),,2022,95.7694
Other Asia Pacific (EI),,2023,95.32011
Other Asia Pacific (EI),,2024,103.127655
Other CIS (EI),,2000,29.38
Other CIS (EI),,2001,27.975
Other CIS (EI),,2002,28.022
Other CIS (EI),,2003,31.763
Other CIS (EI),,2004,32.7693
Other CIS (EI),,2005,33.1304
Other CIS (EI),,2006,32.5522
Other CIS (EI),,2007,33.3336
Other CIS (EI),,2008,28.767
Other CIS (EI),,2009,28.4007
Other CIS (EI),,2010,30.6456
Other CIS (EI),,2011,33.3671
Other CIS (EI),,2012,33.6939
Other CIS (EI),,2013,32.6551
Other CIS (EI),,2014,31.8782
Other CIS (EI),,2015,30.391
Other CIS (EI),,2016,30.6715
Other CIS (EI),,2017,33.8908
Other CIS (EI),,2018,35.3069
Other CIS (EI),,2019,35.7003
Other CIS (EI),,2020,34.13352
Other CIS (EI),,2021,34.37484
Other CIS (EI),,2022,34.0575
Other CIS (EI),,2023,34.6252
Other CIS (EI),,2024,36.07247
Other Caribbean (EI),,2000,1.5506945
Other Caribbean (EI),,2001,1.373568
Other Caribbean (EI),,2002,1.7277421
Other Caribbean (EI),,2003,2.1983702
Other Caribbean (EI),,2004,2.2901952
Other Caribbean (EI),,2005,2.603758
Other Caribbean (EI),,2006,2.5169795
Other Caribbean (EI),,2007,2.3470798
Other Caribbean (EI),,2008,2.0848238
Other Caribbean (EI),,2009,2.1996634
Other Caribbean (EI),,2010,2.067394
Other Caribbean (EI),,2011,2.1441362
Other Caribbean (EI),,2012,2.3809564
Other Caribbean (EI),,2013,2.452679
Other Caribbean (EI),,2014,1.7748957
Other Caribbean (EI),,2015,1.3626975
Other Caribbean (EI),,2016,1.914183
Other Caribbean (EI),,2017,2.7016346
Other Caribbean (EI),,2018,2.4347343
Other Caribbean (EI),,2019,1.6197287
Other Caribbean (EI),,2020,1.7674725
Other Caribbean (EI),,2021,1.9786602
Other Caribbean (EI),,2022,1.9819905
Other Caribbean (EI),,2023,1.6274898
Other Caribbean (EI),,2024,1.9461324
Other Europe (EI),,2000,28.05528
Other Europe (EI),,2001,27.221907
Other Europe (EI),,2002,27.186295
Other Europe (EI),,2003,27.047688
Other Europe (EI),,2004,31.327007
Other Europe (EI),,2005,32.030495
Other Europe (EI),,2006,29.921282
Other Europe (EI),,2007,24.96589
Other Europe (EI),,2008,27.524092
Other Europe (EI),,2009,31.926743
Other Europe (EI),,2010,40.552013
Other Europe (EI),,2011,26.913034
Other Europe (EI),,2012,27.593107
Other Europe (EI),,2013,36.03082
Other Europe (EI),,2014,32.570656
Other Europe (EI),,2015,32.306408
Other Europe (EI),,2016,35.684795
Other Europe (EI),,2017,28.566236
Other Europe (EI),,2018,38.716885
Other Europe (EI),,2019,32.23849
Other Europe (EI),,2020,29.645319
Other Europe (EI),,2021,40.165874
Other Europe (EI),,2022,33.57756
Other Europe (EI),,2023,42.00034
Other Europe (EI),,2024,36.630154
Other Middle East (EI),,2000,3.7136
Other Middle East (EI),,2001,3.78479
Other Middle East (EI),,2002,4.230841
Other Middle East (EI),,2003,4.109683
Other Middle East (EI),,2004,5.371439
Other Middle East (EI),,2005,4.548284
Other Middle East (EI),,2006,4.739463
Other Middle East (EI),,2007,4.166502
Other Middle East (EI),,2008,3.304397
Other Middle East (EI),,2009,2.539112
Other Middle East (EI),,2010,3.492252
Other Middle East (EI),,2011,4.143245
Other Middle East (EI),,2012,4.475462
Other Middle East (EI),,2013,4.249337
Other Middle East (EI),,2014,2.591578
Other Middle East (EI),,2015,0.944749
Other Middle East (EI),,2016,1.352145
Other Middle East (EI),,2017,1.206674
Other Middle East (EI),,2018,1.124349
Other Middle East (EI),,2019,1.737416
Other Middle East (EI),,2020,1.6169077
Other Middle East (EI),,2021,1.384649
Other Middle East (EI),,2022,1.467976
Other Middle East (EI),,2023,1.312216
Other Middle East (EI),,2024,1.508567
Other Northern Africa (EI),,2000,0.064
Other Northern Africa (EI),,2001,0.054
Other Northern Africa (EI),,2002,0.064
Other Northern Africa (EI),,2003,0.166
Other Northern Africa (EI),,2004,0.153
Other Northern Africa (EI),,2005,0.145
Other Northern Africa (EI),,2006,0.092
Other Northern Africa (EI),,2007,0.049
Other Northern Africa (EI),,2008,0.038
Other Northern Africa (EI),,2009,0.079
Other Northern Africa (EI),,2010,0.05
Other Northern Africa (EI),,2011,0.054
Other Northern Africa (EI),,2012,0.11
Other Northern Africa (EI),,2013,0.06
Other Northern Africa (EI),,2014,0.056
Other Northern Africa (EI),,2015,0.069
Other Northern Africa (EI),,2016,0.045
Other Northern Africa (EI),,2017,0.0174
Other Northern Africa (EI),,2018,0.0165
Other Northern Africa (EI),,2019,0.0658
Other Northern Africa (EI),,2020,0.046
Other Northern Africa (EI),,2021,0.0283
Other Northern Africa (EI),,2022,0.0149
Other Northern Africa (EI),,2023,0.0092
Other Northern Africa (EI),,2024,0.016
Other South America (EI),,2000,63.848354
Other South America (EI),,2001,58.24861
Other South America (EI),,2002,61.579098
Other South America (EI),,2003,63.831413
Other South America (EI),,2004,60.382355
Other South America (EI),,2005,61.039207
Other South America (EI),,2006,61.03031
Other South America (EI),,2007,65.72307
Other South America (EI),,2008,64.13204
Other South America (EI),,2009,64.00524
Other South America (EI),,2010,66.31625
Other South America (EI),,2011,67.95495
Other South America (EI),,2012,69.37894
Other South America (EI),,2013,72.52947
Other South America (EI),,2014,68.23393
Other South America (EI),,2015,67.43379
Other South America (EI),,2016,74.55499
Other South America (EI),,2017,70.93046
Other South America (EI),,2018,69.920784
Other South America (EI),,2019,62.169807
Other South America (EI),,2020,54.751286
Other South America (EI),,2021,50.765263
Other South America (EI),,2022,54.194225
Other South America (EI),,2023,60.349987
Other South America (EI),,2024,53.817448
Other Southern Africa (EI),,2000,1.9599
Other Southern Africa (EI),,2001,1.8131
Other Southern Africa (EI),,2002,2.0046
Other Southern Africa (EI),,2003,1.9708
Other Southern Africa (EI),,2004,1.8744
Other Southern Africa (EI),,2005,2.2727
Other Southern Africa (EI),,2006,2.14988
Other Southern Africa (EI),,2007,2.22238
Other Southern Africa (EI),,2008,2.0584
Other Southern Africa (EI),,2009,2.1598
Other Southern Africa (EI),,2010,2.0357
Other Southern Africa (EI),,2011,2.2269
Other Southern Africa (EI),,2012,2.3647
Other Southern Africa (EI),,2013,2.0271
Other Southern Africa (EI),,2014,2.3022
Other Southern Africa (EI),,2015,2.2662
Other Southern Africa (EI),,2016,1.99
Other Southern Africa (EI),,2017,2.2111
Other Southern Africa (EI),,2018,1.86846
Other Southern Africa (EI),,2019,1.61254
Other Southern Africa (EI),,2020,2.1586
Other Southern Africa (EI),,2021,1.7558
Other Southern Africa (EI),,2022,1.5437
Other Southern Africa (EI),,2023,2.0710444
Other Southern Africa (EI),,2024,2.6570203
Pakistan,PAK,2000,17.19
Pakistan,PAK,2001,18.94
Pakistan,PAK,2002,22.35
Pakistan,PAK,2003,26.94
Pakistan,PAK,2004,25.67
Pakistan,PAK,2005,30.86
Pakistan,PAK,2006,31.95
Pakistan,PAK,2007,28.71
Pakistan,PAK,2008,27.78
Pakistan,PAK,2009,28.09
Pakistan,PAK,2010,31.81
Pakistan,PAK,2011,28.52
Pakistan,PAK,2012,29.86
Pakistan,PAK,2013,31.87
Pakistan,PAK,2014,32.47
Pakistan,PAK,2015,34.63
Pakistan,PAK,2016,32.18
Pakistan,PAK,2017,27.92
Pakistan,PAK,2018,27.34
Pakistan,PAK,2019,33.58
Pakistan,PAK,2020,33.55
Pakistan,PAK,2021,33.55
Pakistan,PAK,2022,34.58
Pakistan,PAK,2023,34
Pakistan,PAK,2024,34.37
Palestine,PSE,2000,0
Palestine,PSE,2001,0
Palestine,PSE,2002,0
Palestine,PSE,2003,0
Palestine,PSE,2004,0
Palestine,PSE,2005,0
Palestine,PSE,2006,0
Palestine,PSE,2007,0
Palestine,PSE,2008,0
Palestine,PSE,2009,0
Palestine,PSE,2010,0
Palestine,PSE,2011,0
Palestine,PSE,2012,0
Palestine,PSE,2013,0
Palestine,PSE,2014,0
Palestine,PSE,2015,0
Palestine,PSE,2016,0
Palestine,PSE,2017,0
Palestine,PSE,2018,0
Palestine,PSE,2019,0
Palestine,PSE,2020,0
Palestine,PSE,2021,0
Palestine,PSE,2022,0
Panama,PAN,2000,3.42
Panama,PAN,2001,2.5
Panama,PAN,2002,3.4
Panama,PAN,2003,2.82
Panama,PAN,2004,3.78
Panama,PAN,2005,3.72
Panama,PAN,2006,3.58
Panama,PAN,2007,3.71
Panama,PAN,2008,3.97
Panama,PAN,2009,3.9
Panama,PAN,2010,4.19
Panama,PAN,2011,4.1
Panama,PAN,2012,5.39
Panama,PAN,2013,5.15
Panama,PAN,2014,5.03
Panama,PAN,2015,6.26
Panama,PAN,2016,6.52
Panama,PAN,2017,7.25
Panama,PAN,2018,7.86
Panama,PAN,2019,5.1
Panama,PAN,2020,7.35
Panama,PAN,2021,8.34
Panama,PAN,2022,8.12
Panama,PAN,2023,6.15
Papua New Guinea,PNG,2000,0.92
Papua New Guinea,PNG,2001,0.92
Papua New Guinea,PNG,2002,0.92
Papua New Guinea,PNG,2003,0.92
Papua New Guinea,PNG,2004,0.89
Papua New Guinea,PNG,2005,0.88
Papua New Guinea,PNG,2006,0.85
Papua New Guinea,PNG,2007,0.85
Papua New Guinea,PNG,2008,0.85
Papua New Guinea,PNG,2009,0.85
Papua New Guinea,PNG,2010,0.85
Papua New Guinea,PNG,2011,0.96
Papua New Guinea,PNG,2012,0.97
Papua New Guinea,PNG,2013,0.99
Papua New Guinea,PNG,2014,1.01
Papua New Guinea,PNG,2015,1
Papua New Guinea,PNG,2016,1
Papua New Guinea,PNG,2017,0.79
Papua New Guinea,PNG,2018,0.85
Papua New Guinea,PNG,2019,1.01
Papua New Guinea,PNG,2020,1.01
Papua New Guinea,PNG,2021,1.01
Papua New Guinea,PNG,2022,0.85
Papua New Guinea,PNG,2023,1
Paraguay,PRY,2000,53.49
Paraguay,PRY,2001,45.32
Paraguay,PRY,2002,48.21
Paraguay,PRY,2003,51.77
Paraguay,PRY,2004,51.93
Paraguay,PRY,2005,51.17
Paraguay,PRY,2006,53.77
Paraguay,PRY,2007,53.71
Paraguay,PRY,2008,55.46
Paraguay,PRY,2009,54.94
Paraguay,PRY,2010,54.06
Paraguay,PRY,2011,57.62
Paraguay,PRY,2012,60.23
Paraguay,PRY,2013,60.38
Paraguay,PRY,2014,55.28
Paraguay,PRY,2015,55.74
Paraguay,PRY,2016,63.77
Paraguay,PRY,2017,59.68
Paraguay,PRY,2018,59.21
Paraguay,PRY,2019,49.45
Paraguay,PRY,2020,46.37
Paraguay,PRY,2021,40.57
Paraguay,PRY,2022,43.87
Paraguay,PRY,2023,44
Peru,PER,2000,16.17
Peru,PER,2001,17.61
Peru,PER,2002,18.04
Peru,PER,2003,18.53
Peru,PER,2004,17.52
Peru,PER,2005,18.08
Peru,PER,2006,19.7
Peru,PER,2007,19.55
Peru,PER,2008,19.04
Peru,PER,2009,19.49
Peru,PER,2010,20.04
Peru,PER,2011,21.59
Peru,PER,2012,21.35
Peru,PER,2013,22.31
Peru,PER,2014,22.2
Peru,PER,2015,23.71
Peru,PER,2016,24.16
Peru,PER,2017,29.06
Peru,PER,2018,30.72
Peru,PER,2019,31.45
Peru,PER,2020,30.5
Peru,PER,2021,31.89
Peru,PER,2022,29.73
Peru,PER,2023,29.1
Peru,PER,2024,32.04
Philippines,PHL,2000,7.8
Philippines,PHL,2001,7.1
Philippines,PHL,2002,7.03
Philippines,PHL,2003,7.87
Philippines,PHL,2004,8.59
Philippines,PHL,2005,8.39
Philippines,PHL,2006,9.94
Philippines,PHL,2007,8.56
Philippines,PHL,2008,9.84
Philippines,PHL,2009,9.79
Philippines,PHL,2010,7.8
Philippines,PHL,2011,9.7
Philippines,PHL,2012,10.25
Philippines,PHL,2013,10.02
Philippines,PHL,2014,9.14
Philippines,PHL,2015,8.66
Philippines,PHL,2016,8.11
Philippines,PHL,2017,9.61
Philippines,PHL,2018,9.38
Philippines,PHL,2019,8.03
Philippines,PHL,2020,7.19
Philippines,PHL,2021,9.19
Philippines,PHL,2022,10.09
Philippines,PHL,2023,10.09
Philippines,PHL,2024,10.87
Poland,POL,2000,2.11
Poland,POL,2001,2.33
Poland,POL,2002,2.28
Poland,POL,2003,1.67
Poland,POL,2004,2.08
Poland,POL,2005,2.2
Poland,POL,2006,2.04
Poland,POL,2007,2.35
Poland,POL,2008,2.15
Poland,POL,2009,2.38
Poland,POL,2010,2.92
Poland,POL,2011,2.33
Poland,POL,2012,2.04
Poland,POL,2013,2.44
Poland,POL,2014,2.18
Poland,POL,2015,1.83
Poland,POL,2016,2.14
Poland,POL,2017,2.56
Poland,POL,2018,1.97
Poland,POL,2019,1.96
Poland,POL,2020,2.12
Poland,POL,2021,2.34
Poland,POL,2022,1.97
Poland,POL,2023,2.41
Poland,POL,2024,2.34
Portugal,PRT,2000,11.32
Portugal,PRT,2001,14.03
Portugal,PRT,2002,7.8
Portugal,PRT,2003,15.72
Portugal,PRT,2004,9.87
Portugal,PRT,2005,4.73
Portugal,PRT,2006,11
Portugal,PRT,2007,10.09
Portugal,PRT,2008,6.8
Portugal,PRT,2009,8.28
Portugal,PRT,2010,16.15
Portugal,PRT,2011,11.54
Portugal,PRT,2012,5.62
Portugal,PRT,2013,13.73
Portugal,PRT,2014,15.57
Portugal,PRT,2015,8.66
Portugal,PRT,2016,15.72
Portugal,PRT,2017,5.9
Portugal,PRT,2018,12.39
Portugal,PRT,2019,8.82
Portugal,PRT,2020,12.08
Portugal,PRT,2021,11.91
Portugal,PRT,2022,6.54
Portugal,PRT,2023,12.04
Portugal,PRT,2024,14.17
Puerto Rico,PRI,2000,0.15
Puerto Rico,PRI,2001,0.13
Puerto Rico,PRI,2002,0.11
Puerto Rico,PRI,2003,0.1
Puerto Rico,PRI,2004,0.14
Puerto Rico,PRI,2005,0.14
Puerto Rico,PRI,2006,0.14
Puerto Rico,PRI,2007,0.16
Puerto Rico,PRI,2008,0.16
Puerto Rico,PRI,2009,0.17
Puerto Rico,PRI,2010,0.16
Puerto Rico,PRI,2011,0.15
Puerto Rico,PRI,2012,0.09
Puerto Rico,PRI,2013,0.08
Puerto Rico,PRI,2014,0.08
Puerto Rico,PRI,2015,0.05
Puerto Rico,PRI,2016,0.07
Puerto Rico,PRI,2017,0.05
Puerto Rico,PRI,2018,0.04
Puerto Rico,PRI,2019,0.05
Puerto Rico,PRI,2020,0.05
Puerto Rico,PRI,2021,0.05
Puerto Rico,PRI,2022,0.05
Puerto Rico,PRI,2023,0.05
Puerto Rico,PRI,2024,0.05
Qatar,QAT,2000,0
Qatar,QAT,2001,0
Qatar,QAT,2002,0
Qatar,QAT,2003,0
Qatar,QAT,2004,0
Qatar,QAT,2005,0
Qatar,QAT,2006,0
Qatar,QAT,2007,0
Qatar,QAT,2008,0
Qatar,QAT,2009,0
Qatar,QAT,2010,0
Qatar,QAT,2011,0
Qatar,QAT,2012,0
Qatar,QAT,2013,0
Qatar,QAT,2014,0
Qatar,QAT,2015,0
Qatar,QAT,2016,0
Qatar,QAT,2017,0
Qatar,QAT,2018,0
Qatar,QAT,2019,0
Qatar,QAT,2020,0
Qatar,QAT,2021,0
Qatar,QAT,2022,0
Qatar,QAT,2023,0
Qatar,QAT,2024,0
Reunion,REU,2000,0.56
Reunion,REU,2001,0.5
Reunion,REU,2002,0.59
Reunion,REU,2003,0.63
Reunion,REU,2004,0.58
Reunion,REU,2005,0.51
Reunion,REU,2006,0.58
Reunion,REU,2007,0.66
Reunion,REU,2008,0.63
Reunion,REU,2009,0.53
Reunion,REU,2010,0.54
Reunion,REU,2011,0.4
Reunion,REU,2012,0.49
Reunion,REU,2013,0.56
Reunion,REU,2014,0.43
Reunion,REU,2015,0.5
Reunion,REU,2016,0.46
Reunion,REU,2017,0.42
Reunion,REU,2018,0.6
Reunion,REU,2019,0.42
Reunion,REU,2020,0.42
Reunion,REU,2021,0.36
Reunion,REU,2022,0.63
Romania,ROU,2000,14.78
Romania,ROU,2001,14.92
Romania,ROU,2002,16.05
Romania,ROU,2003,13.26
Romania,ROU,2004,16.51
Romania,ROU,2005,20.21
Romania,ROU,2006,18.36
Romania,ROU,2007,15.97
Romania,ROU,2008,17.2
Romania,ROU,2009,15.53
Romania,ROU,2010,19.88
Romania,ROU,2011,14.73
Romania,ROU,2012,12.07
Romania,ROU,2013,14.96
Romania,ROU,2014,18.8
Romania,ROU,2015,16.63
Romania,ROU,2016,18.03
Romania,ROU,2017,14.49
Romania,ROU,2018,17.66
Romania,ROU,2019,15.58
Romania,ROU,2020,15.38
Romania,ROU,2021,17.41
Romania,ROU,2022,13.98
Romania,ROU,2023,18.14
Romania,ROU,2024,14.05
Russia,RUS,2000,164.08
Russia,RUS,2001,173.9
Russia,RUS,2002,162.17
Russia,RUS,2003,155.67
Russia,RUS,2004,175.68
Russia,RUS,2005,172.61
Russia,RUS,2006,173.29
Russia,RUS,2007,177.04
Russia,RUS,2008,164.78
Russia,RUS,2009,174.2
Russia,RUS,2010,166.48
Russia,RUS,2011,163.05
Russia,RUS,2012,163.45
Russia,RUS,2013,181.15
Russia,RUS,2014,173.4
Russia,RUS,2015,167.99
Russia,RUS,2016,184.61
Russia,RUS,2017,185.16
Russia,RUS,2018,190.64
Russia,RUS,2019,194.38
Russia,RUS,2020,212.44
Russia,RUS,2021,214.53
Russia,RUS,2022,197.67
Russia,RUS,2023,200.87
Russia,RUS,2024,210.35
Rwanda,RWA,2000,0.1
Rwanda,RWA,2001,0.09
Rwanda,RWA,2002,0.1
Rwanda,RWA,2003,0.12
Rwanda,RWA,2004,0.08
Rwanda,RWA,2005,0.1
Rwanda,RWA,2006,0.13
Rwanda,RWA,2007,0.12
Rwanda,RWA,2008,0.16
Rwanda,RWA,2009,0.16
Rwanda,RWA,2010,0.11
Rwanda,RWA,2011,0.15
Rwanda,RWA,2012,0.18
Rwanda,RWA,2013,0.15
Rwanda,RWA,2014,0.2
Rwanda,RWA,2015,0.28
Rwanda,RWA,2016,0.3
Rwanda,RWA,2017,0.28
Rwanda,RWA,2018,0.31
Rwanda,RWA,2019,0.4
Rwanda,RWA,2020,0.53
Rwanda,RWA,2021,0.55
Rwanda,RWA,2022,0.56
Rwanda,RWA,2023,0.56
Saint Helena,SHN,2000,0
Saint Helena,SHN,2001,0
Saint Helena,SHN,2002,0
Saint Helena,SHN,2003,0
Saint Helena,SHN,2004,0
Saint Helena,SHN,2005,0
Saint Helena,SHN,2006,0
Saint Helena,SHN,2007,0
Saint Helena,SHN,2008,0
Saint Helena,SHN,2009,0
Saint Helena,SHN,2010,0
Saint Helena,SHN,2011,0
Saint Helena,SHN,2012,0
Saint Helena,SHN,2013,0
Saint Helena,SHN,2014,0
Saint Helena,SHN,2015,0
Saint Helena,SHN,2016,0
Saint Helena,SHN,2017,0
Saint Helena,SHN,2018,0
Saint Helena,SHN,2019,0
Saint Helena,SHN,2020,0
Saint Helena,SHN,2021,0
Saint Helena,SHN,2022,0
Saint Kitts and Nevis,KNA,2000,0
Saint Kitts and Nevis,KNA,2001,0
Saint Kitts and Nevis,KNA,2002,0
Saint Kitts and Nevis,KNA,2003,0
Saint Kitts and Nevis,KNA,2004,0
Saint Kitts and Nevis,KNA,2005,0
Saint Kitts and Nevis,KNA,2006,0
Saint Kitts and Nevis,KNA,2007,0
Saint Kitts and Nevis,KNA,2008,0
Saint Kitts and Nevis,KNA,2009,0
Saint Kitts and Nevis,KNA,2010,0
Saint Kitts and Nevis,KNA,2011,0
Saint Kitts and Nevis,KNA,2012,0
Saint Kitts and Nevis,KNA,2013,0
Saint Kitts and Nevis,KNA,2014,0
Saint Kitts and Nevis,KNA,2015,0
Saint Kitts and Nevis,KNA,2016,0
Saint Kitts and Nevis,KNA,2017,0
Saint Kitts and Nevis,KNA,2018,0
Saint Kitts and Nevis,KNA,2019,0
Saint Kitts and Nevis,KNA,2020,0
Saint Kitts and Nevis,KNA,2021,0
Saint Kitts and Nevis,KNA,2022,0
Saint Lucia,LCA,2000,0
Saint Lucia,LCA,2001,0
Saint Lucia,LCA,2002,0
Saint Lucia,LCA,2003,0
Saint Lucia,LCA,2004,0
Saint Lucia,LCA,2005,0
Saint Lucia,LCA,2006,0
Saint Lucia,LCA,2007,0
Saint Lucia,LCA,2008,0
Saint Lucia,LCA,2009,0
Saint Lucia,LCA,2010,0
Saint Lucia,LCA,2011,0
Saint Lucia,LCA,2012,0
Saint Lucia,LCA,2013,0
Saint Lucia,LCA,2014,0
Saint Lucia,LCA,2015,0
Saint Lucia,LCA,2016,0
Saint Lucia,LCA,2017,0
Saint Lucia,LCA,2018,0
Saint Lucia,LCA,2019,0
Saint Lucia,LCA,2020,0
Saint Lucia,LCA,2021,0
Saint Lucia,LCA,2022,0
Saint Pierre and Miquelon,SPM,2000,0
Saint Pierre and Miquelon,SPM,2001,0
Saint Pierre and Miquelon,SPM,2002,0
Saint Pierre and Miquelon,SPM,2003,0
Saint Pierre and Miquelon,SPM,2004,0
Saint Pierre and Miquelon,SPM,2005,0
Saint Pierre and Miquelon,SPM,2006,0
Saint Pierre and Miquelon,SPM,2007,0
Saint Pierre and Miquelon,SPM,2008,0
Saint Pierre and Miquelon,SPM,2009,0
Saint Pierre and Miquelon,SPM,2010,0
Saint Pierre and Miquelon,SPM,2011,0
Saint Pierre and Miquelon,SPM,2012,0
Saint Pierre and Miquelon,SPM,2013,0
Saint Pierre and Miquelon,SPM,2014,0
Saint Pierre and Miquelon,SPM,2015,0
Saint Pierre and Miquelon,SPM,2016,0
Saint Pierre and Miquelon,SPM,2017,0
Saint Pierre and Miquelon,SPM,2018,0
Saint Pierre and Miquelon,SPM,2019,0
Saint Pierre and Miquelon,SPM,2020,0
Saint Pierre and Miquelon,SPM,2021,0
Saint Pierre and Miquelon,SPM,2022,0
Saint Vincent and the Grenadines,VCT,2000,0.03
Saint Vincent and the Grenadines,VCT,2001,0.02
Saint Vincent and the Grenadines,VCT,2002,0.02
Saint Vincent and the Grenadines,VCT,2003,0.02
Saint Vincent and the Grenadines,VCT,2004,0.03
Saint Vincent and the Grenadines,VCT,2005,0.03
Saint Vincent and the Grenadines,VCT,2006,0.02
Saint Vincent and the Grenadines,VCT,2007,0.02
Saint Vincent and the Grenadines,VCT,2008,0.02
Saint Vincent and the Grenadines,VCT,2009,0.02
Saint Vincent and the Grenadines,VCT,2010,0.03
Saint Vincent and the Grenadines,VCT,2011,0.03
Saint Vincent and the Grenadines,VCT,2012,0.03
Saint Vincent and the Grenadines,VCT,2013,0.02
Saint Vincent and the Grenadines,VCT,2014,0.01
Saint Vincent and the Grenadines,VCT,2015,0.02
Saint Vincent and the Grenadines,VCT,2016,0.02
Saint Vincent and the Grenadines,VCT,2017,0.02
Saint Vincent and the Grenadines,VCT,2018,0.02
Saint Vincent and the Grenadines,VCT,2019,0.02
Saint Vincent and the Grenadines,VCT,2020,0.02
Saint Vincent and the Grenadines,VCT,2021,0.02
Saint Vincent and the Grenadines,VCT,2022,0.02
Saint Vincent and the Grenadines,VCT,2023,0.02
Samoa,WSM,2000,0.04
Samoa,WSM,2001,0.05
Samoa,WSM,2002,0.06
Samoa,WSM,2003,0.05
Samoa,WSM,2004,0.05
Samoa,WSM,2005,0.05
Samoa,WSM,2006,0.05
Samoa,WSM,2007,0.05
Samoa,WSM,2008,0.05
Samoa,WSM,2009,0.05
Samoa,WSM,2010,0.05
Samoa,WSM,2011,0.05
Samoa,WSM,2012,0.04
Samoa,WSM,2013,0.03
Samoa,WSM,2014,0.03
Samoa,WSM,2015,0.03
Samoa,WSM,2016,0.03
Samoa,WSM,2017,0.03
Samoa,WSM,2018,0.04
Samoa,WSM,2019,0.05
Samoa,WSM,2020,0.05
Samoa,WSM,2021,0.05
Samoa,WSM,2022,0.04
Samoa,WSM,2023,0.03
Sao Tome and Principe,STP,2000,0.01
Sao Tome and Principe,STP,2001,0
Sao Tome and Principe,STP,2002,0.01
Sao Tome and Principe,STP,2003,0.01
Sao Tome and Principe,STP,2004,0.01
Sao Tome and Principe,STP,2005,0
Sao Tome and Principe,STP,2006,0.01
Sao Tome and Principe,STP,2007,0.01
Sao Tome and Principe,STP,2008,0.01
Sao Tome and Principe,STP,2009,0.01
Sao Tome and Principe,STP,2010,0
Sao Tome and Principe,STP,2011,0.01
Sao Tome and Principe,STP,2012,0.01
Sao Tome and Principe,STP,2013,0.01
Sao Tome and Principe,STP,2014,0.01
Sao Tome and Principe,STP,2015,0.01
Sao Tome and Principe,STP,2016,0.01
Sao Tome and Principe,STP,2017,0
Sao Tome and Principe,STP,2018,0
Sao Tome and Principe,STP,2019,0.01
Sao Tome and Principe,STP,2020,0.01
Sao Tome and Principe,STP,2021,0.01
Sao Tome and Principe,STP,2022,0.01
Saudi Arabia,SAU,2000,0
Saudi Arabia,SAU,2001,0
Saudi Arabia,SAU,2002,0
Saudi Arabia,SAU,2003,0
Saudi Arabia,SAU,2004,0
Saudi Arabia,SAU,2005,0
Saudi Arabia,SAU,2006,0
Saudi Arabia,SAU,2007,0
Saudi Arabia,SAU,2008,0
Saudi Arabia,SAU,2009,0
Saudi Arabia,SAU,2010,0
Saudi Arabia,SAU,2011,0
Saudi Arabia,SAU,2012,0
Saudi Arabia,SAU,2013,0
Saudi Arabia,SAU,2014,0
Saudi Arabia,SAU,2015,0
Saudi Arabia,SAU,2016,0
Saudi Arabia,SAU,2017,0
Saudi Arabia,SAU,2018,0
Saudi Arabia,SAU,2019,0
Saudi Arabia,SAU,2020,0
Saudi Arabia,SAU,2021,0
Saudi Arabia,SAU,2022,0
Saudi Arabia,SAU,2023,0
Saudi Arabia,SAU,2024,0
Senegal,SEN,2000,0
Senegal,SEN,2001,0
Senegal,SEN,2002,0.19
Senegal,SEN,2003,0.33
Senegal,SEN,2004,0.29
Senegal,SEN,2005,0.26
Senegal,SEN,2006,0.23
Senegal,SEN,2007,0.18
Senegal,SEN,2008,0.23
Senegal,SEN,2009,0.24
Senegal,SEN,2010,0.25
Senegal,SEN,2011,0.25
Senegal,SEN,2012,0.29
Senegal,SEN,2013,0.31
Senegal,SEN,2014,0.31
Senegal,SEN,2015,0.33
Senegal,SEN,2016,0.36
Senegal,SEN,2017,0.36
Senegal,SEN,2018,0.36
Senegal,SEN,2019,0.31
Senegal,SEN,2020,0.31
Senegal,SEN,2021,0.31
Senegal,SEN,2022,0.31
Senegal,SEN,2023,0.31
Serbia,SRB,2000,9.82
Serbia,SRB,2001,9.89
Serbia,SRB,2002,9.93
Serbia,SRB,2003,8.74
Serbia,SRB,2004,10.62
Serbia,SRB,2005,11.41
Serbia,SRB,2006,10.35
Serbia,SRB,2007,9.46
Serbia,SRB,2008,9.56
Serbia,SRB,2009,10.54
Serbia,SRB,2010,11.89
Serbia,SRB,2011,8.67
Serbia,SRB,2012,9.29
Serbia,SRB,2013,10.2
Serbia,SRB,2014,11
Serbia,SRB,2015,10.08
Serbia,SRB,2016,10.79
Serbia,SRB,2017,9.15
Serbia,SRB,2018,10.64
Serbia,SRB,2019,9.46
Serbia,SRB,2020,8.98
Serbia,SRB,2021,11.21
Serbia,SRB,2022,8.6
Serbia,SRB,2023,12.38
Serbia,SRB,2024,10.2
Seychelles,SYC,2000,0
Seychelles,SYC,2001,0
Seychelles,SYC,2002,0
Seychelles,SYC,2003,0
Seychelles,SYC,2004,0
Seychelles,SYC,2005,0
Seychelles,SYC,2006,0
Seychelles,SYC,2007,0
Seychelles,SYC,2008,0
Seychelles,SYC,2009,0
Seychelles,SYC,2010,0
Seychelles,SYC,2011,0
Seychelles,SYC,2012,0
Seychelles,SYC,2013,0
Seychelles,SYC,2014,0
Seychelles,SYC,2015,0
Seychelles,SYC,2016,0
Seychelles,SYC,2017,0
Seychelles,SYC,2018,0
Seychelles,SYC,2019,0
Seychelles,SYC,2020,0
Seychelles,SYC,2021,0
Seychelles,SYC,2022,0
Seychelles,SYC,2023,0
Sierra Leone,SLE,2000,0.01
Sierra Leone,SLE,2001,0.01
Sierra Leone,SLE,2002,0.02
Sierra Leone,SLE,2003,0.02
Sierra Leone,SLE,2004,0.02
Sierra Leone,SLE,2005,0.02
Sierra Leone,SLE,2006,0
Sierra Leone,SLE,2007,0.02
Sierra Leone,SLE,2008,0.02
Sierra Leone,SLE,2009,0.02
Sierra Leone,SLE,2010,0.12
Sierra Leone,SLE,2011,0.15
Sierra Leone,SLE,2012,0.12
Sierra Leone,SLE,2013,0.1
Sierra Leone,SLE,2014,0.12
Sierra Leone,SLE,2015,0.12
Sierra Leone,SLE,2016,0.13
Sierra Leone,SLE,2017,0.13
Sierra Leone,SLE,2018,0.17
Sierra Leone,SLE,2019,0.18
Sierra Leone,SLE,2020,0.18
Sierra Leone,SLE,2021,0.18
Sierra Leone,SLE,2022,0.18
Sierra Leone,SLE,2023,0.18
Singapore,SGP,2000,0
Singapore,SGP,2001,0
Singapore,SGP,2002,0
Singapore,SGP,2003,0
Singapore,SGP,2004,0
Singapore,SGP,2005,0
Singapore,SGP,2006,0
Singapore,SGP,2007,0
Singapore,SGP,2008,0
Singapore,SGP,2009,0
Singapore,SGP,2010,0
Singapore,SGP,2011,0
Singapore,SGP,2012,0
Singapore,SGP,2013,0
Singapore,SGP,2014,0
Singapore,SGP,2015,0
Singapore,SGP,2016,0
Singapore,SGP,2017,0
Singapore,SGP,2018,0
Singapore,SGP,2019,0
Singapore,SGP,2020,0
Singapore,SGP,2021,0
Singapore,SGP,2022,0
Singapore,SGP,2023,0
Singapore,SGP,2024,0
Slovakia,SVK,2000,4.61
Slovakia,SVK,2001,4.93
Slovakia,SVK,2002,5.27
Slovakia,SVK,2003,3.48
Slovakia,SVK,2004,4.1
Slovakia,SVK,2005,4.64
Slovakia,SVK,2006,4.4
Slovakia,SVK,2007,4.45
Slovakia,SVK,2008,4.04
Slovakia,SVK,2009,4.37
Slovakia,SVK,2010,5.26
Slovakia,SVK,2011,3.78
Slovakia,SVK,2012,4.1
Slovakia,SVK,2013,4.85
Slovakia,SVK,2014,4.21
Slovakia,SVK,2015,3.87
Slovakia,SVK,2016,4.36
Slovakia,SVK,2017,4.32
Slovakia,SVK,2018,3.59
Slovakia,SVK,2019,4.36
Slovakia,SVK,2020,4.52
Slovakia,SVK,2021,4.26
Slovakia,SVK,2022,3.68
Slovakia,SVK,2023,4.69
Slovakia,SVK,2024,4.81
Slovenia,SVN,2000,3.83
Slovenia,SVN,2001,3.8
Slovenia,SVN,2002,3.31
Slovenia,SVN,2003,2.96
Slovenia,SVN,2004,4.09
Slovenia,SVN,2005,3.46
Slovenia,SVN,2006,3.59
Slovenia,SVN,2007,3.27
Slovenia,SVN,2008,4.02
Slovenia,SVN,2009,4.71
Slovenia,SVN,2010,4.52
Slovenia,SVN,2011,3.56
Slovenia,SVN,2012,3.9
Slovenia,SVN,2013,4.63
Slovenia,SVN,2014,6.09
Slovenia,SVN,2015,3.81
Slovenia,SVN,2016,4.5
Slovenia,SVN,2017,3.87
Slovenia,SVN,2018,4.7
Slovenia,SVN,2019,4.48
Slovenia,SVN,2020,4.93
Slovenia,SVN,2021,4.71
Slovenia,SVN,2022,3.15
Slovenia,SVN,2023,5.02
Slovenia,SVN,2024,5.3
Solomon Islands,SLB,2000,0
Solomon Islands,SLB,2001,0
Solomon Islands,SLB,2002,0
Solomon Islands,SLB,2003,0
Solomon Islands,SLB,2004,0
Solomon Islands,SLB,2005,0
Solomon Islands,SLB,2006,0
Solomon Islands,SLB,2007,0
Solomon Islands,SLB,2008,0
Solomon Islands,SLB,2009,0
Solomon Islands,SLB,2010,0
Solomon Islands,SLB,2011,0
Solomon Islands,SLB,2012,0
Solomon Islands,SLB,2013,0
Solomon Islands,SLB,2014,0
Solomon Islands,SLB,2015,0
Solomon Islands,SLB,2016,0
Solomon Islands,SLB,2017,0
Solomon Islands,SLB,2018,0
Solomon Islands,SLB,2019,0
Solomon Islands,SLB,2020,0
Solomon Islands,SLB,2021,0
Solomon Islands,SLB,2022,0
Solomon Islands,SLB,2023,0
Somalia,SOM,2000,0
Somalia,SOM,2001,0
Somalia,SOM,2002,0
Somalia,SOM,2003,0
Somalia,SOM,2004,0
Somalia,SOM,2005,0
Somalia,SOM,2006,0
Somalia,SOM,2007,0
Somalia,SOM,2008,0
Somalia,SOM,2009,0
Somalia,SOM,2010,0
Somalia,SOM,2011,0
Somalia,SOM,2012,0
Somalia,SOM,2013,0
Somalia,SOM,2014,0
Somalia,SOM,2015,0
Somalia,SOM,2016,0
Somalia,SOM,2017,0
Somalia,SOM,2018,0
Somalia,SOM,2019,0
Somalia,SOM,2020,0
Somalia,SOM,2021,0
Somalia,SOM,2022,0
Somalia,SOM,2023,0
South Africa,ZAF,2000,1.1
South Africa,ZAF,2001,1.72
South Africa,ZAF,2002,2.08
South Africa,ZAF,2003,0.83
South Africa,ZAF,2004,0.95
South Africa,ZAF,2005,1.33
South Africa,ZAF,2006,2.9
South Africa,ZAF,2007,2.87
South Africa,ZAF,2008,1.26
South Africa,ZAF,2009,1.45
South Africa,ZAF,2010,1.14
South Africa,ZAF,2011,3.06
South Africa,ZAF,2012,1.02
South Africa,ZAF,2013,1.1
South Africa,ZAF,2014,1.8
South Africa,ZAF,2015,0.73
South Africa,ZAF,2016,0.62
South Africa,ZAF,2017,0.78
South Africa,ZAF,2018,1.1
South Africa,ZAF,2019,0.74
South Africa,ZAF,2020,1.47
South Africa,ZAF,2021,2.02
South Africa,ZAF,2022,3.1
South Africa,ZAF,2023,1.69
South Africa,ZAF,2024,0.77
South America,,2000,534.48
South America,,2001,499.55002
South America,,2002,523.64
South America,,2003,546.22
South America,,2004,567.64996
South America,,2005,600.46
South America,,2006,627.2
South America,,2007,649.08997
South America,,2008,651.33
South America,,2009,669.36
South America,,2010,669.96
South America,,2011,713.05
South America,,2012,696.43
South America,,2013,682.39996
South America,,2014,641.96
South America,,2015,642.42
South America,,2016,659.26
South America,,2017,664.39
South America,,2018,681.59
South America,,2019,668.31
South America,,2020,662.57
South America,,2021,635.93
South America,,2022,702.1
South America,,2023,709.24
South Korea,KOR,2000,4.01
South Korea,KOR,2001,2.33
South Korea,KOR,2002,3.23
South Korea,KOR,2003,4.89
South Korea,KOR,2004,4.31
South Korea,KOR,2005,3.67
South Korea,KOR,2006,3.47
South Korea,KOR,2007,3.63
South Korea,KOR,2008,3.07
South Korea,KOR,2009,2.81
South Korea,KOR,2010,3.68
South Korea,KOR,2011,4.6
South Korea,KOR,2012,3.97
South Korea,KOR,2013,4.29
South Korea,KOR,2014,2.75
South Korea,KOR,2015,2.15
South Korea,KOR,2016,2.85
South Korea,KOR,2017,2.81
South Korea,KOR,2018,3.36
South Korea,KOR,2019,2.79
South Korea,KOR,2020,3.88
South Korea,KOR,2021,3.05
South Korea,KOR,2022,3.54
South Korea,KOR,2023,3.72
South Korea,KOR,2024,4.31
South Sudan,SSD,2012,0
South Sudan,SSD,2013,0
South Sudan,SSD,2014,0
South Sudan,SSD,2015,0
South Sudan,SSD,2016,0
South Sudan,SSD,2017,0
South Sudan,SSD,2018,0
South Sudan,SSD,2019,0
South Sudan,SSD,2020,0
South Sudan,SSD,2021,0
South Sudan,SSD,2022,0
South Sudan,SSD,2023,0
South and Central America (EI),,2000,550.31305
South and Central America (EI),,2001,516.229
South and Central America (EI),,2002,541.89294
South and Central America (EI),,2003,565.5637
South and Central America (EI),,2004,584.2788
South and Central America (EI),,2005,619.22626
South and Central America (EI),,2006,647.2634
South and Central America (EI),,2007,669.4346
South and Central America (EI),,2008,674.5294
South and Central America (EI),,2009,691.6426
South and Central America (EI),,2010,693.9942
South and Central America (EI),,2011,735.3732
South and Central America (EI),,2012,722.45154
South and Central America (EI),,2013,699.75256
South and Central America (EI),,2014,679.2487
South and Central America (EI),,2015,663.208
South and Central America (EI),,2016,679.31836
South and Central America (EI),,2017,701.0984
South and Central America (EI),,2018,717.16223
South and Central America (EI),,2019,705.525
South and Central America (EI),,2020,697.0964
South and Central America (EI),,2021,668.9705
South and Central America (EI),,2022,745.1074
South and Central America (EI),,2023,755.1543
South and Central America (EI),,2024,735.7444
Spain,ESP,2000,28.26
Spain,ESP,2001,40.89
Spain,ESP,2002,21.22
Spain,ESP,2003,40.48
Spain,ESP,2004,31.08
Spain,ESP,2005,18.39
Spain,ESP,2006,25.96
Spain,ESP,2007,27.31
Spain,ESP,2008,23.36
Spain,ESP,2009,26.41
Spain,ESP,2010,42.3
Spain,ESP,2011,30.6
Spain,ESP,2012,20.55
Spain,ESP,2013,36.87
Spain,ESP,2014,39.17
Spain,ESP,2015,28.14
Spain,ESP,2016,36.4
Spain,ESP,2017,18.32
Spain,ESP,2018,34.33
Spain,ESP,2019,24.65
Spain,ESP,2020,30.51
Spain,ESP,2021,29.63
Spain,ESP,2022,17.59
Spain,ESP,2023,25
Spain,ESP,2024,32.63
Sri Lanka,LKA,2000,3.21
Sri Lanka,LKA,2001,3.12
Sri Lanka,LKA,2002,2.7
Sri Lanka,LKA,2003,3.32
Sri Lanka,LKA,2004,2.97
Sri Lanka,LKA,2005,3.46
Sri Lanka,LKA,2006,4.64
Sri Lanka,LKA,2007,3.96
Sri Lanka,LKA,2008,4.14
Sri Lanka,LKA,2009,3.89
Sri Lanka,LKA,2010,5.64
Sri Lanka,LKA,2011,4.63
Sri Lanka,LKA,2012,3.3
Sri Lanka,LKA,2013,6.93
Sri Lanka,LKA,2014,4.56
Sri Lanka,LKA,2015,6
Sri Lanka,LKA,2016,4.25
Sri Lanka,LKA,2017,4.03
Sri Lanka,LKA,2018,6.41
Sri Lanka,LKA,2019,4.82
Sri Lanka,LKA,2020,4.98
Sri Lanka,LKA,2021,7.23
Sri Lanka,LKA,2022,5.11
Sri Lanka,LKA,2023,6.06
Sri Lanka,LKA,2024,7.09
Sudan,SDN,2000,1.17
Sudan,SDN,2001,1.25
Sudan,SDN,2002,1.27
Sudan,SDN,2003,1.15
Sudan,SDN,2004,1.1
Sudan,SDN,2005,1.25
Sudan,SDN,2006,1.36
Sudan,SDN,2007,1.44
Sudan,SDN,2008,1.45
Sudan,SDN,2009,3.2
Sudan,SDN,2010,6.14
Sudan,SDN,2011,6.4
Sudan,SDN,2012,6.55
Sudan,SDN,2013,8.23
Sudan,SDN,2014,8.82
Sudan,SDN,2015,8.34
Sudan,SDN,2016,8.05
Sudan,SDN,2017,9.35
Sudan,SDN,2018,9.66
Sudan,SDN,2019,10.21
Sudan,SDN,2020,11.01
Sudan,SDN,2021,10.95
Sudan,SDN,2022,11.8
Sudan,SDN,2023,11.5
Suriname,SUR,2000,0.71
Suriname,SUR,2001,0.73
Suriname,SUR,2002,0.74
Suriname,SUR,2003,0.75
Suriname,SUR,2004,0.76
Suriname,SUR,2005,0.82
Suriname,SUR,2006,0.86
Suriname,SUR,2007,0.86
Suriname,SUR,2008,0.86
Suriname,SUR,2009,0.86
Suriname,SUR,2010,1.2
Suriname,SUR,2011,1.03
Suriname,SUR,2012,0.82
Suriname,SUR,2013,0.83
Suriname,SUR,2014,0.55
Suriname,SUR,2015,0.47
Suriname,SUR,2016,0.78
Suriname,SUR,2017,0.92
Suriname,SUR,2018,0.99
Suriname,SUR,2019,0.95
Suriname,SUR,2020,0.97
Suriname,SUR,2021,0.99
Suriname,SUR,2022,0.92
Suriname,SUR,2023,0.9
Sweden,SWE,2000,78.58
Sweden,SWE,2001,79.06
Sweden,SWE,2002,66.36
Sweden,SWE,2003,53.54
Sweden,SWE,2004,60.12
Sweden,SWE,2005,72.8
Sweden,SWE,2006,61.72
Sweden,SWE,2007,66.16
Sweden,SWE,2008,69.07
Sweden,SWE,2009,65.85
Sweden,SWE,2010,66.4
Sweden,SWE,2011,66.43
Sweden,SWE,2012,78.93
Sweden,SWE,2013,61.36
Sweden,SWE,2014,63.76
Sweden,SWE,2015,75.31
Sweden,SWE,2016,62.02
Sweden,SWE,2017,65.14
Sweden,SWE,2018,62.21
Sweden,SWE,2019,65.37
Sweden,SWE,2020,72.39
Sweden,SWE,2021,73.89
Sweden,SWE,2022,69.87
Sweden,SWE,2023,66.19
Sweden,SWE,2024,65.11
Switzerland,CHE,2000,36.83
Switzerland,CHE,2001,41.31
Switzerland,CHE,2002,35.17
Switzerland,CHE,2003,34.76
Switzerland,CHE,2004,33.75
Switzerland,CHE,2005,31.23
Switzerland,CHE,2006,30.96
Switzerland,CHE,2007,35.25
Switzerland,CHE,2008,36.04
Switzerland,CHE,2009,35.72
Switzerland,CHE,2010,36.06
Switzerland,CHE,2011,32.39
Switzerland,CHE,2012,38.6
Switzerland,CHE,2013,38.46
Switzerland,CHE,2014,38.04
Switzerland,CHE,2015,38.26
Switzerland,CHE,2016,34.62
Switzerland,CHE,2017,34.09
Switzerland,CHE,2018,34.99
Switzerland,CHE,2019,38.04
Switzerland,CHE,2020,37.87
Switzerland,CHE,2021,36.96
Switzerland,CHE,2022,29.9
Switzerland,CHE,2023,37.18
Switzerland,CHE,2024,44.73
Syria,SYR,2000,3.23
Syria,SYR,2001,3.41
Syria,SYR,2002,2.45
Syria,SYR,2003,2.76
Syria,SYR,2004,4.18
Syria,SYR,2005,4.32
Syria,SYR,2006,3.94
Syria,SYR,2007,3.48
Syria,SYR,2008,2.87
Syria,SYR,2009,1.87
Syria,SYR,2010,2.59
Syria,SYR,2011,3
Syria,SYR,2012,2.96
Syria,SYR,2013,3
Syria,SYR,2014,2.34
Syria,SYR,2015,0.41
Syria,SYR,2016,0.93
Syria,SYR,2017,0.75
Syria,SYR,2018,0.75
Syria,SYR,2019,0.75
Syria,SYR,2020,0.75
Syria,SYR,2021,0.75
Syria,SYR,2022,0.75
Taiwan,TWN,2000,4.56
Taiwan,TWN,2001,5.09
Taiwan,TWN,2002,2.78
Taiwan,TWN,2003,3.03
Taiwan,TWN,2004,3.21
Taiwan,TWN,2005,4.07
Taiwan,TWN,2006,4.09
Taiwan,TWN,2007,4.42
Taiwan,TWN,2008,4.31
Taiwan,TWN,2009,3.75
Taiwan,TWN,2010,4.19
Taiwan,TWN,2011,4
Taiwan,TWN,2012,5.67
Taiwan,TWN,2013,5.42
Taiwan,TWN,2014,4.32
Taiwan,TWN,2015,4.47
Taiwan,TWN,2016,6.56
Taiwan,TWN,2017,5.45
Taiwan,TWN,2018,4.48
Taiwan,TWN,2019,5.54
Taiwan,TWN,2020,3.02
Taiwan,TWN,2021,3.47
Taiwan,TWN,2022,5.84
Taiwan,TWN,2023,3.96
Taiwan,TWN,2024,4.2
Tajikistan,TJK,2000,14.02
Tajikistan,TJK,2001,14.21
Tajikistan,TJK,2002,15.16
Tajikistan,TJK,2003,16.34
Tajikistan,TJK,2004,16.34
Tajikistan,TJK,2005,16.97
Tajikistan,TJK,2006,16.7
Tajikistan,TJK,2007,17.11
Tajikistan,TJK,2008,15.8
Tajikistan,TJK,2009,15.9
Tajikistan,TJK,2010,16.4
Tajikistan,TJK,2011,16.2
Tajikistan,TJK,2012,16.9
Tajikistan,TJK,2013,17.07
Tajikistan,TJK,2014,16
Tajikistan,TJK,2015,17
Tajikistan,TJK,2016,16.63
Tajikistan,TJK,2017,17.13
Tajikistan,TJK,2018,18.39
Tajikistan,TJK,2019,19.17
Tajikistan,TJK,2020,18.11
Tajikistan,TJK,2021,18.66
Tajikistan,TJK,2022,19.92
Tajikistan,TJK,2023,20
Tajikistan,TJK,2024,20.2
Tanzania,TZA,2000,2.13
Tanzania,TZA,2001,2.64
Tanzania,TZA,2002,2.72
Tanzania,TZA,2003,2.55
Tanzania,TZA,2004,2.01
Tanzania,TZA,2005,1.78
Tanzania,TZA,2006,1.44
Tanzania,TZA,2007,2.52
Tanzania,TZA,2008,2.65
Tanzania,TZA,2009,2.64
Tanzania,TZA,2010,2.7
Tanzania,TZA,2011,1.99
Tanzania,TZA,2012,1.77
Tanzania,TZA,2013,1.72
Tanzania,TZA,2014,2.59
Tanzania,TZA,2015,2.11
Tanzania,TZA,2016,2.37
Tanzania,TZA,2017,2.35
Tanzania,TZA,2018,2.23
Tanzania,TZA,2019,2.48
Tanzania,TZA,2020,3.14
Tanzania,TZA,2021,3.09
Tanzania,TZA,2022,2.82
Tanzania,TZA,2023,2.7
Thailand,THA,2000,5.89
Thailand,THA,2001,6.17
Thailand,THA,2002,7.37
Thailand,THA,2003,7.21
Thailand,THA,2004,5.9
Thailand,THA,2005,5.67
Thailand,THA,2006,7.95
Thailand,THA,2007,7.96
Thailand,THA,2008,6.95
Thailand,THA,2009,6.97
Thailand,THA,2010,5.35
Thailand,THA,2011,7.93
Thailand,THA,2012,8.43
Thailand,THA,2013,5.41
Thailand,THA,2014,5.16
Thailand,THA,2015,3.76
Thailand,THA,2016,3.54
Thailand,THA,2017,4.69
Thailand,THA,2018,7.6
Thailand,THA,2019,6.31
Thailand,THA,2020,4.54
Thailand,THA,2021,4.54
Thailand,THA,2022,6.6
Thailand,THA,2023,6.59
Thailand,THA,2024,6.41
Togo,TGO,2000,0.1
Togo,TGO,2001,0.05
Togo,TGO,2002,0.09
Togo,TGO,2003,0.12
Togo,TGO,2004,0.08
Togo,TGO,2005,0.07
Togo,TGO,2006,0.09
Togo,TGO,2007,0.09
Togo,TGO,2008,0.09
Togo,TGO,2009,0.11
Togo,TGO,2010,0.09
Togo,TGO,2011,0.1
Togo,TGO,2012,0.09
Togo,TGO,2013,0.04
Togo,TGO,2014,0.12
Togo,TGO,2015,0.06
Togo,TGO,2016,0.2
Togo,TGO,2017,0.21
Togo,TGO,2018,0.2
Togo,TGO,2019,0.12
Togo,TGO,2020,0.08
Togo,TGO,2021,0.09
Togo,TGO,2022,0.08
Togo,TGO,2023,0.08
Tonga,TON,2000,0
Tonga,TON,2001,0
Tonga,TON,2002,0
Tonga,TON,2003,0
Tonga,TON,2004,0
Tonga,TON,2005,0
Tonga,TON,2006,0
Tonga,TON,2007,0
Tonga,TON,2008,0
Tonga,TON,2009,0
Tonga,TON,2010,0
Tonga,TON,2011,0
Tonga,TON,2012,0
Tonga,TON,2013,0
Tonga,TON,2014,0
Tonga,TON,2015,0
Tonga,TON,2016,0
Tonga,TON,2017,0
Tonga,TON,2018,0
Tonga,TON,2019,0
Tonga,TON,2020,0
Tonga,TON,2021,0
Tonga,TON,2022,0
Tonga,TON,2023,0
Trinidad and Tobago,TTO,2000,0
Trinidad and Tobago,TTO,2001,0
Trinidad and Tobago,TTO,2002,0
Trinidad and Tobago,TTO,2003,0
Trinidad and Tobago,TTO,2004,0
Trinidad and Tobago,TTO,2005,0
Trinidad and Tobago,TTO,2006,0
Trinidad and Tobago,TTO,2007,0
Trinidad and Tobago,TTO,2008,0
Trinidad and Tobago,TTO,2009,0
Trinidad and Tobago,TTO,2010,0
Trinidad and Tobago,TTO,2011,0
Trinidad and Tobago,TTO,2012,0
Trinidad and Tobago,TTO,2013,0
Trinidad and Tobago,TTO,2014,0
Trinidad and Tobago,TTO,2015,0
Trinidad and Tobago,TTO,2016,0
Trinidad and Tobago,TTO,2017,0
Trinidad and Tobago,TTO,2018,0
Trinidad and Tobago,TTO,2019,0
Trinidad and Tobago,TTO,2020,0
Trinidad and Tobago,TTO,2021,0
Trinidad and Tobago,TTO,2022,0
Trinidad and Tobago,TTO,2023,0
Trinidad and Tobago,TTO,2024,0
Tunisia,TUN,2000,0.06
Tunisia,TUN,2001,0.05
Tunisia,TUN,2002,0.06
Tunisia,TUN,2003,0.16
Tunisia,TUN,2004,0.15
Tunisia,TUN,2005,0.14
Tunisia,TUN,2006,0.09
Tunisia,TUN,2007,0.05
Tunisia,TUN,2008,0.03
Tunisia,TUN,2009,0.08
Tunisia,TUN,2010,0.05
Tunisia,TUN,2011,0.05
Tunisia,TUN,2012,0.11
Tunisia,TUN,2013,0.06
Tunisia,TUN,2014,0.05
Tunisia,TUN,2015,0.07
Tunisia,TUN,2016,0.05
Tunisia,TUN,2017,0.02
Tunisia,TUN,2018,0.02
Tunisia,TUN,2019,0.07
Tunisia,TUN,2020,0.05
Tunisia,TUN,2021,0.03
Tunisia,TUN,2022,0.01
Tunisia,TUN,2023,0.01
Tunisia,TUN,2024,0.01
Turkey,TUR,2000,30.88
Turkey,TUR,2001,24.01
Turkey,TUR,2002,33.68
Turkey,TUR,2003,35.33
Turkey,TUR,2004,46.08
Turkey,TUR,2005,39.56
Turkey,TUR,2006,44.24
Turkey,TUR,2007,35.85
Turkey,TUR,2008,33.27
Turkey,TUR,2009,35.96
Turkey,TUR,2010,51.8
Turkey,TUR,2011,52.34
Turkey,TUR,2012,57.86
Turkey,TUR,2013,59.42
Turkey,TUR,2014,40.64
Turkey,TUR,2015,67.15
Turkey,TUR,2016,67.23
Turkey,TUR,2017,58.22
Turkey,TUR,2018,59.75
Turkey,TUR,2019,88.64
Turkey,TUR,2020,77.86
Turkey,TUR,2021,55.51
Turkey,TUR,2022,66.66
Turkey,TUR,2023,63.72
Turkey,TUR,2024,74.57
Turkmenistan,TKM,2000,0
Turkmenistan,TKM,2001,0
Turkmenistan,TKM,2002,0
Turkmenistan,TKM,2003,0
Turkmenistan,TKM,2004,0
Turkmenistan,TKM,2005,0
Turkmenistan,TKM,2006,0
Turkmenistan,TKM,2007,0
Turkmenistan,TKM,2008,0
Turkmenistan,TKM,2009,0
Turkmenistan,TKM,2010,0
Turkmenistan,TKM,2011,0
Turkmenistan,TKM,2012,0
Turkmenistan,TKM,2013,0
Turkmenistan,TKM,2014,0
Turkmenistan,TKM,2015,0
Turkmenistan,TKM,2016,0
Turkmenistan,TKM,2017,0
Turkmenistan,TKM,2018,0
Turkmenistan,TKM,2019,0
Turkmenistan,TKM,2020,0
Turkmenistan,TKM,2021,0.01
Turkmenistan,TKM,2022,0.01
Turkmenistan,TKM,2023,0.01
Turkmenistan,TKM,2024,0.00315863
Turks and Caicos Islands,TCA,2000,0
Turks and Caicos Islands,TCA,2001,0
Turks and Caicos Islands,TCA,2002,0
Turks and Caicos Islands,TCA,2003,0
Turks and Caicos Islands,TCA,2004,0
Turks and Caicos Islands,TCA,2005,0
Turks and Caicos Islands,TCA,2006,0
Turks and Caicos Islands,TCA,2007,0
Turks and Caicos Islands,TCA,2008,0
Turks and Caicos Islands,TCA,2009,0
Turks and Caicos Islands,TCA,2010,0
Turks and Caicos Islands,TCA,2011,0
Turks and Caicos Islands,TCA,2012,0
Turks and Caicos Islands,TCA,2013,0
Turks and Caicos Islands,TCA,2014,0
Turks and Caicos Islands,TCA,2015,0
Turks and Caicos Islands,TCA,2016,0
Turks and Caicos Islands,TCA,2017,0
Turks and Caicos Islands,TCA,2018,0
Turks and Caicos Islands,TCA,2019,0
Turks and Caicos Islands,TCA,2020,0
Turks and Caicos Islands,TCA,2021,0
Turks and Caicos Islands,TCA,2022,0
Turks and Caicos Islands,TCA,2023,0
Uganda,UGA,2000,1.55
Uganda,UGA,2001,1.55
Uganda,UGA,2002,1.67
Uganda,UGA,2003,1.75
Uganda,UGA,2004,1.89
Uganda,UGA,2005,1.84
Uganda,UGA,2006,1.16
Uganda,UGA,2007,1.4
Uganda,UGA,2008,1.63
Uganda,UGA,2009,1.4
Uganda,UGA,2010,1.49
Uganda,UGA,2011,1.53
Uganda,UGA,2012,2.45
Uganda,UGA,2013,2.87
Uganda,UGA,2014,2.87
Uganda,UGA,2015,3.09
Uganda,UGA,2016,3.3
Uganda,UGA,2017,3.44
Uganda,UGA,2018,3.64
Uganda,UGA,2019,4.04
Uganda,UGA,2020,4.08
Uganda,UGA,2021,4.64
Uganda,UGA,2022,4.98
Ukraine,UKR,2000,11.27
Ukraine,UKR,2001,12.03
Ukraine,UKR,2002,9.63
Ukraine,UKR,2003,9.24
Ukraine,UKR,2004,11.75
Ukraine,UKR,2005,12.36
Ukraine,UKR,2006,12.89
Ukraine,UKR,2007,10.14
Ukraine,UKR,2008,11.51
Ukraine,UKR,2009,11.94
Ukraine,UKR,2010,13.15
Ukraine,UKR,2011,10.94
Ukraine,UKR,2012,10.48
Ukraine,UKR,2013,13.8
Ukraine,UKR,2014,8.48
Ukraine,UKR,2015,5.4
Ukraine,UKR,2016,7.68
Ukraine,UKR,2017,8.95
Ukraine,UKR,2018,10.43
Ukraine,UKR,2019,6.51
Ukraine,UKR,2020,7.56
Ukraine,UKR,2021,10.42
Ukraine,UKR,2022,11.1
Ukraine,UKR,2023,12.71
Ukraine,UKR,2024,12.71
United Arab Emirates,ARE,2000,0
United Arab Emirates,ARE,2001,0
United Arab Emirates,ARE,2002,0
United Arab Emirates,ARE,2003,0
United Arab Emirates,ARE,2004,0
United Arab Emirates,ARE,2005,0
United Arab Emirates,ARE,2006,0
United Arab Emirates,ARE,2007,0
United Arab Emirates,ARE,2008,0
United Arab Emirates,ARE,2009,0
United Arab Emirates,ARE,2010,0
United Arab Emirates,ARE,2011,0
United Arab Emirates,ARE,2012,0
United Arab Emirates,ARE,2013,0
United Arab Emirates,ARE,2014,0
United Arab Emirates,ARE,2015,0
United Arab Emirates,ARE,2016,0
United Arab Emirates,ARE,2017,0
United Arab Emirates,ARE,2018,0
United Arab Emirates,ARE,2019,0
United Arab Emirates,ARE,2020,0
United Arab Emirates,ARE,2021,0
United Arab Emirates,ARE,2022,0
United Arab Emirates,ARE,2023,0
United Arab Emirates,ARE,2024,0
United Kingdom,GBR,2000,5.09
United Kingdom,GBR,2001,4.05
United Kingdom,GBR,2002,4.79
United Kingdom,GBR,2003,3.23
United Kingdom,GBR,2004,4.84
United Kingdom,GBR,2005,4.92
United Kingdom,GBR,2006,4.59
United Kingdom,GBR,2007,5.08
United Kingdom,GBR,2008,5.14
United Kingdom,GBR,2009,5.23
United Kingdom,GBR,2010,3.59
United Kingdom,GBR,2011,5.69
United Kingdom,GBR,2012,5.31
United Kingdom,GBR,2013,4.7
United Kingdom,GBR,2014,5.89
United Kingdom,GBR,2015,6.3
United Kingdom,GBR,2016,5.37
United Kingdom,GBR,2017,5.88
United Kingdom,GBR,2018,5.44
United Kingdom,GBR,2019,5.93
United Kingdom,GBR,2020,6.87
United Kingdom,GBR,2021,5.4
United Kingdom,GBR,2022,5.64
United Kingdom,GBR,2023,5.19
United Kingdom,GBR,2024,5.52
United States,USA,2000,270.03
United States,USA,2001,208.14
United States,USA,2002,255.59
United States,USA,2003,267.27
United States,USA,2004,259.93
United States,USA,2005,263.76
United States,USA,2006,282.69
United States,USA,2007,240.61
United States,USA,2008,248.54
United States,USA,2009,268.82
United States,USA,2010,254.7
United States,USA,2011,312.93
United States,USA,2012,271.29
United States,USA,2013,263.88
United States,USA,2014,253.19
United States,USA,2015,243.99
United States,USA,2016,261.13
United States,USA,2017,293.84
United States,USA,2018,286.62
United States,USA,2019,282.61
United States,USA,2020,279.95
United States,USA,2021,246.47
United States,USA,2022,248.76
United States,USA,2023,239.01
United States,USA,2024,236.32
United States Virgin Islands,VIR,2000,0
United States Virgin Islands,VIR,2001,0
United States Virgin Islands,VIR,2002,0
United States Virgin Islands,VIR,2003,0
United States Virgin Islands,VIR,2004,0
United States Virgin Islands,VIR,2005,0
United States Virgin Islands,VIR,2006,0
United States Virgin Islands,VIR,2007,0
United States Virgin Islands,VIR,2008,0
United States Virgin Islands,VIR,2009,0
United States Virgin Islands,VIR,2010,0
United States Virgin Islands,VIR,2011,0
United States Virgin Islands,VIR,2012,0
United States Virgin Islands,VIR,2013,0
United States Virgin Islands,VIR,2014,0
United States Virgin Islands,VIR,2015,0
United States Virgin Islands,VIR,2016,0
United States Virgin Islands,VIR,2017,0
United States Virgin Islands,VIR,2018,0
United States Virgin Islands,VIR,2019,0
United States Virgin Islands,VIR,2020,0
United States Virgin Islands,VIR,2021,0
United States Virgin Islands,VIR,2022,0
United States Virgin Islands,VIR,2023,0
Upper-middle-income countries,,2000,874.9
Upper-middle-income countries,,2001,880.61
Upper-middle-income countries,,2002,923.87
Upper-middle-income countries,,2003,941.24
Upper-middle-income countries,,2004,1059.89
Upper-middle-income countries,,2005,1140.08
Upper-middle-income countries,,2006,1218.37
Upper-middle-income countries,,2007,1272.4
Upper-middle-income countries,,2008,1428.5801
Upper-middle-income countries,,2009,1416.2
Upper-middle-income countries,,2010,1562.23
Upper-middle-income countries,,2011,1567.2899
Upper-middle-income countries,,2012,1730.41
Upper-middle-income countries,,2013,1776.62
Upper-middle-income countries,,2014,1862.8799
Upper-middle-income countries,,2015,1929.35
Upper-middle-income countries,,2016,2009.53
Upper-middle-income countries,,2017,2023.8
Upper-middle-income countries,,2018,2085.22
Upper-middle-income countries,,2019,2176.8801
Upper-middle-income countries,,2020,2207.82
Upper-middle-income countries,,2021,2154.37
Upper-middle-income countries,,2022,2231.59
Upper-middle-income countries,,2023,2158.12
Uruguay,URY,2000,7.05
Uruguay,URY,2001,9.19
Uruguay,URY,2002,9.53
Uruguay,URY,2003,8.53
Uruguay,URY,2004,4.78
Uruguay,URY,2005,6.68
Uruguay,URY,2006,3.55
Uruguay,URY,2007,8.02
Uruguay,URY,2008,4.5
Uruguay,URY,2009,5.06
Uruguay,URY,2010,8.41
Uruguay,URY,2011,6.48
Uruguay,URY,2012,5.42
Uruguay,URY,2013,8.21
Uruguay,URY,2014,9.65
Uruguay,URY,2015,8.27
Uruguay,URY,2016,7.84
Uruguay,URY,2017,7.52
Uruguay,URY,2018,6.56
Uruguay,URY,2019,8.11
Uruguay,URY,2020,4.09
Uruguay,URY,2021,5.27
Uruguay,URY,2022,5.69
Uruguay,URY,2023,3.52
Uruguay,URY,2024,7.28
Uzbekistan,UZB,2000,3.53
Uzbekistan,UZB,2001,4.36
Uzbekistan,UZB,2002,6.02
Uzbekistan,UZB,2003,8.17
Uzbekistan,UZB,2004,6.1
Uzbekistan,UZB,2005,8.93
Uzbekistan,UZB,2006,4.65
Uzbekistan,UZB,2007,4.67
Uzbekistan,UZB,2008,4.49
Uzbekistan,UZB,2009,6.48
Uzbekistan,UZB,2010,8.19
Uzbekistan,UZB,2011,5.7
Uzbekistan,UZB,2012,6.65
Uzbekistan,UZB,2013,5.7
Uzbekistan,UZB,2014,6.07
Uzbekistan,UZB,2015,6.82
Uzbekistan,UZB,2016,6.86
Uzbekistan,UZB,2017,7.93
Uzbekistan,UZB,2018,5.9
Uzbekistan,UZB,2019,6.46
Uzbekistan,UZB,2020,5
Uzbekistan,UZB,2021,4.97
Uzbekistan,UZB,2022,6.48
Uzbekistan,UZB,2023,6.6
Uzbekistan,UZB,2024,8.2
Vanuatu,VUT,2000,0
Vanuatu,VUT,2001,0
Vanuatu,VUT,2002,0
Vanuatu,VUT,2003,0
Vanuatu,VUT,2004,0
Vanuatu,VUT,2005,0
Vanuatu,VUT,2006,0
Vanuatu,VUT,2007,0
Vanuatu,VUT,2008,0
Vanuatu,VUT,2009,0
Vanuatu,VUT,2010,0
Vanuatu,VUT,2011,0
Vanuatu,VUT,2012,0
Vanuatu,VUT,2013,0
Vanuatu,VUT,2014,0
Vanuatu,VUT,2015,0
Vanuatu,VUT,2016,0
Vanuatu,VUT,2017,0
Vanuatu,VUT,2018,0.01
Vanuatu,VUT,2019,0.01
Vanuatu,VUT,2020,0.01
Vanuatu,VUT,2021,0.01
Vanuatu,VUT,2022,0.01
Vanuatu,VUT,2023,0.01
Venezuela,VEN,2000,62.89
Venezuela,VEN,2001,60.44
Venezuela,VEN,2002,59.53
Venezuela,VEN,2003,60.53
Venezuela,VEN,2004,70.07
Venezuela,VEN,2005,77.23
Venezuela,VEN,2006,81.6
Venezuela,VEN,2007,83.06
Venezuela,VEN,2008,86.84
Venezuela,VEN,2009,85.96
Venezuela,VEN,2010,76.78
Venezuela,VEN,2011,83.67
Venezuela,VEN,2012,82.01
Venezuela,VEN,2013,83.54
Venezuela,VEN,2014,64.29
Venezuela,VEN,2015,74.9
Venezuela,VEN,2016,62.96
Venezuela,VEN,2017,60.51
Venezuela,VEN,2018,58.15
Venezuela,VEN,2019,49.64
Venezuela,VEN,2020,62.51
Venezuela,VEN,2021,65.68
Venezuela,VEN,2022,64.51
Venezuela,VEN,2023,64.98
Venezuela,VEN,2024,72.83675
Vietnam,VNM,2000,14.55
Vietnam,VNM,2001,18.21
Vietnam,VNM,2002,18.2
Vietnam,VNM,2003,18.99
Vietnam,VNM,2004,17.82
Vietnam,VNM,2005,16.53
Vietnam,VNM,2006,19.71
Vietnam,VNM,2007,22.44
Vietnam,VNM,2008,25.98
Vietnam,VNM,2009,29.98
Vietnam,VNM,2010,28.52
Vietnam,VNM,2011,41.08
Vietnam,VNM,2012,53.31
Vietnam,VNM,2013,57.82
Vietnam,VNM,2014,62.16
Vietnam,VNM,2015,56.12
Vietnam,VNM,2016,63.94
Vietnam,VNM,2017,85.94
Vietnam,VNM,2018,83.08
Vietnam,VNM,2019,66.12
Vietnam,VNM,2020,72.87
Vietnam,VNM,2021,78.67
Vietnam,VNM,2022,95.91
Vietnam,VNM,2023,80.9
Vietnam,VNM,2024,95.84
Western Africa (EI),,2000,14.956968
Western Africa (EI),,2001,15.349982
Western Africa (EI),,2002,16.241856
Western Africa (EI),,2003,14.431892
Western Africa (EI),,2004,16.532358
Western Africa (EI),,2005,16.165274
Western Africa (EI),,2006,14.682668
Western Africa (EI),,2007,13.168417
Western Africa (EI),,2008,15.297708
Western Africa (EI),,2009,15.008674
Western Africa (EI),,2010,17.04404
Western Africa (EI),,2011,17.26542
Western Africa (EI),,2012,17.663212
Western Africa (EI),,2013,17.075733
Western Africa (EI),,2014,17.866093
Western Africa (EI),,2015,15.962548
Western Africa (EI),,2016,18.399588
Western Africa (EI),,2017,18.79208
Western Africa (EI),,2018,19.940195
Western Africa (EI),,2019,22.510422
Western Africa (EI),,2020,22.443417
Western Africa (EI),,2021,24.301472
Western Africa (EI),,2022,25.705883
Western Africa (EI),,2023,27.870361
Western Africa (EI),,2024,30.010748
Western Sahara,ESH,2000,0
Western Sahara,ESH,2001,0
Western Sahara,ESH,2002,0
Western Sahara,ESH,2003,0
Western Sahara,ESH,2004,0
Western Sahara,ESH,2005,0
Western Sahara,ESH,2006,0
Western Sahara,ESH,2007,0
Western Sahara,ESH,2008,0
Western Sahara,ESH,2009,0
World,OWID_WRL,2000,2629.63
World,OWID_WRL,2001,2563.66
World,OWID_WRL,2002,2611.51
World,OWID_WRL,2003,2611.9
World,OWID_WRL,2004,2802.55
World,OWID_WRL,2005,2911.71
World,OWID_WRL,2006,3018.02
World,OWID_WRL,2007,3062.72
World,OWID_WRL,2008,3245.28
World,OWID_WRL,2009,3241.2
World,OWID_WRL,2010,3428.15
World,OWID_WRL,2011,3488
World,OWID_WRL,2012,3660.09
World,OWID_WRL,2013,3790.72
World,OWID_WRL,2014,3870.65
World,OWID_WRL,2015,3881.76
World,OWID_WRL,2016,4014.6
World,OWID_WRL,2017,4053.88
World,OWID_WRL,2018,4176.91
World,OWID_WRL,2019,4228.71
World,OWID_WRL,2020,4347.86
World,OWID_WRL,2021,4287.9
World,OWID_WRL,2022,4321.15
World,OWID_WRL,2023,4234.3
World,OWID_WRL,2024,4418.96
Yemen,YEM,2000,0
Yemen,YEM,2001,0
Yemen,YEM,2002,0
Yemen,YEM,2003,0
Yemen,YEM,2004,0
Yemen,YEM,2005,0
Yemen,YEM,2006,0
Yemen,YEM,2007,0
Yemen,YEM,2008,0
Yemen,YEM,2009,0
Yemen,YEM,2010,0
Yemen,YEM,2011,0
Yemen,YEM,2012,0
Yemen,YEM,2013,0
Yemen,YEM,2014,0
Yemen,YEM,2015,0
Yemen,YEM,2016,0
Yemen,YEM,2017,0
Yemen,YEM,2018,0
Yemen,YEM,2019,0
Yemen,YEM,2020,0
Yemen,YEM,2021,0
Yemen,YEM,2022,0
Yemen,YEM,2023,0
Zambia,ZMB,2000,7.67
Zambia,ZMB,2001,7.89
Zambia,ZMB,2002,8.1
Zambia,ZMB,2003,8.26
Zambia,ZMB,2004,8.46
Zambia,ZMB,2005,8.88
Zambia,ZMB,2006,9.67
Zambia,ZMB,2007,9.63
Zambia,ZMB,2008,9.52
Zambia,ZMB,2009,9.88
Zambia,ZMB,2010,10.44
Zambia,ZMB,2011,11.48
Zambia,ZMB,2012,12.35
Zambia,ZMB,2013,13.28
Zambia,ZMB,2014,14.04
Zambia,ZMB,2015,13.04
Zambia,ZMB,2016,11.02
Zambia,ZMB,2017,12.49
Zambia,ZMB,2018,13.71
Zambia,ZMB,2019,12.33
Zambia,ZMB,2020,12.79
Zambia,ZMB,2021,16.07
Zambia,ZMB,2022,17.09
Zambia,ZMB,2023,17.09
Zimbabwe,ZWE,2000,3.19
Zimbabwe,ZWE,2001,2.96
Zimbabwe,ZWE,2002,3.81
Zimbabwe,ZWE,2003,5.34
Zimbabwe,ZWE,2004,5.5
Zimbabwe,ZWE,2005,4.91
Zimbabwe,ZWE,2006,5.31
Zimbabwe,ZWE,2007,5.38
Zimbabwe,ZWE,2008,5.71
Zimbabwe,ZWE,2009,5.46
Zimbabwe,ZWE,2010,5.8
Zimbabwe,ZWE,2011,5.2
Zimbabwe,ZWE,2012,5.39
Zimbabwe,ZWE,2013,5
Zimbabwe,ZWE,2014,5.43
Zimbabwe,ZWE,2015,4.99
Zimbabwe,ZWE,2016,2.98
Zimbabwe,ZWE,2017,3.97
Zimbabwe,ZWE,2018,5.05
Zimbabwe,ZWE,2019,4.17
Zimbabwe,ZWE,2020,3.81
Zimbabwe,ZWE,2021,5.93
Zimbabwe,ZWE,2022,5.88
Zimbabwe,ZWE,2023,5.46
