Continent,country,Energy,1980,1981,1982,1983,1984,1985,1986,1987,1988,1989,1990,1991,1992,1993,1994,1995,1996,1997,1998,1999,2000,2001,2002,2003,2004,2005,2006,2007,2008,2009,2010,2011,2012,2013,2014,2015,2016,2017,2018,2019,2020,2021,Production
Africa,        Algeria,Neuclear & Renewables,0.755014261,1.10897307,1.452219878,0.718362633,1.578779813,1.956427763,0.756168077,1.499266698,0.547643497,0.804071541,0.408500895,0.886958771,0.597093198,1.054419262,0.49582286,0.577228327,0.406066069,0.221491169,0.63653661,0.602383698,0.158449175,0.205923877,0.166958462,0.777441443,0.727976502,1.608793405,0.627903647,0.648861669,0.808615298,0.86669005,0.492066875,1.41547652,1.717934138,0.914351144,0.699561021,0.603577372,0.897779501,1.715722339,2.086007785,2.184392849,1.853765342,2.331630631,40.57330713
Africa,        Angola,Neuclear & Renewables,1.613538501,1.623634469,1.838253147,1.849861064,1.83579048,1.837021374,2.020530085,2.015307578,1.996932089,2.039223262,2.188833153,2.186812142,2.52173371,2.661728853,2.678652766,2.692724815,2.775794921,2.592045306,3.134868095,2.652286431,2.699615184,3.049490356,3.374946057,3.646853179,5.087029345,6.438104025,7.668563989,7.160651991,8.961190253,8.761292482,10.51038582,11.32722818,10.45262524,13.23712024,14.05811071,13.92051523,16.04507314,21.04422017,26.710442,28.94777238,31.29546705,30.12818624,329.2804555
Africa,        Benin,Neuclear & Renewables,0,0,0,0,0,0,0,0,0,0,0,0,0,0,0,0,0.005151584,0.005099418,0.005070111,0.005099418,0.005979214,0.006056585,0.005962802,0.005934668,0.002935389,0.002930407,0.002906961,0.002896704,0.002887912,0.002860363,0.002859191,0.002847468,0.002788854,0.005592362,0.005574191,0.016386716,0.027056222,0.016200323,0.013598448,0.021042426,0.018141033,0.020720049,0.214588785
Africa,        Botswana,Neuclear & Renewables,0,0,0,0,0,0,0,0,0,0,0,0,0,0,0,0,0,0,0,0,0,0,0,0,0,0,0,0,0,0,0,0,0.002788854,0.005592362,0.008361287,0.008193358,0.013528111,0.01350027,0.016008656,0.01565873,0.015426619,0.015426619,0.114484865
Africa,        Burkina Faso,Neuclear & Renewables,0,0,0,0,0,0,0,0,0,0,0.027436627,0.039760221,0.060618599,0.141999156,0.217678329,0.284080957,0.345459193,0.34420925,0.233097914,0.36862286,0.289991886,0.160499492,0.190809671,0.28486404,0.294842194,0.291481854,0.232152763,0.319515171,0.388634852,0.374633139,0.348821292,0.256272131,0.295618537,0.324356981,0.281496666,0.289498649,0.419371447,0.426608518,0.605660807,0.558494707,0.545073859,0.602224268,9.843886028
Africa,        Burundi,Neuclear & Renewables,0.006095856,0.006125163,0.006125163,0.070911217,0.119326381,0.140838305,0.186745962,0.287028655,0.311642432,0.311845236,0.326191013,0.336432637,0.315216714,0.326295932,0.344657354,0.353590127,0.354550225,0.359174869,0.325739392,0.290702581,0.292981493,0.345225323,0.37565654,0.296733375,0.264185021,0.278388658,0.267440442,0.33601765,0.320558208,0.343243584,0.420015029,0.384408196,0.409961556,0.413834769,0.418064355,0.401474542,0.419371447,0.540010782,0.437004297,0.608080686,0.601093018,0.601093018,13.55407427
Africa,        Cabo Verde,Neuclear & Renewables,0,0,0,0,0,0,0,0,0,0,0,0,0,0.006042517,0.015116551,0.018132827,0.021212407,0.020951867,0.023907478,0.023975471,0.023916857,0.018169754,0.017888407,0.014836669,0.017612335,0.017582442,0.020348729,0.020276927,0.017327471,0.020022542,0.011436764,0.071186703,0.198008643,0.232083012,0.250838613,0.232145143,0.224566646,0.202504043,0.237461726,0.216612433,0.187690527,0.187690527,2.569546029
Africa,        Cameroon,Neuclear & Renewables,4.109956238,5.483596136,6.213295303,6.17545264,6.443624585,7.026606756,7.032056978,7.026095055,7.530854499,7.955110836,7.953573391,8.08050025,7.953160163,7.933825162,8.045028229,8.235325614,8.603146048,9.161952289,9.219321327,9.89287854,10.18858089,10.41429725,9.391413497,10.36489679,11.39224517,10.94213948,11.200522,11.03354508,12.10035036,11.37280408,12.06121086,12.40365641,11.76182491,12.11940284,12.08838665,11.81321092,11.74583677,13.64904243,13.32125595,13.98846556,14.02382474,12.90693761,410.3592103
Africa,        Central African Republic,Neuclear & Renewables,0.200931137,0.199124946,0.208335257,0.197318463,0.211115905,0.183702137,0.232667101,0.222905232,0.223898446,0.226240662,0.231687075,0.229385889,0.233381605,0.232636915,0.238841499,0.241771027,0.245457848,0.248429285,0.242063218,0.242751639,0.248137387,0.248319969,0.244474891,0.246288701,0.363988251,0.389744122,0.404067625,0.393951728,0.392756002,0.386149032,0.38341762,0.416584645,0.416654688,0.384195134,0.469346916,0.459920612,0.458332466,0.406088049,0.400216392,0.391468253,0.385665467,0.385665467,12.7680787
Africa,        Chad,Neuclear & Renewables,0,0,0,0,0,0,0,0,0,0,0,0,0,0,0,0,0,0,0,0,0,0,0,0,0,0,0,0,0,0,0,0,0.025099687,0.025438476,0.025362571,0.025409169,0.049513004,0.049411016,0.050694076,0.049585979,0.048850959,0.048850959,0.398212965
Africa,        Comoros,Neuclear & Renewables,0.006095856,0.006125163,0.006125163,0.00615447,0.006119302,0.006123405,0.006122818,0.006106993,0.006051309,0.006114612,0.006097028,0.006116957,0.00606186,0.006042517,0.00604662,0.006044276,0.006060688,0.005986248,0.00597687,0.005993868,0.005979214,0.006056585,0.008944203,0.011869335,0.014676946,0.014652035,0.014534807,0.014483519,0.014439559,0.014301816,0.014295955,0.014237341,0.008366562,0.005592362,0.005574191,0.005462239,0.005411244,0.001081428,0.001066775,0.001043915,0,0,0.303643966
Africa,        Congo-Brazzaville,Neuclear & Renewables,0.301396705,0.312472992,0.533093451,0.706030248,0.758793398,0.88177026,0.811273443,0.839711491,0.865337238,1.201521352,1.478529358,1.449718818,1.276021505,1.072546814,0.964435928,1.051703968,1.366685054,1.334933264,1.013079394,0.749233455,0.872965264,1.002364755,1.168709235,1.005926141,0.959872242,1.028572832,1.107875523,0.961705688,1.07141527,0.935338766,1.218015332,2.229852402,2.724989478,2.687968582,2.626280278,2.971457831,3.022180042,3.218464261,2.922508107,2.212813312,2.317720942,2.317129527,59.55241395
Africa,        Congo-Kinshasa,Neuclear & Renewables,12.78348656,12.63984211,12.50012099,13.66430698,14.21513762,15.23196889,15.93157358,15.83848546,15.72130172,17.84243922,16.97717525,15.92243918,18.16436313,16.53534848,15.84516834,18.42597441,18.27297311,14.88779833,13.93208299,15.72491175,17.75527639,17.90932072,18.03449531,18.09480121,20.56827156,21.44764832,21.6423271,22.42628144,21.39365047,22.08772463,22.13299691,22.01947097,20.94457344,22.78328173,24.33970675,24.11032145,24.38577325,25.41830751,27.92608581,28.90451525,30.71857078,28.36955172,814.4698508
Africa,        Côte d’Ivoire,Neuclear & Renewables,4.094734182,5.287534651,5.303360138,3.289669427,1.129011145,4.114927878,3.60940147,3.713051537,3.712478292,3.8216328,3.990505009,3.798630322,3.146105278,3.284108131,3.513086359,5.337095425,5.345526463,5.567210473,4.073236619,5.202677112,5.219853944,5.396416896,5.1041587,5.382743423,5.081158567,4.170262131,4.346488639,5.153815602,5.426963876,6.036796534,4.586142236,5.005848955,4.944638355,4.451519945,5.287120543,3.665162141,4.109055634,5.49064066,7.842587196,9.045526421,8.651761965,8.512922397,204.2455675
Africa,        Djibouti,Neuclear & Renewables,0,0,0,0,0,0,0,0,0,0,0,0,0,0,0,0,0,0,0,0,0,0,0,0,0,0,0,0,0,0,0,0,0.001394427,0.001397944,0.001393548,0.001365706,0.001352811,0.001351053,0.002668109,0.002609788,0.002571103,0.003135849,0.019240221
Africa,        Egypt,Neuclear & Renewables,29.52775322,30.96853194,31.755822,31.12098314,30.2906959,24.55194365,24.24666728,24.9412634,23.6639477,24.21417109,30.10438193,26.13500492,25.62681568,31.36700925,32.16832213,34.17796114,34.69501223,35.54993142,36.19054288,45.42812217,41.88798252,46.9724478,39.51608671,40.30292046,39.234998,39.25631737,39.95676493,47.87150772,45.56316179,40.81463416,43.02733904,42.69705501,40.88739025,41.88678943,43.73789282,43.57227779,42.78400448,42.77799098,47.03612517,55.09002228,54.3968285,60.07026043,1586.065681
Africa,        Equatorial Guinea,Neuclear & Renewables,0.006095856,0.006125163,0.006125163,0.00615447,0.006119302,0.006123405,0.006122818,0.006106993,0.006051309,0.006114612,0.006097028,0.006116957,0.00606186,0.006042517,0.00604662,0.006044276,0.006060688,0.008979372,0.008965304,0.008990801,0.041854499,0.042396092,0.041739616,0.041542673,0.041095448,0.041025697,0.040697459,0.040553854,0.150171413,0.148738886,0.080057346,0.079729107,0.22310833,0.701841398,1.05630927,1.275432727,1.274348075,1.182623613,1.181972411,1.169185181,1.257423576,1.131285368,11.37368534
Africa,        Eritrea,Neuclear & Renewables,0,0,0,0,0,0,0,0,0,0,0,0,0,0,0,0,0,0.002993124,0.002988435,0.002996934,0.002989607,0.003028292,0.002981401,0.002967334,0.002935389,0.002930407,0.005813923,0.005793408,0.011551647,0.011441453,0.011436764,0.014237341,0.013944271,0.016777085,0.016722574,0.019117835,0.018939356,0.021600431,0.032017311,0.033927249,0.038566547,0.043708753,0.342406869
Africa,        Eswatini,Neuclear & Renewables,0.383595806,0.395186432,0.287992855,0.200401559,0.394694953,0.566414924,0.462272792,0.558789828,0.586977008,0.663435454,0.463374149,0.617812661,0.612247848,0.610294243,0.610708644,0.628604671,0.63031151,0.628556021,0.621594436,0.608377565,1.073268938,1.120468155,1.183616241,0.919873463,0.883552125,1.063737716,1.014529504,1.071780436,0.993441652,1.2282382,1.241720006,1.386579525,1.459259126,1.648655907,1.421101412,1.130298016,1.11843249,1.060994287,1.209328444,1.081196189,1.17099606,1.13572362,36.14843487
Africa,        Ethiopia,Neuclear & Renewables,1.440007065,1.537857569,1.758595549,1.920772281,2.089741496,2.287091611,2.51341697,2.705397748,2.892525874,3.038962403,3.316783384,3.355150936,3.415858042,3.779594546,4.051235561,4.273302906,4.530363981,4.639342061,4.748622881,4.822066516,5.019550271,6.108368331,6.105909473,6.839704294,7.47056531,8.375103006,9.537740124,9.834309673,9.643701341,10.22272355,14.19508577,17.92428663,21.12025191,24.25911807,26.47149265,28.46730609,33.86367112,35.45789103,36.76900063,37.10884167,36.58705428,37.72605296,492.2244176
Africa,        Gabon,Neuclear & Renewables,0.782413961,1.249892263,1.476729908,1.667958083,1.848029083,2.020723511,2.035837131,2.039735548,2.024162981,2.118713224,2.137008412,2.165402792,2.170145837,2.148114886,2.26143597,2.393533169,2.330334382,2.418444119,2.423620615,2.487455071,2.39766487,2.652784064,2.745870422,2.664665708,2.615431706,2.37656002,2.741264534,2.317363104,2.57890522,2.700182861,2.593286164,2.394720689,2.537857249,2.625613837,2.224102369,2.515360903,2.586574861,2.518367215,2.414612229,2.608739159,2.570069452,2.605658701,96.18534628
Africa,"        Gambia, The",Neuclear & Renewables,0,0,0,0,0,0,0,0,0,0,0,0,0,0,0,0,0,0,0,0,0,0,0,0,0,0.002930407,0.002906961,0.005793408,0.005775824,0.008867126,0.009436854,0.01025745,0.008645565,0.008674872,0.008639997,0.008469723,0.008381802,0.008381802,0.008264574,0.008088732,0.007971504,0.007971504,0.129439934
Africa,        Ghana,Neuclear & Renewables,16.06231826,16.36194776,15.13801417,7.861909301,5.504311789,9.172860061,13.43652507,14.12852752,14.55642467,15.83073171,17.26678409,18.58025701,19.81015809,18.81639875,18.23962995,18.241624,19.87602498,20.29936636,11.33214472,15.33531036,19.60584317,19.85651268,14.90700555,11.45390828,15.38730977,16.37218352,16.20049549,10.71780436,17.75776954,19.51911848,19.84850337,21.35885837,22.32756608,22.84479771,23.2053588,15.86507219,15.01890905,15.29040529,16.19542333,19.11043617,18.94902992,18.74334167,696.3869214
Africa,        Guinea,Neuclear & Renewables,0.450572852,0.453392185,0.453435853,0.471714628,0.474245874,0.492934069,0.499009703,0.503826894,0.508309986,0.519742061,0.527392946,0.53829222,0.539505529,0.543826553,0.550242442,0.577228327,0.590917041,0.853040314,0.917449481,1.171801124,1.21378047,1.653447601,1.756045254,1.175064165,1.611528627,1.432968989,1.325574366,1.543943168,1.513265773,1.481382101,1.380703178,1.178566938,1.357892954,1.347759179,1.190089864,2.463469636,2.989279711,3.329309489,2.033163161,3.421432527,6.404617847,5.196199385,58.63636446
Africa,        Guinea-Bissau,Neuclear & Renewables,0,0,0,0,0,0,0,0,0,0,0,0,0,0,0,0,0,0,0,0,0,0,0,0,0,0,0,0,0,0,0,0,0,0,0.000836129,0.002731119,0.002705622,0.002700054,0.005336219,0.005219577,0.005142206,0.005142206,0.029813132
Africa,        Kenya,Neuclear & Renewables,3.598495163,4.72600198,4.955317532,5.735031733,5.659895032,6.556788583,6.897967196,7.102127085,8.47364838,9.022875041,9.263306445,9.927821276,9.862646025,10.43866016,10.33972061,11.00964815,11.62136847,11.1164622,11.21559577,8.739059019,6.149621743,9.614828084,11.29951021,12.84855514,12.3022158,12.64763631,13.29644112,13.87521159,11.91841192,10.75759564,14.67448498,14.88978945,17.34326862,17.36104419,19.13522726,23.65712679,22.80440768,22.49414912,26.10318045,26.73284515,27.91883731,27.98432498,542.0711494
Africa,        Lesotho,Neuclear & Renewables,0,0,0,0,0,0,0,0,0,0,0,0,0,0,0,0,0,0,0,0.584402095,0.861006836,0.863063308,0.936159949,0.964383469,0.871810569,1.345056781,1.526154698,1.60477395,1.68654048,1.853515354,1.984278498,1.395259379,1.355383102,1.440033148,1.45207686,1.45620563,1.415116044,1.457149022,1.439909179,1.307503963,1.288122658,1.288688283,30.37659325
Africa,        Liberia,Neuclear & Renewables,1.007700387,0.961926956,1.004911826,0.986592606,0.682302128,0.792980893,0.964343904,0.96490484,0.971235152,0.950822241,0,0,0,0,0,0,0,0,0,0,0,0,0,0,0,0,0,0,0,0,0,0,0,0,0,0,0,0.008100162,0.010672437,0.010439153,0.010284412,0.010284412,9.337501512
Africa,        Libya,Neuclear & Renewables,0,0,0,0,0,0,0,0,0,0,0,0,0,0,0,0,0,0,0,0,0,0,0,0,0,0,0,0,0,0,0.017155146,0.017084809,0.019521979,0.022369447,0.022296766,0.021848955,0.021644978,0.021600431,0.021344874,0.020878307,0.020568825,0.020568825,0.24688334
Africa,        Madagascar,Neuclear & Renewables,0.444484029,0.465646028,0.692408647,0.75535979,0.771032002,0.780734084,0.814334853,0.87329995,0.907696404,0.959994159,1.030397779,1.015414869,1.036578039,1.039312969,1.049088612,1.115168863,1.27577474,1.34690576,1.494217395,1.543420917,1.614387818,1.59893834,1.595049594,1.792269585,1.861036702,1.878390842,1.834292599,2.062453163,1.998434952,2.099506589,2.057044849,1.997698174,2.141616938,2.313504251,2.529651582,2.616712715,2.490714595,2.226410588,2.672885149,2.435994616,1.819716177,1.911537938,64.95951764
Africa,        Malawi,Neuclear & Renewables,1.181231823,1.161051902,1.278934327,1.442041264,1.496114144,1.51522729,1.625300279,1.780078166,1.779879758,1.806662546,2.20104157,2.348676754,2.404190367,2.405617618,2.528131721,2.590645897,2.640107028,2.706386273,3.087833583,2.959277549,3.245419667,3.358896078,3.472043078,3.565811704,3.880700472,4.032276569,4.096554733,4.166373092,4.610457667,4.506009278,5.216927933,5.367729739,5.475039665,5.51177511,5.799278538,5.7152287,5.664603788,5.170535832,3.904708474,3.964268504,3.913218933,3.148136546,138.724424
Africa,        Mali,Neuclear & Renewables,0.252686126,0.251203778,0.321694147,0.376138347,0.406933556,0.407206405,0.483702657,0.488559413,0.502258677,0.513627448,0.551781059,0.556643091,0.630433428,0.658634381,0.665128226,0.673936738,0.636372198,0.679439128,0.687340002,0.689294779,0.696578447,0.708620401,0.703610662,0.694356098,0.727976502,1.309891898,1.392434477,1.364347527,1.651885538,1.92216407,3.313573682,3.455203276,3.67425962,3.332348625,4.069271089,3.287311679,4.231647401,4.233738456,3.880044582,2.724619037,2.679089441,2.810215699,63.29620179
Africa,        Mauritania,Neuclear & Renewables,0.076110279,0.091903821,0.116422644,0.120241053,0.110147429,0.094912771,0.055105366,0.076337408,0.075641367,0.076432656,0.076212854,0.076461963,0.078804178,0.078552724,0.084652683,0.08461986,0.084849626,0.089793717,0.083676174,0.089908015,0.095667426,0.102961939,0.101367638,0.121660684,0.129157121,0.14358994,0.148255028,0.15642201,0.173274707,0.314639952,0.331666147,0.370170856,0.37928416,0.584401802,0.621522341,0.874777609,0.79355912,0.916128321,1.156091692,1.187453699,1.236700596,1.282756253,12.94229563
Africa,        Mauritius,Neuclear & Renewables,0.249641715,0.180744182,0.284929102,0.107908667,0.198877302,0.349034061,0.333693605,0.42443599,0.299539813,0.449424017,0.256075188,0.22632741,0.339464153,0.311189639,0.226748259,0.404966471,0.309095068,0.2753674,0.310797218,0.929049484,1.50975157,1.574712001,1.535421572,1.623131561,1.677281226,1.592383243,1.442637661,1.516192663,1.713686967,1.903283915,2.063961008,1.752685206,1.742985762,1.818370399,1.890085507,2.053904604,1.99110996,1.682133586,1.728267786,1.837290998,1.730352393,1.774728173,44.62166651
Africa,        Morocco,Neuclear & Renewables,4.52704086,3.158428871,1.764723056,1.467556524,1.10759359,1.423691565,1.913380763,2.519134472,2.801756234,3.500615645,3.609440742,3.774162494,2.891507163,1.326332539,2.51237071,1.828393393,5.869775941,6.171821502,5.256656796,2.448494931,2.316945479,3.234216187,3.089029602,4.878593565,5.25757557,3.443521213,3.404342443,3.432883651,3.517765222,8.389731302,11.70009528,7.625804489,6.707194159,11.67405513,10.07093058,12.06721586,12.70289642,12.671353,17.42291361,19.85208849,18.0482104,21.0332998,262.4135393
Africa,        Mozambique,Neuclear & Renewables,40.82252214,10.15537489,9.065651538,15.44633963,1.688927242,0.456193641,0.11633355,0.073283912,0.148257079,0.152865312,0.856632473,0.978713126,0.975959441,1.030249193,1.094438263,1.13330169,1.348502991,2.894350821,4.443802533,22.79467863,28.58961241,35.54306684,37.50304456,32.0472045,34.01822451,38.61104171,42.47361199,46.18214996,43.35333164,48.12561084,47.27672186,47.58119229,42.01608195,40.45991718,44.85566327,46.93012351,42.26774702,37.9087569,37.09149486,39.24500282,40.75028742,41.62615935,1010.132425
Africa,        Namibia,Neuclear & Renewables,0,0,0,0,0,0,0,0,0,0,0,0,0,0,0,3.384794381,2.560640511,1.807846842,2.934642964,3.46745243,4.083803258,4.106364372,4.311106005,4.442098624,4.655527144,4.808797772,4.624975476,4.521754757,4.265445699,3.993067027,3.553974314,3.9836079,4.478899717,3.584703875,4.18064355,4.170419217,3.795988003,4.541490677,3.704829752,3.444920622,4.864527084,3.851512459,106.1238344
Africa,        Niger,Neuclear & Renewables,0,0,0,0,0,0,0,0,0,0,0,0,0,0,0,0,0,0,0,0,0,0,0,0,0,0,0,0,0,0,0,0,0.019521979,0.022369447,0.027870957,0.030042313,0.035173089,0.040500809,0.122733027,0.120050264,0.118270743,0.118270743,0.65480337
Africa,        Nigeria,Neuclear & Renewables,8.292978637,7.018390245,7.334629773,5.722236883,7.860242905,9.11774942,11.00270474,9.926916569,12.00579777,12.53189828,13.23969691,17.95632739,18.17951778,16.6652626,16.64634552,16.45554054,16.50022199,16.57292709,17.08488169,18.2453331,17.03777069,17.75487781,24.34314006,21.91969441,23.60052852,22.57292458,18.06095074,17.89583657,16.39467518,12.86305331,18.08438257,16.62636635,15.72634838,14.86170132,14.87751685,15.59684896,21.97368406,20.84044714,20.65303356,22.16245572,19.92470186,20.73851769,672.8690562
Africa,        Reunion,Neuclear & Renewables,0.919412463,1.133480756,1.292904681,1.319567604,1.236098923,1.478802206,1.521520382,1.600032077,1.264723656,1.50419467,1.658391692,1.394666205,1.485155671,1.489480505,1.490491889,1.502002506,1.5151719,1.613293787,1.646627569,1.657304402,2.436529762,2.446860186,2.414934899,2.385736335,2.556723924,2.476193856,2.494172821,2.618620308,2.625111808,2.434169083,2.599004546,2.36339854,0,0,0,0,0,0,0,0,0,0,58.57477961
Africa,        Rwanda,Neuclear & Renewables,0.337929639,0.315536453,0.407479546,0.465548436,0.492603779,0.495995771,0.456149974,0.500773398,0.505284332,0.522799367,0.503004833,0.498531999,0.51525809,0.46225257,0.471636379,0.477497779,0.424248132,0.478899826,0.478149566,0.380610595,0.331846385,0.269518016,0.292177309,0.347178049,0.246572686,0.193406857,0.113371492,0.125137666,0.199843554,0.286608393,0.320801163,0.376435227,0.384861869,0.419427131,0.590864288,0.832991396,0.830626028,0.982819623,0.97770731,1.202775692,1.504383407,1.30612038,21.32566438
Africa,        Saint Helena,Neuclear & Renewables,0,0,0,0,0,0,0,0,0,0,0,0,0,0,0,0,0,0,0,0,0,0,0,0,0,0,0,0,0,0,0,0,0,0,0,0,0,0,0,0,0,0,0
Africa,        Sao Tome and Principe,Neuclear & Renewables,0.021306189,0.021452724,0.024500652,0.018492717,0.024477206,0.024493618,0.021429865,0.024427971,0.024205237,0.02445845,0.024388113,0.024467828,0.02424744,0.024170069,0.024186481,0.024177103,0.02424275,0.023944991,0.020919044,0.026972404,0.029896071,0.012113169,0.017888407,0.020771336,0.017612335,0.011721628,0.023255691,0.028967039,0.023103294,0.020022542,0.014295955,0.017084809,0.016733125,0.016777085,0.016722574,0.021848955,0.018939356,0.018900377,0.018676765,0.026097884,0.025711031,0.025711031,0.913822739
Africa,        Senegal,Neuclear & Renewables,0,0,0,0,0,0,0,0,0,0,0.134134622,0.134573055,0.133360917,0.135956638,0.136048955,0.139018341,0.142426159,0.143669948,0.146433305,0.149846691,0.158449175,0.187754123,0.781127091,1.157260163,0.983355355,0.934799811,0.83139094,0.63437815,0.779736181,0.829505328,0.917800285,0.902647394,0.976098942,1.015013656,1.0367996,1.086985493,1.160711941,1.434808589,1.794036797,1.936462956,2.632809585,2.9217303,26.48913048
Africa,        Seychelles,Neuclear & Renewables,0,0,0,0,0,0,0,0,0,0,0,0,0,0,0,0,0,0,0,0,0,0,0,0,0,0,0,0,0,0,0,0,0,0.019573266,0.022296766,0.024580074,0.0243506,0.027000539,0.032017311,0.122660052,0.167121702,0.200494755,0.640095066
Africa,        Sierra Leone,Neuclear & Renewables,0,0,0,0,0,0,0,0,0,0,0,0,0,0,0,0,0,0,0,0,0.044844106,0.045424385,0.047702418,0.04747734,0.046966226,0.052747325,0.011627845,0.05214067,0.051982412,0.051486538,0.351680483,0.427120218,0.323507078,0.293598991,0.342812771,0.352314394,0.354436513,0.378007547,0.480104929,0.495708562,0.488360418,0.488360418,5.228411588
Africa,        Somalia,Neuclear & Renewables,0,0,0,0,0,0,0,0,0,0,0,0,0,0,0,0,0,0,0,0,0,0,0,0,0,0,0,0,0,0,0,0,0.011155416,0.011184723,0.011427092,0.014213895,0.032467467,0.046441044,0.045891538,0.04488836,0.077647431,0.091222727,0.386527678
Africa,        South Africa,Neuclear & Renewables,3.02005675,5.073092108,3.112775306,1.834445582,13.57069427,17.96693418,31.56222699,23.56779817,41.26611172,41.96480467,28.6031373,32.94790239,29.59487211,21.77775006,31.76549946,34.83447106,38.80861807,43.89290018,45.4568442,40.5192407,43.19470809,38.6951191,43.12403455,40.39561997,45.62501334,40.72990528,38.84227277,40.42748898,41.85133705,41.39511381,45.04186324,45.02350621,40.99852064,44.49304277,52.92564875,48.7157322,65.62782539,71.42489535,63.57703143,72.76251108,66.97558076,79.02014671,1642.007093
Africa,        South Sudan,Neuclear & Renewables,0,0,0,0,0,0,0,0,0,0,0,0,0,0,0,0,0,0,0,0,0,0,0,0,0,0,0,0,0,0,0,0,0.005577708,0.005592362,0.005574191,0.005462239,0.005411244,0.008100162,0.026681093,0.026097884,0.025711031,0.025711031,0.139918945
Africa,        Sudan,Neuclear & Renewables,1.50698411,2.263898051,2.34070906,2.355489753,2.2947381,2.798395893,2.798128027,2.797002638,2.777550996,2.831065578,2.889991405,3.144115919,3.267342475,3.26295932,3.355874233,2.907296602,3.221255459,3.121828238,3.087053138,3.590326716,3.799790586,4.133619003,4.156073147,3.801154534,3.628140952,4.079126447,4.34881415,4.59127565,4.611995113,9.576495994,17.94428221,18.58542442,18.90589734,23.76281692,25.20865549,23.28835388,22.23313336,25.39130697,25.8871436,25.8870126,26.74769999,26.06838571,383.2486038
Africa,        Tanzania,Neuclear & Renewables,3.004834694,3.121667343,3.149540351,3.280420138,3.347257975,3.410736351,3.272646456,3.548162735,3.73063222,4.375005229,4.676420691,5.226939791,4.952539522,5.078735757,4.468452357,4.605738068,5.245525118,4.295132811,6.147210363,6.422429176,6.340956595,7.800880991,8.028913189,7.489550385,6.848262817,5.157516197,4.133699011,7.238862996,7.574992599,7.685795918,7.89422613,5.98253052,5.234679183,5.14217662,7.566964826,6.136825135,6.799228689,6.777135314,6.413227657,6.990057117,8.590569828,8.242956571,235.4300354
Africa,        Togo,Neuclear & Renewables,0.115687624,0.116411507,0.174633965,0.058578832,0.11626673,0.232689374,0.232667101,0.232065721,0.229949756,0.290444093,0.289608843,0.590286354,0.387959032,0.694889485,0.447449898,0.770645149,0.575765322,0.278360524,0.514010784,0.608377565,0.2959711,0.148386323,0.253419094,0.359047384,0.23483113,0.213919706,0.26162652,0.263600053,0.25991206,0.311779589,0.263903381,0.300692751,0.247371302,0.104940747,0.333894065,0.159606508,0.554544416,0.569711375,0.547229096,0.648323593,0.408445505,0.432716683,14.13062004
Africa,        Tunisia,Neuclear & Renewables,0.070021457,0.088840361,0.119486397,0.092493185,0.201936953,0.330663847,0.15613187,0.341991589,0.14220577,0.103948412,0.134134622,0.318081766,0.193979516,0.190339294,0.120932405,0.123907651,0.212124066,0.215504922,0.224132609,0.281711779,0.257106208,0.233178508,0.277270303,0.584564749,0.575336268,0.545055689,0.374998012,0.266496757,0.199265913,0.50056356,0.543246275,0.46983224,0.878489048,1.213542498,1.661109037,1.586780331,1.699130767,1.617332292,1.716928322,2.11627752,2.170062312,2.557845209,25.70698029
Africa,        Uganda,Neuclear & Renewables,1.92711285,1.571555637,1.700384227,1.581631091,1.87250629,1.922749038,1.959301901,1.868739754,1.757905369,2.072853631,2.319919261,2.348911503,2.949094832,2.894365768,3.01424019,3.127912664,3.354590587,3.711473648,3.750485661,3.770142746,4.726568778,4.775616973,5.083288893,5.326364081,5.679977947,5.538469098,3.539391737,4.217600849,5.076948909,4.49649095,4.709516207,4.689381418,4.696039969,7.236711862,7.581095489,7.629846218,10.0243304,10.44240443,11.01979834,11.10885117,11.28962877,11.15431483,199.518514
Africa,        Western Sahara,Neuclear & Renewables,0,0,0,0,0,0,0,0,0,0,0,0,0,0,0,0,0,0,0,0,0,0,0,0,0,0,0,0,0,0,0,0,0,0,0,0,0,0,0,0,0,0,0
Africa,        Zambia,Neuclear & Renewables,27.43015334,29.64205316,30.3710047,30.6152003,29.93256378,30.16389096,29.68036239,25.50585484,25.08570295,20.49006642,23.56806282,23.59616178,23.22601613,23.16096866,23.182742,23.54849805,21.34271138,23.36731837,22.30567727,22.88158972,23.05584972,23.78117951,24.03009295,24.37071209,24.69836406,25.88721482,27.94461927,27.73883635,27.32830917,28.14025316,29.72724831,32.55633303,34.28617255,36.94902474,38.94437806,35.45021289,29.73793511,33.93190954,36.78099364,32.69572064,33.47849801,41.90637882,1182.516835
Africa,        Zimbabwe,Neuclear & Renewables,12.3034467,12.70309688,11.16016011,11.62074248,10.69943326,9.612799161,9.786401227,7.80135254,8.27452402,10.52874636,11.6667067,11.01593538,8.958386453,5.335542741,4.921948875,5.482158042,6.487966076,6.291546459,5.561477144,8.751046754,9.647462015,8.987971576,11.2875846,15.74170554,16.04483693,14.25936012,15.58131273,15.61902732,16.5477345,15.61758307,16.68337902,15.03577054,15.35543078,14.31714151,15.66086248,14.13873954,8.729747892,11.46620989,14.33341803,11.74499331,10.12589615,10.64762962,476.5372145
Asia & Oceania,        Afghanistan,Neuclear & Renewables,2.164576921,2.208755758,2.166074802,2.299994017,2.316155656,2.357510763,2.182784774,2.308443225,2.251087082,2.29297968,2.30467669,2.088940829,1.433629862,1.419991556,1.411885826,1.24512079,1.093954112,0.963785899,0.896530437,0.899080146,0.932757406,1.50808957,1.654677616,1.869420263,1.658494853,1.728940089,1.851734367,2.166734502,1.565277199,2.21992788,2.148110197,1.69509783,2.058174341,2.47462007,2.7870957,2.823977387,2.867959574,2.937658654,2.574725455,2.322711632,1.756063424,1.791698978,81.69990581
Asia & Oceania,        American Samoa,Neuclear & Renewables,0,0,0,0,0,0,0,0,0,0,0,0,0,0,0,0,0,0,0,0,0,0,0,0,0,0,0,0,0,0,0,0,0.002508679,0.005592362,0.005574191,0.005462239,0.008116867,0.01350027,0.013340546,0.013048942,0.012855516,0.012855516,0.092856299
Asia & Oceania,        Australia,Neuclear & Renewables,40.22886167,43.91472041,42.77308557,38.26437565,37.86317865,42.6464512,45.223137,42.33061962,42.69198753,46.19895459,44.98387465,50.25997752,48.1141943,51.85688313,51.03045152,49.77158809,50.22794849,53.0770663,49.91283786,53.04872555,52.08493437,54.51228987,52.80657646,54.92238038,54.3634065,58.61407268,63.15491304,61.53515618,58.09606853,55.04389599,64.43004244,79.79623622,77.96680975,99.00976885,104.2766632,94.16652773,106.675192,111.6778096,116.1644683,141.8135198,164.9822601,184.2633319,2834.775243
Asia & Oceania,        Bangladesh,Neuclear & Renewables,1.902757561,1.602190244,2.028205882,2.041013334,2.744506768,2.262597992,1.377634149,1.563390121,2.021137326,2.785205985,2.667449873,2.538537172,2.388372793,1.818797695,2.536557191,1.825371255,2.218211662,2.13116401,2.558249646,2.472770212,2.802756775,2.979839633,3.151340973,3.317479133,3.575303948,3.765572905,4.026141442,2.207288357,2.775283221,1.341510341,2.386255069,2.783901237,2.529961943,3.001571653,2.192750326,2.190357703,3.354971578,3.49386976,3.629002285,2.887730956,3.283730657,3.508475782,108.6692165
Asia & Oceania,        Bhutan,Neuclear & Renewables,0.018258261,0.021452724,0.024500652,0.024676494,0.024477206,0.024493618,0.918422766,3.566483713,4.626226006,4.674621241,4.69776029,4.762051056,4.861611624,4.846098843,5.012648179,5.182966396,5.612196718,5.447485516,5.328379231,5.340536067,5.357375869,5.817349528,6.493491618,7.424269043,6.83652126,7.677666157,13.00574499,18.811195,19.90060008,19.81659625,20.74343012,19.86109014,18.81082104,21.05803813,19.92773426,21.11701466,21.32030325,20.65811247,18.38327294,23.36021552,23.01394394,23.14249909,427.5526293
Asia & Oceania,        Brunei,Neuclear & Renewables,0,0,0,0,0,0,0,0,0,0,0,0,0,0,0,0,0,0,0,0,0,0,0,0,0,0,0,0,0,0,0,0,0.005577708,0.005592362,0.005574191,0.002731119,0.002705622,0.005400108,0.005336219,0.005219577,0.005142206,0.006271698,0.049552569
Asia & Oceania,        Burma,Neuclear & Renewables,2.398996873,2.60700565,2.809463389,3.030689036,3.0596508,3.040270374,3.156312906,3.093191782,2.801756234,3.46392797,3.600295199,3.755811623,4.5554877,5.099884567,4.831249572,4.859597647,4.951581769,4.995523806,2.809128703,3.080847967,5.599534042,5.463039327,6.588896453,6.611219595,6.997967662,8.700378175,9.575530621,10.38468341,11.6440603,14.88819046,14.45778492,21.20395622,21.98453703,25.02581879,25.01418391,26.06034065,26.80189391,30.29730492,33.5808234,28.35013085,29.15630927,24.06413684,464.4513943
Asia & Oceania,        Cambodia,Neuclear & Renewables,0.149176147,0.162363418,0.168506458,0.123324149,0.091789524,0.10715958,0.122456369,0.137407335,0.151282734,0.165094537,0.189007877,0.195742625,0.203072306,0.208466845,0.214655019,0.220616062,0.233336473,0.170608063,0.14942174,0.131865088,0.140511532,0.093877062,0.089442033,0.126705298,0.088942349,0.172894009,0.188952486,0.188285752,0.17905053,0.129574453,0.118084644,0.188787195,1.484507107,2.864127977,5.198769609,5.585958454,7.232940051,7.587961533,12.83075084,11.10282272,11.46274902,11.44976397,81.80081098
Asia & Oceania,        China,Neuclear & Renewables,175.4129379,198.6501596,225.6639484,263.71619,262.9219125,280.0722787,286.4101396,302.9007289,326.7979363,358.3652082,381.4910595,378.8231495,396.1481654,458.2178643,541.276944,604.4334569,605.7231806,618.6110772,652.5070068,682.2184777,714.5159045,890.6219802,936.3833177,972.4714643,1187.032459,1323.644371,1439.585578,1605.59895,1970.545238,2097.317633,2480.663015,2536.322841,3098.252911,3455.677554,4012.639446,4354.315466,4804.423069,5259.341126,5802.520194,6338.217745,6691.748757,7301.903212,77274.10405
Asia & Oceania,        Cook Islands,Neuclear & Renewables,0,0,0,0,0,0,0,0,0,0,0,0,0.000301862,0.000301862,0.000301862,0.000301862,0.000303034,0.000298931,0.000298931,0.000298931,0.000298931,0.000301862,0.000298931,0.000296001,0.00029307,0.00029307,0.000290725,0.000289553,0.000288674,0.000286036,0.000286036,0.000284864,0.000279003,0.002236124,0.004044366,0.009495468,0.012660624,0.018900377,0.042689748,0.039146825,0.03342434,0.04077776,0.209549739
Asia & Oceania,        Fiji,Neuclear & Renewables,0,0,0,0.151072017,0.872000478,0.890955366,1.068431818,1.117579657,1.049902174,1.060885265,1.22245417,1.226449887,1.230557556,1.226631004,1.287930111,1.344851339,1.351533335,1.346965546,1.309000086,1.408409137,1.516029716,1.644665466,1.66093847,1.299989062,1.382861932,1.292602526,1.317144208,1.747001993,1.744587389,1.57634616,1.38184703,1.5065955,1.642635077,1.641358171,1.35033673,1.317451052,1.485454309,1.521234639,1.761200355,1.750124068,1.773032763,1.77522522,53.25427078
Asia & Oceania,        French Polynesia,Neuclear & Renewables,0,0,0,0.049329542,0.073431619,0.097974473,0.107149323,0.106872372,0.175487971,0.195667599,0.210347476,0.22632741,0.272783695,0.283998311,0.290237772,0.37776723,0.403035725,0.39808548,0.451253653,0.260733242,0.34679442,0.317970693,0.390563545,0.456969398,0.522499263,0.52454284,0.581392266,0.645964965,0.612237297,0.603536635,0.792853701,0.655771967,0.589284934,0.476189514,0.542240752,0.543525571,0.58713087,0.572649109,0.539072665,0.574414562,0.571041913,0.578755222,16.005885
Asia & Oceania,        Guam,Neuclear & Renewables,0,0,0,0,0,0,0,0,0,0,0,0,0,0,0,0,0,0,0,0,0,0,0,0,0,0,0,0,0,0.000286036,0.000571487,0.000568556,0.00167343,0.005592362,0.007297443,0.084337047,0.179499221,0.163709781,0.183998138,0.179976338,0.177308522,0.215750514,1.200569168
Asia & Oceania,        Hawaiian Trade Zone,Neuclear & Renewables,0,0,0,0,0,0,0,0,0,0,0,0,0,0,0,0,0,0,0,0,0,0,0,0,0,0,0,0,0,0,0,0,0,0,0,0,0,0,0,0,0,0,0
Asia & Oceania,        Hong Kong,Neuclear & Renewables,0,0,0,0,0,0,0,0,0,0,0,0,0,0,0,0,0,0,0,0,0,0,0,0,0,0,0.002906961,0.002896704,0.002887912,0.005720726,0.16307294,0.46620374,0.182963308,0.283757994,1.334393136,0.251129338,0.430442753,0.459163026,0.436817318,0.465014462,0.406234291,0.414224552,5.307829162
Asia & Oceania,        India,Neuclear & Renewables,151.6976253,161.9078843,154.7552747,165.4061841,176.4101455,170.700707,179.3942475,159.7306157,191.1129158,201.0739039,235.5480735,238.4191786,230.9452916,231.7654433,264.7537642,241.5176412,235.6962951,261.1002181,286.367262,287.2837197,280.4606489,299.1236448,297.1461242,312.9423824,336.5408823,394.4687858,439.5967269,428.756014,452.1556835,462.7102481,498.2739597,604.3782068,575.5667307,658.7010615,677.45228,649.5476818,711.5557867,782.2234033,860.6027615,940.514244,957.2166406,1028.232443,16873.75273
Asia & Oceania,        Indonesia,Neuclear & Renewables,6.801216583,8.905482629,8.523366826,9.677856305,10.40893202,12.84996451,17.66126979,16.01253475,20.12060362,24.06100011,23.75097366,24.94495081,30.59117588,27.58107003,28.12585405,31.2912152,33.68833202,24.77707973,39.23217192,38.5915168,44.21927817,53.23132223,47.94987405,45.45065105,47.70594398,50.5319371,47.82235138,55.54883333,63.41132672,62.27521713,84.17378588,80.59794034,109.3462071,128.5892984,130.7720044,103.7408594,141.8769126,144.4693858,184.3920547,204.4023163,136.0524922,144.4728549,2548.629414
Asia & Oceania,        Japan,Neuclear & Renewables,518.7068215,530.4215146,575.146131,620.7838299,657.2088481,756.8459049,782.3950998,859.3550538,862.8495941,874.099038,885.4377615,942.9648446,923.9251746,1034.591601,1008.889033,1123.371844,1153.092354,1238.271488,1270.166836,1210.13747,1208.609394,1197.634556,1119.469491,999.6449155,1117.55008,1114.786441,1178.993033,1070.501543,998.1930602,1062.447347,1131.096347,766.6401794,332.7153405,349.5029191,359.9439423,407.2811474,452.8215054,535.226021,606.1300708,675.3647635,631.401547,713.8498941,35858.46379
Asia & Oceania,        Kiribati,Neuclear & Renewables,0,0,0,0,0,0,0,0,0,0,0,0,0,0,0,0,0,0,0,0,0,0,0,0,0,0.00117228,0.001163488,0.001157627,0.001443956,0.001430182,0.002001668,0.001992876,0.002230263,0.002236124,0.003546147,0.010667748,0.013100229,0.013070922,0.01289508,0.012631317,0.012426168,0.012426168,0.105584622
Asia & Oceania,        Laos,Neuclear & Renewables,2.800859146,3.336109592,3.486553267,3.1416808,2.876071752,2.623878863,2.507294151,1.621406551,1.473493829,2.020879425,2.490636052,2.679227184,2.600537889,2.619431232,2.578883532,3.149067629,3.618230497,3.483996231,5.385159492,6.964874198,9.796942368,9.984279746,9.576260365,8.40348918,8.800296582,10.28572832,10.46506079,9.761892076,10.74303182,9.639423984,23.91713205,36.55864319,36.04984378,42.93815344,42.15760956,37.98440764,47.4430048,54.37368564,59.744303,51.74427362,73.56697329,73.56954439,738.9622509
Asia & Oceania,        Macau,Neuclear & Renewables,0,0,0,0,0,0,0,0,0,0,0,0,0,0,0,0,0,0,0,0,0,0,0,0,0,0,0,0,0,0,0,0,0,0,0,0.538030508,0.159631712,0.237604744,0.485595889,0.566324072,0.485938488,0.489811115,2.962936528
Asia & Oceania,        Malaysia,Neuclear & Renewables,4.256088267,4.834142173,3.952244135,5.191943423,10.39363377,11.56098785,12.34360198,14.84304566,16.96484579,15.84601824,12.03553382,13.34414178,13.08149362,14.57153037,19.52453675,18.60428054,15.55172438,11.4666577,14.3534523,22.31217229,21.94371589,19.29325031,15.64639303,16.89303104,16.93425983,15.05936121,19.15971501,20.10202943,23.9572079,25.24723757,22.51915063,26.59164666,32.24154391,41.59909609,46.26471598,51.7578958,64.483892,83.79059275,86.65622007,92.94491877,76.04377087,76.82840923,1150.990129
Asia & Oceania,        Maldives,Neuclear & Renewables,0,0,0,0,0,0,0,0,0,0,0,0,0,0,0,0,0,0,0,0,0,0,0,0,0,0.000029307,8.73E-05,0.005890707,0.0058614,0.005802786,0.006007935,0.006271698,0.011155416,0.013980904,0.022296766,0.024580074,0.035173089,0.04860097,0.072038951,0.086123016,0.107986331,0.130611921,0.582482193
Asia & Oceania,        Micronesia,Neuclear & Renewables,0,0,0,0,0,0,0,0,0,0,0,0,0,0,0,0,0,0,0,0,0,0,0,0,0,0,0,0,0,0,0,0,0,0,0,0,0,0,0,0,0,0,0
Asia & Oceania,        Mongolia,Neuclear & Renewables,0,0,0,0,0,0,0,0,0,0,0,0,0,0,0,0,0,0,0,0,0,0,0,0.0003341,0.001210379,0.001207448,0.001198656,0.001195726,0.025991206,0.025743269,0.1258044,0.173695555,0.167331247,0.33945624,0.55557954,0.601966073,0.668288693,0.665952046,1.168893283,1.676191299,1.738667375,1.789487765,9.72819518
Asia & Oceania,        Nauru,Neuclear & Renewables,0,0,0,0,0,0,0,0,0,0,0,0,0,0,0,0,0,0,0,0,0,0,0,0,0,0,0,0,0,0,0,0,0,0,0,0,0,0.002700054,0.002668109,0.005219577,0.007713309,0.009407547,0.027711292
Asia & Oceania,        Nepal,Neuclear & Renewables,0.535816657,0.637200121,0.631133572,0.968094028,1.024983018,1.01648516,1.322528783,1.658048507,1.685289657,1.638716145,2.673546901,2.755689147,2.51567185,2.613388715,2.793538551,3.466392102,3.542471902,3.145773229,3.347046965,4.186716547,4.831205025,5.54480322,6.254979529,6.6468276,6.980355327,7.30257407,7.872051282,8.006489524,8.045722219,8.818499746,9.089762407,9.86974037,9.792305415,9.751616455,10.51711676,9.403612535,11.4187513,12.7324282,13.27716825,16.32676294,16.24505473,15.72743772,256.6137962
Asia & Oceania,        New Caledonia,Neuclear & Renewables,0.840257773,0.821007763,1.250012128,0.857102265,1.214681368,1.466555397,1.21844087,0.775588068,1.594520016,1.57757002,1.390122448,1.039882697,1.036578039,1.033270451,1.136764605,1.269297893,1.181834082,1.077524608,1.174454872,1.399568094,1.330375146,1.120468155,0.968955361,0.964383469,0.977567809,1.043224867,0.915692819,1.233995853,1.39486139,1.235676902,0.894926758,1.187394206,1.274506333,1.435360733,0.978883693,1.118136783,0.778783703,1.17193154,1.094559887,1.393626979,1.077292203,1.179365553,48.1250036
Asia & Oceania,        New Zealand,Neuclear & Renewables,64.21863053,65.52647504,61.46179167,66.32089344,68.13873309,65.77512501,73.22368984,72.5082881,74.9717844,75.95915863,78.92125756,78.7891841,72.52411095,79.89971894,86.55846833,91.46030147,87.46555867,78.00934447,84.75259561,78.63066957,83.48828518,75.71474411,83.68795993,79.31356692,89.92132467,80.27992979,81.08313267,82.34292337,80.52913278,88.13027396,92.78917024,95.27402109,88.15904406,89.65342997,95.5563319,96.22892491,99.05550769,96.2776437,97.79736287,94.70671904,90.17322449,91.79782931,3457.076263
Asia & Oceania,        Niue,Neuclear & Renewables,0,0,0,0,0,0,0,0,0,0,0,0,0,0,0,0,0,0,0,0,0,0,0,0,0,0,0,0,0,0,0,0,0,0,0,0,0,0,0,0,0,0,0
Asia & Oceania,        North Korea,Neuclear & Renewables,31.94806097,32.63199169,33.12225677,33.81854303,34.0477941,37.28234879,39.40033666,41.11227459,44.930972,45.40099766,47.08125238,45.41840602,42.6088131,39.78091238,41.30446286,42.48521375,37.50050453,31.70616158,30.17721451,30.55973416,30.18905219,31.7788995,31.34645127,34.4299735,36.32544036,38.09968585,36.32131892,38.08470382,40.22312395,35.40071307,37.93402949,37.22039467,37.2825173,38.49334421,35.89054617,27.06921624,34.32190042,31.84821583,33.8513698,28.75047238,32.95228584,30.89540335,1521.02731
Asia & Oceania,        Northern Mariana Islands,Neuclear & Renewables,0,0,0,0,0,0,0,0,0,0,0,0,0,0,0,0,0,0,0,0,0,0,0,0,0,0,0,0,0,0,0,0,0,0,0,0,0,0,0,0,0,0,0
Asia & Oceania,        Pakistan,Neuclear & Renewables,26.27103043,27.94634398,29.46205923,35.47625274,39.97305054,38.217512,43.2189567,47.83904113,50.61407055,51.58150635,52.2327495,56.67906746,65.00445524,59.35728824,70.1738988,71.00515024,63.63681214,66.53766618,67.62044055,57.44796034,52.09156889,62.96844432,71.58654075,84.80191226,80.62273523,97.04088443,100.2121032,89.75846918,85.09717266,91.44270613,101.7498462,96.5114863,103.1969777,108.2950769,111.3895195,115.8667681,115.9422278,116.5199054,146.1764702,137.2792715,143.1883765,167.3685069,3299.402282
Asia & Oceania,        Papua New Guinea,Neuclear & Renewables,0.949856575,0.940482731,0.922190181,1.17466178,1.242218225,1.273668153,1.383756967,1.322163911,1.331288059,1.375787808,1.387073934,1.391607727,1.379073123,1.374672677,1.390722655,2.605082818,2.830341109,2.104166109,2.567065485,2.727209776,2.792293003,2.828425018,2.781647236,2.916889076,2.773942718,3.491580004,3.388063577,3.668675464,3.634436975,3.60262745,3.632602064,3.942319612,3.905790195,3.969156325,4.028724561,3.933560043,3.884683587,3.325745465,3.264132773,3.241357131,3.193310063,3.19408875,107.0671409
Asia & Oceania,        Philippines,Neuclear & Renewables,16.5920461,19.36720359,21.87827541,21.04216927,28.91370006,31.25691868,31.62741865,29.13035499,32.71942971,35.06730257,34.95426313,33.1906089,30.03348478,32.05857532,36.90554663,37.18740612,40.89145924,39.53617373,41.67970002,55.0117172,57.83992798,52.91940812,51.2950061,52.26068201,55.15302618,53.40373589,59.19434542,54.76039766,59.94537891,59.10511821,52.1579598,57.71978482,59.36086662,57.58002442,57.61798109,60.33921165,63.28522163,66.35831995,66.38808033,61.91092144,57.40759024,58.96357038,1924.010313
Asia & Oceania,        Samoa,Neuclear & Renewables,0.021306189,0.021452724,0.036765045,0.036997157,0.048954413,0.052048939,0.061228184,0.054962934,0.054461784,0.061146125,0.060970283,0.06116957,0.075773249,0.075531466,0.075582753,0.078575584,0.090910314,0.098773089,0.113560522,0.128868154,0.104636247,0.145358031,0.184846869,0.160236023,0.146769456,0.146520347,0.148255028,0.151208001,0.153636965,0.155031685,0.152108898,0.157180182,0.103187602,0.089477788,0.089744482,0.107141703,0.12630936,0.150582004,0.173277638,0.167365829,0.164884699,0.164884699,4.451678203
Asia & Oceania,        Singapore,Neuclear & Renewables,0,0,0,0,0,0,0,0,0,0,0.518247404,1.498654475,1.485155671,1.480416729,1.481421959,1.480847542,1.484868462,1.466630716,1.464333047,1.468497572,1.464907464,2.864764525,2.82040545,2.937660413,2.812102777,2.701578753,2.945217809,3.22266835,3.604245197,3.769434395,4.35168858,4.424965458,8.969596673,12.55380966,12.47187578,12.24245297,13.12895367,16.20677803,14.36487411,16.78632718,5.962388112,6.430328878,170.8660978
Asia & Oceania,        Solomon Islands,Neuclear & Renewables,0,0,0,0,0,0,0,0,0,0,0,0,0,0,0,0,0,0,0,0,0,0,0,0,0,0,0.002906961,0.005793408,0.005775824,0.00858109,0.005718382,0.011389872,0.011155416,0.011400423,0.015268947,0.015063798,0.016558455,0.019489155,0.018404796,0.017994498,0.017730735,0.017730735,0.200963667
Asia & Oceania,        South Korea,Neuclear & Renewables,14.21050213,14.85103709,15.12533332,33.17521979,40.47728392,57.85159334,90.91375699,125.1495869,121.3793688,146.4017639,162.6782478,168.7113739,168.0673338,175.9388763,170.8904584,196.2851099,214.1410913,222.2408553,261.9492393,300.1408099,316.1472623,325.0099514,341.3270545,374.8340459,376.364451,412.0625572,422.7551716,411.5058898,433.7898626,426.837661,433.6500269,455.420973,439.3316202,411.5101237,459.1147839,486.2315824,490.9714158,462.591568,434.565591,467.2175012,517.7919109,544.6981234,12144.30797
Asia & Oceania,        Sri Lanka,Neuclear & Renewables,4.457019404,4.766746037,4.874434315,3.712054513,6.330417505,7.256234427,8.011707929,6.577231095,7.775932528,8.477910204,9.493073032,9.435406234,8.701799858,11.35388993,12.23835937,13.31856146,9.754676692,10.2155319,11.58317325,12.38033361,9.494992054,9.357423238,7.990154975,9.723952699,8.647656348,10.0630174,11.24412642,11.37535614,11.88375697,11.17829939,16.24306362,13.42296472,9.604813589,19.9367696,13.51462705,17.31802767,12.5676153,12.20964378,18.620708,14.70574764,15.06242438,15.44724141,450.3268757
Asia & Oceania,        Taiwan,Neuclear & Renewables,31.81877695,45.67592927,54.60107836,72.56826634,87.39718808,104.4742301,99.51387885,116.1146775,106.0102692,100.2067028,118.6055946,114.6877018,118.669099,112.5961928,117.1478665,118.3632222,125.8377897,123.0192859,128.1288617,128.893067,130.4374931,125.1581161,131.1250189,130.9926005,133.6279853,137.7914169,137.9106363,141.449436,142.0190741,142.6598802,145.1911038,147.4906359,147.6559983,151.8734931,150.852395,134.4304837,126.0905971,98.35449451,114.3904889,134.8730853,131.4391404,126.5355923,4986.678845
Asia & Oceania,        Thailand,Neuclear & Renewables,3.835959234,9.015767214,11.63307838,11.1669945,12.35792958,11.18746017,16.82550507,12.3147507,11.3159485,16.86104391,15.02002917,13.89160944,12.72384389,11.06989162,13.51419624,20.95852592,24.63669509,22.36761498,16.2762113,13.09150606,19.14168886,20.19460643,24.01590162,24.81004072,21.11018466,21.57942432,28.25358069,30.430934,34.00232957,37.51802132,34.50910094,44.49989827,49.6503418,55.12891501,59.08131741,58.02323155,88.94846825,93.1469627,105.5566092,115.5480278,75.61079716,85.01506705,1405.84001
Asia & Oceania,        Timor-Leste,Neuclear & Renewables,0,0,0,0,0,0,0,0,0,0,0,0,0,0,0,0,0,0,0,0,0,0,0,0,0,0,0,0,0,0,0,0,0.002788854,0.002796181,0.002787096,0.002731119,0.005411244,0.005400108,0.005336219,0.005219577,0.005142206,0.005142206,0.04275481
Asia & Oceania,        Tonga,Neuclear & Renewables,0,0,0,0,0,0,0,0,0,0,0,0,0,0,0,0,0,0,0,0,0,0,0,0,0,0,0,0,0,0,0,0,0.002788854,0.008388543,0.011148383,0.013655597,0.013528111,0.016200323,0.018676765,0.020878307,0.025711031,0.025711031,0.156686945
Asia & Oceania,        Tuvalu,Neuclear & Renewables,0,0,0,0,0,0,0,0,0,0,0,0,0,0,0,0,0,0,0,0,0,0,0,0,0,0,0,0,0,0,0,0,0,0,0,0,0,0,0,0,0,0,0
Asia & Oceania,        U.S. Pacific Islands,Neuclear & Renewables,0,0,0,0,0,0.048987237,0.091842277,0.09160489,0.09076964,0.091719187,0.091455424,0.091754356,0,0,0,0,0,0,0,0,0,0,0,0,0,0,0,0,0,0,0,0,0,0,0,0,0,0,0,0,0,0,0.598133011
Asia & Oceania,        Vanuatu,Neuclear & Renewables,0,0,0,0,0,0,0,0,0,0,0,0,0,0,0,0,0,0,0,0,0,0,0,0,0,0,0,0,0,0,0.014295955,0.014536272,0.02285946,0.026024616,0.029072544,0.034854522,0.027489966,0.025262634,0.029072544,0.030605007,0.030151335,0.034012825,0.318212475
Asia & Oceania,        Vietnam,Neuclear & Renewables,3.61676163,3.942674813,4.096240562,4.273178937,4.467090168,4.623170458,4.849272204,5.062696915,5.34633182,11.48935685,16.25162888,19.15830945,21.68933465,23.76522038,27.58165822,31.65991601,36.02472709,34.54064992,32.82496773,40.86618957,43.06827945,54.59708206,53.7159038,55.7769725,51.3428911,61.26601769,58.93282704,64.81374932,74.46769316,85.83377891,79.10059647,116.6948013,147.1823447,145.4115663,166.895077,156.3129939,177.6015946,237.1819909,228.3753672,192.6281308,218.8240146,227.49506,3033.648109
Asia & Oceania,        Wake Island,Neuclear & Renewables,0,0,0,0,0,0,0,0,0,0,0,0,0,0,0,0,0,0,0,0,0,0,0,0,0,0,0,0,0,0,0,0,0,0,0,0,0,0,0,0,0,0,0
Middle East,        Bahrain,Neuclear & Renewables,0,0,0,0,0,0,0,0,0,0,0,0,0,0,0,0,0,0,0,0,0,0,0,0,0,0,0,0,0,0,0,0,0.002230263,0.002236124,0.023005995,0.022537083,0.022321383,0.02227332,0.022011902,0.026097884,0.025711031,0.031367575,0.199778492
Middle East,        Iran,Neuclear & Renewables,16.92997574,18.88317651,19.54675791,18.92407853,19.17789121,19.19687336,18.78480697,19.34695275,19.32183079,20.27911229,18.35815215,21.36347246,28.59682398,29.38174018,22.28481889,21.76543672,22.20029868,20.52385065,20.80249457,14.80785,10.94794109,15.32315909,23.95257652,32.68221392,31.02119222,46.91581495,52.9299519,51.99583465,14.86985776,21.2834116,27.60406958,35.12513935,39.20346718,53.45744712,50.85674043,48.64635139,62.87935543,60.64602869,63.08470724,61.78908609,61.22047402,51.57113079,1328.482345
Middle East,        Iraq,Neuclear & Renewables,2.079333408,2.092344251,1.850508162,1.831362485,1.848029083,1.849268183,1.818477077,1.844311783,2.12703524,1.816039907,1.841302541,0.938952906,2.100434448,1.794627626,1.674913806,1.704485742,1.709113903,1.721046248,1.754211222,1.795163358,1.808712277,1.853314894,1.526477368,1.272986179,1.432469891,17.40661716,17.54362798,16.44933859,9.963728798,9.138088185,13.49063487,9.576035288,12.12593771,13.29584004,8.247016176,7.040825633,9.182881883,5.970467173,5.807993561,13.9369588,13.60998265,13.56771111,240.4386076
Middle East,        Israel,Neuclear & Renewables,0,0,0,0,0,0,0,0.030534963,0.030256547,0.009171919,0.009145542,0.018350871,0.087896968,0.090637759,0.090699304,0.075553446,0.072728251,0.074828098,0.07471087,0.098898816,0.092677819,0.060565846,0.095404836,0.127595351,0.114480176,0.11428587,0.072674033,0.069520893,0.092413177,0.283175957,0.486062456,0.857087904,1.372116227,1.593823096,2.689547351,3.337427821,4.633107582,5.039380559,5.093954296,7.618494151,10.04015764,12.86837107,57.51573747
Middle East,        Jordan,Neuclear & Renewables,0,0,0,0,0,0,0.009184228,0.05801643,0.081692676,0.051974206,0.057921769,0.024467828,0.048494879,0.069488948,0.045349652,0.057420619,0.069697907,0.059862478,0.047814957,0.050947875,0.125563497,0.139301446,0.178884067,0.148366688,0.179058736,0.187546044,0.171510718,0.208562679,0.21081756,0.194504698,0.205861746,0.185085428,0.192430934,0.170567033,0.175587029,0.628157446,2.340363238,3.77737542,5.759647561,7.715578278,10.96909723,13.07447753,47.67067945
Middle East,        Kuwait,Neuclear & Renewables,0,0,0,0,0,0,0,0,0,0,0,0,0,0,0,0,0,0,0,0,0,0,0,0,0,0,0,0,0,0,0,0,0,0.017349744,0.025083861,0.030042313,0.040584334,0.102602049,0.154750338,0.146148148,0.136268465,0.136268465,0.789084234
Middle East,        Lebanon,Neuclear & Renewables,2.560350665,2.576371043,1.96999456,1.708038336,1.771537813,1.772725626,1.696020708,1.844311783,1.79723888,1.513366589,0.9054087,1.513946867,1.651856817,2.154157403,2.445857887,2.145717866,2.393971602,2.669866528,2.322013832,0.985991227,1.330375146,0.999336462,2.000520145,4.002933229,3.255346534,3.035901579,1.999989395,1.677191547,1.065639447,1.761983731,2.378846845,2.27227956,2.813953807,3.559538248,0.59643848,1.3846775,1.166123185,1.357722094,1.250062536,2.909955626,3.109983228,2.900204308,85.22774737
Middle East,        Oman,Neuclear & Renewables,0,0,0,0,0,0,0,0,0,0,0,0,0,0,0,0,0,0,0,0,0,0,0,0,0,0,0,0,0,0,0,0,0,0.002796181,0.002787096,0.010924477,0.010822489,0.043200863,0.042689748,0.044366402,0.329101198,0.401503555,0.888192009
Middle East,        Palestinian Territories,Neuclear & Renewables,0,0,0,0,0,0,0,0,0,0,0,0,0,0,0,0,0,0,0,0,0,0,0,0,0,0,0,0,0,0,0,0,0.002788854,0.005592362,0.008361287,0.024580074,0.116341756,0.123203404,0.160823042,0.321724333,0.458365876,0.514930144,1.736711133
Middle East,        Qatar,Neuclear & Renewables,2.93E-37,2.93E-37,0,0,-2.93E-37,0,0,0,0,-2.93E-37,0,-2.93E-37,2.93E-37,-2.93E-37,0,-2.93E-37,0,0,0,0,0,0,0,0,0,0,0,0,0,0,0,0.002847468,0.030677395,0.222998135,0.302416588,0.342771741,0.355421229,0.370890342,0.382510861,0.329783172,0.366032414,0.368778187,3.075127534
Middle East,        Saudi Arabia,Neuclear & Renewables,0,0,0,0,0,0,0,0,0,0,0,0,0,0,0,0,0,0,0,0,0,0,0,0,0,0,0,0,0,0,0,0,0.072510207,0.117439597,0.128206402,0.125631489,0.124458623,0.188463646,0.583782252,0.850791002,2.018315941,2.458951669,6.668550828
Middle East,        Syria,Neuclear & Renewables,7.714540224,8.056903719,8.973738925,8.552524067,10.07237043,10.13117288,8.666849502,8.64444811,8.435525248,8.389248323,8.234036692,8.126377428,7.922850863,7.764634679,7.636881363,7.510012532,7.651618095,7.704300944,7.988086194,8.070742777,9.66241005,10.32344848,7.331265329,8.198743151,12.22883107,12.6447059,11.45052068,10.06894269,8.296970544,5.377482816,7.431037201,9.348237838,9.030309641,8.396931153,6.549674895,1.207154744,2.578457995,2.103341996,2.085020725,2.064342585,2.03374256,2.023458148,316.6818932
Middle East,        United Arab Emirates,Neuclear & Renewables,0,0,0,0,0,0,0,0,0,0,0,0,0,0,0,0,0,0,0,0,0,0,0,0,0,0,0,0,0,0.028603632,0.057183818,0.096813916,0.052988228,0.215585516,0.844489997,0.830260276,0.865799117,2.011540163,3.508563703,9.901537,18.71183723,22.48788651,59.61308911
Middle East,        Yemen,Neuclear & Renewables,0,0,0,0,0,0,0,0,0,0,0,0,0,0,0,0,0,0,0,0,0,0,0,0,0,0,0,0,0,0,0.005718382,0.005694936,0.008366562,0.013980904,0.027870957,0.316809842,0.419371447,0.523810459,1.291364892,1.263137561,1.259840524,1.537005322,6.672971789
Central & South America,        Antarctica,Neuclear & Renewables,0,0,0,0,0,0,0,0,0,0,0,0,0,0,0,0,0,0,0,0,0,0,0,0,0,0.005860814,0.005813923,0.005793408,0.005775824,0.011441453,0.011436764,0.011389872,0.001394427,0.001397944,0.001393548,0.002731119,0.002705622,0,0,0,0,0,0.06713501
Central & South America,        Antigua and Barbuda,Neuclear & Renewables,0,0,0,0,0,0,0,0,0,0,0,0,0,0,0,0,0,0,0,0,0,0,0,0,0,0,0,0,0,0,0.000571487,0.001423734,0.001394427,0.00167636,0.001672257,0.014624193,0.013528111,0.016587762,0.026681093,0.033927249,0.04113765,0.050187944,0.203410802
Central & South America,        Argentina,Neuclear & Renewables,60.59965446,59.62121243,63.92575571,68.23660675,77.74695069,81.69529054,82.6117978,87.58426433,62.10126836,56.11341041,78.58427747,76.05330004,81.81016373,97.00464223,109.3295346,104.896132,93.56704777,109.9630778,104.1555913,88.33080535,107.8308646,135.4606142,127.1175698,126.6464703,117.2819164,124.6454924,142.3375723,120.5275579,123.5984641,139.3708707,142.0330404,140.4741333,135.7637177,142.6246851,146.5528858,140.690994,147.6636208,150.8408492,150.9401677,151.2173252,130.9432179,131.9763383,4620.469153
Central & South America,        Aruba,Neuclear & Renewables,0,0,0,0,0,0,0,0,0,0,0,0,0,0,0,0,0,0,0,0,0,0,0,0,0,0,0,0,0,0.085810896,0.303360274,0.323187632,0.37928416,0.427815673,0.443148216,0.477945883,0.404523056,0.388030248,0.391443635,0.382887163,0.377211569,0.377211569,4.761859974
Central & South America,        Barbados,Neuclear & Renewables,0,0,0,0,0,0,0,0,0,0,0,0,0,0,0,0,0,0,0,0,0,0,0,0,0,0,0,0,0,0,0.005718382,0.008542404,0.008366562,0.011184723,0.027870957,0.038235671,0.062229312,0.086401725,0.088047606,0.114830687,0.169692805,0.207025234,0.828146069
Central & South America,        Belize,Neuclear & Renewables,0.121776446,0.122538428,0.122550151,0.123324149,0.122386032,0.122468092,0.122456369,0.122139853,0.121026187,0.12229225,0.121940566,0.122339141,0.121237198,0.120850345,0.120932405,0.241771027,0.30303438,0.323257382,0.314383223,0.345246717,0.329454641,0.322737183,0.314367983,0.229535062,0.238984811,0.242564368,0.569569529,0.566603954,0.634326862,0.581225802,0.977557258,0.965297261,0.842264717,0.939550182,0.985575654,0.976719371,1.019007614,1.049332739,1.028782964,1.221433114,0.617064746,0.617064746,18.6269709
Central & South America,        Bolivia,Neuclear & Renewables,3.394519616,3.571996067,3.722462601,3.693555935,3.717475722,3.621993809,3.566541741,3.554269728,3.921248465,3.928638518,3.877709986,4.306337756,4.176621457,4.241847117,4.175191276,3.97411126,4.52127295,4.803963876,4.626097055,5.475398089,6.000141389,6.547167974,6.663431481,5.996981509,6.407954449,5.863744267,6.381596905,6.830737817,6.884781684,6.847709501,6.404587661,6.868093105,7.103850629,7.752761241,7.285015367,8.029680153,6.029640936,7.309092533,8.638118384,10.49667835,9.204549134,10.57494709,240.9925146
Central & South America,        Brazil,Neuclear & Renewables,421.2911246,430.0453643,473.2960775,524.1860705,596.1625679,636.4066841,632.2339078,649.8847627,684.7543336,712.270185,718.6974654,759.5002141,767.1031732,793.5339525,825.0911487,867.4700941,917.4317322,959.3792217,986.6410825,990.9647741,1009.413993,949.0615285,999.673756,1068.714401,1100.432673,1152.058352,1203.840101,1313.405155,1345.226959,1385.447738,1475.532365,1523.601596,1481.074225,1459.783122,1451.987171,1436.997598,1510.427412,1513.424947,1617.181537,1652.720715,1382.901951,1336.840714,43716.09196
Central & South America,        British Virgin Islands,Neuclear & Renewables,0,0,0,0,0,0,0,0,0,0,0,0,0,0,0,0,0,0,0,0,0,0,0,0,0,0,0,0,0,0,0.003165156,0.003868524,0.00380991,0.00380991,0.003780603,0.004249515,0.004220208,0.004220208,0.004161594,0.004073673,0.004015059,0.004190901,0.047532437
Central & South America,        Cayman Islands,Neuclear & Renewables,0,0,0,0,0,0,0,0,0,0,0,0,0,0,0,0,0,0,0,0,0,0,0,0,0,0,0,0,0,0,0,0,0,0,0,0,0.005411244,0.024300485,0.040021639,0.044366402,0.048850959,0.053993165,0.216943895
Central & South America,        Chile,Neuclear & Renewables,22.6595593,23.5672091,26.31459294,28.15180188,29.13705457,32.27952724,35.42662749,37.50609542,35.29426184,29.99828883,39.0667087,42.91045364,55.49935813,56.715067,56.21542837,64.96085287,61.57052533,61.35006078,50.67488873,43.30869063,61.26900729,69.25098855,71.53275683,69.0528237,69.85345489,82.09535014,88.01116123,74.16720614,78.18154771,84.08323663,69.24960994,73.88610835,70.44366329,72.70070555,83.78567093,88.40087311,91.45272649,92.80951193,101.2437887,98.57902394,101.9696029,104.5803441,2629.206215
Central & South America,        Colombia,Neuclear & Renewables,44.24444146,44.57030101,56.12799416,56.430011,62.74731861,66.76041843,77.79346969,65.8975043,75.09674916,82.24765247,83.90120616,84.04393125,68.36868666,84.93664387,98.00362085,97.6603843,107.9772103,95.33698278,92.6594091,101.4791761,96.42977604,96.85084466,101.7403129,107.7557578,118.0085134,117.3013507,126.5054714,130.9553657,137.4329325,120.0548345,123.054309,147.9814786,143.333161,150.5726298,144.0120175,143.6545688,143.3053537,175.5710999,171.1586338,152.6955984,130.6040958,155.5516115,4480.812828
Central & South America,        Costa Rica,Neuclear & Renewables,6.387176665,6.926486424,7.236589652,8.648100349,9.114699733,8.416619595,8.773998825,9.081098085,9.137477134,10.04936561,10.20642534,11.09921855,12.18433836,13.25728287,13.22698178,12.09761777,13.06381212,16.15089662,14.65229578,17.96062438,20.30840083,20.54393503,22.08106256,21.56196438,23.68934368,23.95646145,24.30026128,25.00599846,26.11137498,25.1368718,25.36102346,25.33677133,26.34721251,25.61930752,25.93592217,29.6464243,29.43606539,30.33240562,30.10846586,29.57863662,30.12900889,32.68312742,790.8811512
Central & South America,        Cuba,Neuclear & Renewables,3.032234395,2.9378597,3.195496658,3.274253945,3.270766705,3.223972511,3.545111877,3.493199802,3.848632753,3.916409293,5.417338871,4.83193008,4.906316228,3.381941637,3.317414657,2.725140995,3.499227665,3.409380609,2.95790305,3.289308072,3.508961399,3.424872583,3.496998282,2.89773197,2.955999854,1.738170914,1.645792906,1.703019513,2.1333043,3.953234418,3.614561261,3.589061826,3.968549377,4.580610539,4.258610721,3.305099563,3.160721265,2.165443236,2.051776036,2.37229761,2.365157839,2.41776068,136.7815756
Central & South America,        Dominica,Neuclear & Renewables,0.027402045,0.030634607,0.027577887,0.046246446,0.048954413,0.042863832,0.03979832,0.042748949,0.048410475,0.0489169,0.048776226,0.048935656,0.048494879,0.048340138,0.051396272,0.057420619,0.057576532,0.059862478,0.080687739,0.095901882,0.095667426,0.081763892,0.089442033,0.086052679,0.09980323,0.079707127,0.079069407,0.061699734,0.058624551,0.06836268,0.068334546,0.102223988,0.076414486,0.104577047,0.087394939,0.069253027,0.101073982,0.076565417,0.067177798,0.055270071,0.105873003,0.105973526,2.821264438
Central & South America,        Dominican Republic,Neuclear & Renewables,1.966690196,2.705036393,2.545980563,2.660716882,1.955116861,3.288268259,2.877724667,3.022961367,2.632319572,1.904701788,1.271230396,1.767800585,1.682166117,3.4835112,1.732356699,1.93114608,2.709127357,2.11314548,2.265233571,3.371550548,2.478384261,2.337841663,2.841275258,3.780383198,4.887422885,5.799275314,5.305204427,5.147442795,4.216351199,4.394948057,4.318807885,4.612898354,5.463365221,6.187948265,4.618217575,3.632388709,5.346309546,7.711353967,7.198558837,6.05858453,7.495295143,7.691579069,159.4106207
Central & South America,        Ecuador,Neuclear & Renewables,2.672993878,2.398690322,2.726742036,5.278270122,9.67767548,11.51506231,13.07221737,13.69798454,14.34462884,14.87990947,15.05051431,15.36885456,14.92429902,17.37827964,19.64849247,15.44010222,19.03358941,19.36251857,19.24850848,21.29321479,22.52071006,21.19804617,22.21143827,21.0936391,21.53865828,20.1144304,20.7174483,28.78313503,32.89920647,26.74451022,25.12954329,32.18504616,34.66655397,31.61601823,33.09445498,37.06311279,44.29125411,55.53800586,56.55658149,66.49838455,64.06999217,67.07650879,1052.619227
Central & South America,        El Salvador,Neuclear & Renewables,4.697527885,4.720794126,5.091961127,4.556824392,5.23812217,4.883415153,4.934991663,4.772614764,5.228331287,5.70799075,5.688527385,3.908735549,4.222085406,4.685972135,4.840319502,5.757172585,7.012215553,5.752784155,6.048592015,7.102733153,5.886835252,6.471763408,6.503781598,7.62449769,7.333127496,8.78885806,11.62943464,11.23778058,12.5186773,9.313628616,11.11396114,10.94310485,10.5588807,10.58634077,10.39865406,9.504295268,9.504369415,11.0135199,11.03529998,11.09160049,13.58827994,14.19371039,325.6921123
Central & South America,        Falkland Islands,Neuclear & Renewables,0,0,0,0,0,0,0,0,0,0,0,0,0,0,0,0,0,0,0,0,0.000597863,0.000606655,0.000594932,0.000741467,0.000733847,0.000732675,0.000873349,0.000870418,0.005775824,0.005720726,0.014295955,0.017084809,0.019521979,0.019573266,0.01950967,0.017466972,0.019752918,0.017554893,0.01787727,0.017496279,0.017232516,0.017232516,0.231826869
Central & South America,        French Guiana,Neuclear & Renewables,0,0,0,0,0,0,0,0,0,0,0,0,0,0,0,0,0,0,0,0,0,1.604994924,1.636789209,1.694347571,1.740685748,1.805130669,1.85754829,1.920514672,1.989771216,2.033718235,2.138674808,1.990380216,0,0,0,0,0,0,0,0,0,0,20.41255556
Central & South America,        Grenada,Neuclear & Renewables,0,0,0,0,0,0,0,0,0,0,0,0,0,0,0,0,0,0,0,0,0,0,0,0,0,0,0,0.000289553,0.000288674,0.000286036,0.004864962,0.004835655,0.007092294,0.007092294,0.007092294,0.004190901,0.006799224,0.008880021,0.009319626,0.010961111,0.010784976,0.013070922,0.095854405
Central & South America,        Guadeloupe,Neuclear & Renewables,0,0,0,0,0,0,0.091842277,0.09160489,0.09076964,0.091719187,0.091455424,0.091754356,0.090927898,0.092752552,0.092815562,0.092779514,0.093940658,0.104759337,0.119537392,0.119877353,0.376690491,0.327055569,0.381619342,0.635009423,0.686881054,0.638828711,0.651159338,0.657551781,0.609349386,0.626419541,0.623303621,0.663460072,0,0,0,0,0,0,0,0,0,0,8.233864367
Central & South America,        Guatemala,Neuclear & Renewables,1.726181714,1.207003813,1.65442792,2.636052111,2.010190576,2.231980969,5.381957409,5.337511585,5.76689782,6.591552253,7.349967592,7.511623245,6.531654021,6.861278349,7.280130769,7.026500664,6.955517938,7.032554025,6.640690714,9.164803567,9.814222362,8.975858407,8.203325301,12.69128645,12.23763724,12.65349712,13.88494092,14.75166673,14.95297182,12.23181775,14.18959276,14.81480719,18.1657684,19.91496637,21.19291539,19.66952816,20.99152355,24.68023328,23.70159518,21.54101339,24.19353779,24.57616676,474.9273494
Central & South America,        Guyana,Neuclear & Renewables,0.015210333,0.015327561,0.015327561,0.015415482,0.015298254,0.015308511,0.015307046,0.015267482,0.015128273,0.015286531,0.015242571,0.015292393,0.01515465,0.015106293,0.015116551,0.015110689,0.015151719,0.01496562,0.017930609,0.017981603,0.12257389,0.142329739,0.166958462,0.151334021,0.164381791,0.132454452,0.131685436,0.137303881,0.131111312,0.130146526,0.13509091,0.15471136,0.196351918,0.239042839,0.221721815,0.177394392,0.231060198,0.235984653,0.243865305,0.24636402,0.242712075,0.242712075,4.287213473
Central & South America,        Haiti,Neuclear & Renewables,0.697170449,0.716850099,0.790448768,0.826271301,0.850582922,0.939942603,1.022510679,1.013760782,1.004517354,1.015025672,1.121853204,1.055175089,0.963835721,0.818761089,0.698384638,0.75553446,0.815162482,0.592638534,0.905495741,0.794187462,0.83708998,0.847921847,0.766220085,0.747768105,0.754395004,0.767766616,0.779065636,0.44029899,0.516936209,0.586374456,0.500358411,0.341696174,0.613268904,0.393981914,0.250559903,0.229878247,0.19558935,0.347577796,0.528365646,0.461932538,0.280507261,0.343653589,28.92931571
Central & South America,        Honduras,Neuclear & Renewables,2.350286295,2.515101829,2.59193687,2.562057504,2.646597942,2.651434183,3.894112528,3.453504349,5.261613489,5.579583888,6.298230213,6.416687935,6.57711797,6.77064059,5.441958216,5.004660263,6.118264132,6.17780775,5.68997984,6.32353036,6.690740623,5.735585635,4.800055787,5.2225074,4.288603504,5.45055689,6.369152274,6.769596968,7.118702538,8.400886718,9.140833371,8.73887966,9.668957234,9.451091341,10.10322191,12.20810341,14.29109667,16.6231842,18.04587171,16.74435252,15.93448084,16.81307627,312.9346436
Central & South America,        Jamaica,Neuclear & Renewables,0.523639013,0.523851781,0.57292225,0.628952838,0.409993207,0.379651084,0.499009703,0.567950317,0.556720461,0.654263535,0.631042427,0.507707434,0.606185988,0.649570605,0.728617739,0.658826049,0.690918386,0.715356614,0.64251348,0.650334639,0.648744734,0.436074093,1.093852417,1.427151842,1.354373769,1.530075389,2.726089663,2.583052746,3.19103496,0.637860994,0.637599575,0.765968924,0.800401132,0.73819175,0.819406136,0.802949083,1.600569274,1.285225661,1.457198551,1.412448814,1.438740416,1.561379368,40.74641684
Central & South America,        Martinique,Neuclear & Renewables,0,0,0,0,0,0,0,0,0,0,0,0,0,0,0,0,0,0,0,0,0,0,0.044721017,0.044510006,0.044030837,0.049816918,0.093022763,0.098487932,0.095301089,0.094391986,0.071479773,0.04555949,0,0,0,0,0,0,0,0,0,0,0.681321809
Central & South America,        Montserrat,Neuclear & Renewables,0,0,0,0,0,0,0,0,0,0,0,0,0,0,0,0,0,0,0,0,0,0,0,0,0,0,0,0,0,0,0,0,0,0,0,0,0,0,0,0,0,0,0
Central & South America,        Netherlands Antilles,Neuclear & Renewables,0,0,0,0,0,0,0,0,0,0,0,0,0,0.003021259,0.021163171,0.021154965,0.021212407,0.020951867,0.020919044,0.020978537,0.089688212,0.090848769,0.089442033,0.089020013,0.088061674,0.087912208,0.08720884,0.086901116,0.086637353,0.185923608,0.194913823,0.253911452,0.26820682,0.444592758,0.521186896,0.548954985,0.476189514,0.596711914,0.776046136,0.681154759,0.61192254,0.700305712,7.185142386
Central & South America,        Nicaragua,Neuclear & Renewables,1.643982613,1.602190244,1.394008556,1.076002402,1.630793876,1.717614985,1.423555287,1.825990805,1.788161916,2.867753253,2.3930836,2.422314988,2.188331417,2.670792629,2.234226179,2.15478428,2.175786848,1.873695568,1.344795656,1.570393322,1.121401583,1.317912931,1.807623522,2.063187303,2.064459227,2.638245447,2.343883008,2.277678202,3.779913113,3.503997086,3.901837853,3.723982169,4.917836517,6.146386836,6.782531905,6.260340072,6.600271379,6.822790638,7.30766323,6.808901171,6.830060825,7.071990403,134.0911528
Central & South America,        Panama,Neuclear & Renewables,3.029189983,4.484907652,3.750036385,3.076935482,4.956634296,6.141774794,6.67081069,6.433716767,6.974134037,6.80556369,6.850011273,6.288231837,5.813323625,6.99119247,7.240827737,7.280330057,9.063758306,8.665093719,6.40122732,9.35942432,10.18858089,7.561645898,10.09204276,8.35601184,11.05174004,10.87180971,10.51157217,10.73228788,11.40436362,11.10679031,11.9342629,11.61766993,14.95383579,14.49145456,14.57229792,18.30541538,19.62621006,21.25752443,23.34915799,16.20234916,21.51293406,21.45932511,437.4364068
Central & South America,        Paraguay,Neuclear & Renewables,2.182843388,2.347963422,2.182375648,2.553074323,2.915736725,12.52204702,36.60771542,56.67719679,60.39859262,74.30415453,83.12234685,90.05007882,82.54027261,94.27139902,109.1367376,126.1435332,136.0498161,150.7209508,150.5416666,154.2504907,158.3359087,135.8689289,142.3098977,152.0923794,150.9524435,148.6655143,155.0889718,154.451022,159.1456183,156.3656489,154.0584422,163.6089897,167.5416949,168.9425408,154.4630183,152.9590674,173.0552161,162.0869248,159.3797326,131.4781398,119.5743952,102.8986627,4752.842151
Central & South America,        Peru,Neuclear & Renewables,21.66099214,24.78953022,26.30540168,25.55891341,26.76276555,29.37397177,31.37332169,33.52128271,31.73004063,31.95496482,32.02159253,35.19085385,29.76070108,35.60855421,38.5381341,38.807272,40.38842217,39.58406371,41.21649262,43.54245147,48.32714775,53.30112447,53.82636481,55.05605869,51.40174571,53.50937708,57.79635053,57.5599333,56.26870557,56.53479554,58.00172636,62.9833015,61.36187707,65.22590333,65.32425088,68.72849045,71.03843537,84.17172442,90.39171989,90.9456515,86.61376097,90.31869476,2096.376862
Central & South America,        Puerto Rico,Neuclear & Renewables,0.62106017,0.379869128,0.318630393,0.33914119,0.413052858,0.560291519,0.682694256,0.784748557,0.822978073,0.831587297,0.416747005,0.364133321,0.409524002,0.363545129,0.203901108,0.262696225,0.409172318,0.305086163,0.308481086,0.475643232,0.454420275,0.402762877,0.339879727,0.305635376,0.413889866,0.405229354,0.412788509,0.475059436,0.450514238,0.499991487,0.459757959,0.432245719,0.343029057,0.819280995,0.964335112,1.059840764,1.049418902,0.996319893,0.634020018,1.218771159,1.185278534,1.264019409,23.8594717
Central & South America,        Saint Kitts and Nevis,Neuclear & Renewables,0,0,0,0,0,0,0,0,0,0,0,0,0,0,0,0,0,0,0,0,0,0,0,0,0,0,0,0,0,0,0,0.014237341,0.022310833,0.022369447,0.022296766,0.021848955,0.021644978,0.01350027,0.016008656,0.01565873,0.015426619,0.015426619,0.200729211
Central & South America,        Saint Lucia,Neuclear & Renewables,0,0,0,0,0,0,0,0,0,0,0,0,0,0,0,0,0,0,0,0,0,0,0,0,0,0,0,0,0,0,0,0,0.000279003,0.000279589,0.000557419,0.00322377,0.00351684,0.00351684,0.008440416,0.008264574,0.008118039,0.008118039,0.044306323
Central & South America,        Saint Vincent/Grenadines,Neuclear & Renewables,0.05175499,0.052078832,0.055147568,0.055495735,0.067312318,0.07960426,0.085719458,0.094658386,0.105897914,0.110063025,0.073164339,0.039760221,0.060618599,0.069488948,0.063489513,0.063464895,0.06363722,0.062855602,0.065745565,0.065932544,0.074740177,0.057537554,0.065590824,0.062314009,0.079255506,0.07619058,0.066746693,0.065137152,0.067681,0.065788354,0.074338964,0.071186703,0.069721353,0.06431216,0.034281277,0.048887007,0.045454571,0.056161004,0.066702732,0.070464285,0.110557434,0.110557434,2.889496703
Central & South America,        Suriname,Neuclear & Renewables,2.688215933,2.527355672,3.220006688,2.20133464,2.588464577,2.945357603,2.31442537,0.986279315,1.46744252,3.323291883,3.569810058,4.260460578,4.355446324,4.380825014,4.423102706,3.865314297,3.881870408,3.85813672,3.867034618,3.928980238,2.12262102,2.195511925,2.209218223,2.23143498,2.242637288,2.40586409,2.505800666,2.496958745,2.492267866,2.468493442,3.425882502,2.935711204,2.299633248,2.319795585,1.556342081,1.31839591,2.13912174,2.519666101,2.6906575,2.533812297,2.555887209,2.628599048,116.9474678
Central & South America,        The Bahamas,Neuclear & Renewables,0,0,0,0,0,0,0,0,0,0,0,0,0,0,0,0,0,0,0,0,0,0,0,0,0,0,0,0,0,0,0.001429595,0.001708598,0.002508679,0.005592362,0.005574191,0.005462239,0.005411244,0.00556833,0.005509716,0.009114477,0.008967942,0.008967942,0.065861914
Central & South America,        Trinidad and Tobago,Neuclear & Renewables,0.076110279,0.055142293,0.052083814,0.046246446,0.03671581,0.048987237,0.076535231,0.088551394,0.078667022,0.076432656,0.094503938,0.076461963,0.090927898,0.084595242,0.096745924,0.099730549,0.051515845,0.05387623,0.053791826,0.053944809,0.059792141,0.087820477,0.077516429,0.035608005,0.06751395,0.299011408,0.770346804,1.283362908,1.709797049,0.065788354,0.011436764,0.011389872,0.011155416,0.011184723,0.013935479,0.016386716,0.016233733,0.016200323,0.016008656,0.01565873,0.015426619,0.015426619,6.01856758
Central & South America,        Turks and Caicos Islands,Neuclear & Renewables,0,0,0,0,0,0,0,0,0,0,0,0,0,0,0,0,0,0,0,0,0,0,0,0,0,0,0,0,0,0,0,0,0,0,0,0,0,0,0.002668109,0.002609788,0.002571103,0.003135849,0.010985758
Central & South America,        U.S. Virgin Islands,Neuclear & Renewables,0,0,0,0,0,0,0,0,0,0,0,0,0,0,0,0,0,0,0,0,0,0,0,0,0,0,0,0.076227214,1.222977007,0,0,0.001963569,0.002467649,0.003487533,0.020016681,0.036252759,0.036066073,0.019547769,0.03735353,0.036537037,0.035995444,0.043914488,1.572802943
Central & South America,        Uruguay,Neuclear & Renewables,6.84688275,7.719923041,7.417351125,21.93626869,21.51852408,19.54590742,22.09419034,21.94242463,16.2296117,11.80425939,21.33045344,18.6811868,23.96859397,22.00684786,22.52366039,17.64928499,17.42750719,19.31163547,27.20969876,16.45916054,20.9750832,27.68162001,28.26666392,25.17485954,13.99887071,19.50771893,10.4941304,23.53571903,15.29438079,17.70278784,28.10622598,22.10546152,19.31419924,27.64863791,34.61294238,35.16942399,36.55370203,38.36203566,38.25583472,41.63297323,32.73770936,35.07704539,955.8313984
Central & South America,        Venezuela,Neuclear & Renewables,43.9552224,45.74667021,48.51149875,56.44542648,59.54080457,66.82165248,76.25051944,93.23851044,102.4516931,104.9236929,111.6152482,134.842201,141.814181,141.9810281,153.466245,153.9053916,161.5355066,169.6951601,171.4644345,179.6631856,185.9475805,181.2281533,175.7237814,177.8234096,203.6396848,224.0501226,234.8359641,238.1901666,248.2824395,243.422629,217.3385386,235.8700217,226.580453,231.5293684,177.6439057,202.7692235,168.8957627,163.6282485,155.4026241,129.7945875,160.9701837,157.0917776,6558.526899
North America,        Bermuda,Neuclear & Renewables,0,0,0,0,0,0,0,0,0,0,0,0,0,0,0,0,0,0,0,0,0,0,0,0,0,0,0,0,0,0,0,0,0,0,0,0,0,0,0,0,0,0,0
North America,        Canada,Neuclear & Renewables,889.7951591,940.0467959,910.9222738,975.0636104,1040.78638,1119.113793,1174.87277,1209.77117,1189.952435,1144.583258,1140.932349,1217.390459,1219.795768,1283.076117,1346.177879,1331.479322,1378.009791,1318.40153,1227.889984,1282.044462,1316.490786,1268.723003,1301.600499,1257.358515,1304.494589,1370.123508,1356.090536,1385.533742,1409.909663,1377.055638,1339.746529,1420.441539,1419.686313,1502.573683,1498.559387,1472.007406,1485.083047,1511.649761,1475.547434,1437.886511,1414.40274,1387.53977,54052.6099
North America,        Greenland,Neuclear & Renewables,0,0,0,0,0,0,0,0,0,0,0,0,0,0,0,0,0,0,0,0.512475683,0.511222809,0.478470185,0.542615002,0.534120075,0.563594711,0.594872607,0.569764421,0.590927592,0.58335818,0.757996248,0.83774294,0.95390182,0.953788109,1.045771645,1.092541514,1.144338999,1.074132029,1.036820701,1.1041169,1.04391534,1.285551555,1.285551555,19.09759062
North America,        Mexico,Neuclear & Renewables,53.73082956,77.58522528,73.47497568,67.4366842,75.82426613,84.53053852,71.05836941,69.19528033,77.47793939,88.88506432,94.9011619,99.25598809,113.5031228,117.1264647,95.88735974,131.6469704,138.9865894,128.5717016,121.0348489,147.0427561,143.8206592,134.4379722,124.523264,113.8265929,125.7864968,141.1550809,144.5605124,136.6379672,162.8418389,128.2840716,146.2228807,155.7850321,142.2991227,143.1865056,173.4262923,160.7819337,158.8419257,167.679009,182.5334622,174.9368392,198.6102402,232.176428,5319.510264
North America,        Saint Pierre and Miquelon,Neuclear & Renewables,0,0,0,0,0,0,0,0,0,0,0,0,0,0,0,0,0,0,0,0,0,0,0,0,0,0,0,0,0,0,0.005718382,0.005694936,0.005577708,0.005592362,0,0,0,0,0,0,0,0,0.022583388
North America,        U.S. Territories,Neuclear & Renewables,0,0,0,0,0,0,0,0,0,0,0,0,0,0,0,0,0,0,0,0,0,0,0,0,0,0,0,0,0,0,0,0,0,0,0,0,0,0,0,0,0,0,0
North America,        United States,Neuclear & Renewables,2393.652472,2468.0237,2670.097882,2842.240136,2927.884845,2977.467979,3074.670365,3040.81835,3236.583718,3469.021351,3559.157394,3660.426317,3604.698189,3661.157333,3716.434494,3995.357932,4131.583729,3989.809091,3974.202202,4139.877006,4092.45241,3865.798745,4066.76202,4074.315096,4186.671988,4214.877033,4337.77063,4387.064102,4577.357445,4683.541925,4908.758152,5151.697538,4969.875791,5182.055962,5315.026073,5306.116795,5540.893138,5768.1188,5867.761471,5885.891198,5843.555311,5997.162295,175756.6884
Europe,        Albania,Neuclear & Renewables,8.886639107,9.245526767,9.476194545,9.764183297,9.916328243,10.14954309,10.30164203,12.1498619,11.23425583,11.7583998,8.596809875,10.65268069,9.659573719,9.912749565,11.28601668,12.57813769,17.179019,14.89977082,14.5596543,15.67696081,13.59673295,10.65656064,10.36633166,15.1838468,15.88339053,15.58683446,14.39236554,7.994902709,10.85566038,14.876749,21.42057217,11.65035896,13.04807221,19.26683268,13.0373649,15.9416801,20.85001206,12.09826663,22.59216199,13.508108,13.66027082,23.04465064,557.3956736
Europe,        Austria,Neuclear & Renewables,87.70646895,92.89334226,93.13202873,92.81369463,89.17352257,95.43326038,96.18947769,80.17565314,109.3653141,109.118317,98.64686906,98.99377426,108.6770239,114.0223007,110.6410572,116.6696313,108.1317578,112.5713903,115.8167903,126.1918924,129.2020413,127.5744023,124.6300936,104.7494534,116.7580274,119.1113135,120.7603425,128.7202518,132.6904183,139.7281198,129.1211197,117.0580701,142.0532267,139.9501391,139.6566761,130.9709456,138.9975708,138.372485,133.6631144,147.4354051,144.0204647,134.0441957,4935.631443
Europe,        Belgium,Neuclear & Renewables,37.97167961,39.21442448,46.87294731,71.57326995,82.4459577,101.2078665,115.8779402,123.7995016,127.1587678,121.7345444,126.4687005,126.9672114,129.1865546,124.5129491,121.0540678,123.4081122,128.8485883,140.2924094,137.2651619,145.95576,144.2275526,139.8442937,142.7146236,142.3899765,143.4453045,145.6657641,145.5986733,152.242712,147.5457307,160.01325,166.7638772,172.6364296,154.8300096,164.3641925,141.6160237,122.7692708,172.4468638,173.4392407,136.4013029,184.3523059,161.870223,203.7778483,5590.771885
Europe,        Bosnia and Herzegovina,Neuclear & Renewables,0,0,0,0,0,0,0,0,0,0,0,0,10.22635762,7.07880897,10.35181385,10.90085119,15.46687476,13.79231498,13.48082934,16.41420653,15.07658845,15.53211126,15.54800679,13.22243919,17.3745682,17.40075635,16.85456179,11.47384407,13.91395896,17.66846349,22.71913105,12.36940151,11.6406771,20.0402283,16.40205819,15.03481191,15.18029948,10.2064737,17.30434277,16.47347994,12.59840524,18.48880246,440.2354674
Europe,        Bulgaria,Neuclear & Renewables,29.92549024,38.68738322,41.91133932,47.67166534,48.58000005,46.69452307,43.74097533,45.47035033,56.50096471,55.23126414,49.30213625,47.42115028,41.62803969,48.61909354,51.36785275,59.81270729,66.05920596,61.186943,60.95115119,56.71066919,63.6569947,64.0358501,71.72858328,60.65431378,59.57588036,68.70086919,70.83234063,52.56745977,56.13883834,56.61626285,62.47002222,60.40986233,62.65124792,62.62655091,69.67058859,71.32803513,67.97570821,65.08092365,73.00406055,69.01482893,67.32128525,74.59192524,2428.125337
Europe,        Croatia,Neuclear & Renewables,0,0,0,0,0,0,0,0,0,0,0,0,13.04512246,13.05183728,14.77491656,15.76649311,21.71544367,15.67199679,16.16145534,19.55799011,17.32477297,19.63241905,15.8342213,14.32332001,20.23657259,18.44398122,17.35455914,12.31919481,15.12957698,19.35333816,26.48501988,15.00957829,14.94522891,26.03787712,27.80705895,20.5046446,22.44403679,19.06105769,25.87913429,21.84312079,21.91993971,26.79284391,568.4267525
Europe,        Cyprus,Neuclear & Renewables,0,0,0,0,0,0,0,0,0,0,0,0,0,0,0,0,0,0,0,0,0,0,0,0,0,0.002930407,0.002906961,0.008690112,0.118045958,0.168902395,0.28034959,0.578466255,0.756960539,0.934201362,0.87514805,1.091123056,1.14891265,1.19268031,1.274110395,1.343601981,1.534989293,1.998868109,13.31088742
Europe,        Czechia,Neuclear & Renewables,0,0,0,0,0,0,0,0,0,0,0,0,0,47.50538182,49.35433055,45.99906004,47.77340781,48.24628564,47.64521519,49.775102,51.0257328,55.67540938,69.61070061,88.30663323,91.87908766,87.66305385,92.75631269,92.66038356,95.01439946,100.8302801,107.2716302,111.7649958,119.9003181,124.844564,123.6312873,112.3114671,103.4659002,117.2618601,121.4107671,124.3139681,120.5120284,122.0183622,2570.427925
Europe,        Denmark,Neuclear & Renewables,0.124820858,0.12866535,0.143996428,0.194235366,0.186638699,0.238812779,0.474518429,0.619859755,0.980312116,1.436933933,2.643061759,3.431612899,4.443343292,5.411074206,5.968014177,6.406932221,7.33646234,9.916219514,12.90026617,14.57109223,18.32031212,19.78277363,22.55674917,26.46823078,30.60898692,31.95265455,29.95057703,32.96170277,32.76367683,32.03946862,38.58128133,43.54530509,43.67189902,46.87232131,52.36018396,53.9302634,51.75003391,60.85834442,57.33546718,62.37379562,61.80926953,65.88116828,993.931338
Europe,        Estonia,Neuclear & Renewables,0,0,0,0,0,0,0,0,0,0,0,0,0.00303093,0.003021259,0.00906993,0.024177103,0.021212407,0.032924363,0.050803391,0.050947875,0.056802534,0.057537554,0.089442033,0.145399354,0.176123347,0.325275169,0.377904973,0.420022063,0.568918621,1.547742528,2.985286925,3.357734348,4.11997425,3.581907694,4.083098131,4.468111224,4.471519628,5.244827611,5.562480909,5.758497848,6.641568752,8.111062469,62.34642522
Europe,        Faroe Islands,Neuclear & Renewables,0.149176147,0.150109575,0.150123935,0.151072017,0.149922889,0.150023412,0.150009052,0.14962132,0.18759059,0.217068743,0.225590046,0.22632741,0.251567185,0.221829958,0.228577309,0.228383003,0.212560447,0.226327997,0.230249859,0.209830207,0.226567435,0.229238768,0.286476804,0.260600189,0.296333334,0.317415911,0.334044703,0.34518869,0.311576784,0.304591461,0.230908388,0.304679089,0.306773953,0.310376077,0.434786929,0.513450434,0.424782692,0.459009165,0.455713006,0.404517194,0.403663188,0.403663188,11.43031848
Europe,        Finland,Neuclear & Renewables,51.11877959,83.43804419,87.77431319,92.23304148,94.19481836,92.00376315,92.22324005,98.00483885,96.0622944,94.1476971,103.9423418,111.0820495,115.456522,115.3488445,110.4415656,113.2919837,109.5877759,117.7727131,135.671767,129.4230457,133.5344259,129.9102543,122.504058,121.3805288,139.9204866,135.8094061,131.2929076,138.5248703,147.6128722,132.9679586,138.6919946,138.3259203,149.0276368,144.2311131,146.3348317,156.3564336,150.8274298,154.5171483,156.1107774,157.3903922,159.2913483,164.359363,5192.141597
Europe,        Former Czechoslovakia,Neuclear & Renewables,30.85834143,31.27772313,32.27410428,34.40450455,36.14200785,55.97129989,76.634464,90.12117115,92.12678075,96.23554068,96.12023053,90.55420816,94.61209348,0,0,0,0,0,0,0,0,0,0,0,0,0,0,0,0,0,0,0,0,0,0,0,0,0,0,0,0,0,857.3324699
Europe,        Former Serbia and Montenegro,Neuclear & Renewables,0,0,0,0,0,0,0,0,0,0,0,0,34.03734323,31.40598346,33.30478428,36.48022587,43.23088465,37.82111373,38.14139322,39.68839458,35.51653199,37.32673101,34.68263911,28.93743873,32.31863421,34.90700735,0,0,0,0,0,0,0,0,0,0,0,0,0,0,0,0,497.7991054
Europe,        Former Yugoslavia,Neuclear & Renewables,84.84167717,77.63451438,79.32555056,78.96499298,92.34826489,88.05006715,97.56697117,93.45002462,90.48210034,85.94294191,74.38950238,70.16067343,0,0,0,0,0,0,0,0,0,0,0,0,0,0,0,0,0,0,0,0,0,0,0,0,0,0,0,0,0,0,1013.157281
Europe,        France,Neuclear & Renewables,422.0646386,518.475732,524.6114335,623.20174,749.5133603,817.4143447,904.2732333,956.152259,1003.057387,1005.847121,1078.026333,1139.114944,1194.17271,1266.942315,1281.477544,1314.22728,1349.392421,1338.920955,1311.163143,1361.823007,1410.046085,1454.740446,1456.281208,1465.195292,1487.077371,1482.479567,1494.996993,1481.726406,1514.875757,1420.622559,1497.56547,1500.711427,1504.009964,1538.95009,1563.166206,1556.102678,1473.716111,1441.013268,1540.250238,1486.670537,1342.823896,1410.193138,52683.08661
Europe,        Germany,Neuclear & Renewables,0,0,0,0,0,0,0,0,0,0,0,482.1349685,523.1279343,510.2999778,514.0156723,522.445238,544.6163029,562.4315751,546.6493274,575.8841428,600.6600907,621.6852526,621.4257344,627.2764628,665.4119665,662.8235582,712.5319334,698.7448372,731.8287621,696.4472619,745.0240897,700.9355811,719.437378,742.5872027,775.911994,818.9350305,800.901703,846.7383926,854.6156175,886.5723275,831.3771385,794.3674082,20937.84486
Europe,"        Germany, East",Neuclear & Renewables,44.34236816,42.33340496,39.14712946,43.2838295,44.15053772,47.48656907,41.4619071,40.47000699,41.7624879,41.26360773,21.84744298,0,0,0,0,0,0,0,0,0,0,0,0,0,0,0,0,0,0,0,0,0,0,0,0,0,0,0,0,0,0,0,447.5492916
Europe,"        Germany, West",Neuclear & Renewables,204.405734,236.3952879,266.207498,268.6908346,349.6850674,447.1173876,430.6302512,468.1762865,512.9344591,495.4052138,490.5277081,0,0,0,0,0,0,0,0,0,0,0,0,0,0,0,0,0,0,0,0,0,0,0,0,0,0,0,0,0,0,0,4170.175728
Europe,        Gibraltar,Neuclear & Renewables,0,0,0,0,0,0,0,0,0,0,0,0,0,0,0,0,0,0,0,0,0,0,0,0,0,0,0,0,0,0,0,0,0,0,0,0,0,0,0,0,0,0,0
Europe,        Greece,Neuclear & Renewables,10.33882352,10.40964213,10.87939436,7.186710017,8.726124082,8.548272794,9.863860507,8.458184834,7.13751939,5.775251487,5.344045287,9.389529056,7.04994304,7.247999453,8.120610982,10.97640463,13.50927266,11.94908931,11.68478003,14.69696345,12.76562219,9.127273022,10.90298386,17.75949249,17.64168861,18.91870714,22.76257926,14.37081552,17.36981812,24.234584,31.83706921,24.75004431,27.9559725,41.88905633,35.77978798,41.50694522,42.57087343,38.83109361,42.94880829,43.94489813,45.01458692,55.69048139,825.8656026
Europe,        Hungary,Neuclear & Renewables,0.337929639,0.508534478,0.500740281,8.241819166,12.37575644,20.82180144,23.78564795,35.01736403,42.73880576,44.11035695,44.11695014,39.19876898,39.89181622,39.38844359,40.12311146,40.10246966,40.63305795,40.07347244,39.88336115,40.39617944,40.62099988,40.52743787,39.88602018,31.94339178,36.20618871,44.13179209,41.84214725,47.0577508,50.52373671,52.7768577,55.03470678,53.75188283,54.60363217,54.13636752,56.17519748,57.68835335,59.34969978,60.1985952,60.16787765,63.71866806,59.47013543,62.53746671,1714.595293
Europe,        Iceland,Neuclear & Renewables,9.44681076,9.855155449,10.95292475,11.62329365,11.99689079,11.78143041,12.42319861,12.67811676,13.35523976,13.67838812,13.60247009,13.59493702,13.63009194,14.13042661,14.30025687,14.88402886,15.36384307,16.55176568,18.58806439,21.3471596,22.76585784,24.11429166,24.86488526,24.99385218,25.0917062,25.23373407,28.64228998,34.44470584,47.1913664,47.79380871,47.87428983,47.97698479,48.22853058,50.31815397,49.61118267,50.67319362,49.15738986,50.88038297,51.84302531,49.89166824,48.27407336,49.52080457,1173.170671
Europe,        Ireland,Neuclear & Renewables,2.535995375,2.619259493,2.426494166,2.392486909,2.080562544,2.522842687,2.78588239,2.05500303,2.608114334,2.091197468,2.103474757,2.257157148,2.467176971,2.371688025,2.850981443,2.227315588,2.290939913,2.401143904,3.469572791,3.344578143,3.518767521,3.091886449,4.093463724,3.359021805,4.074320099,5.48253493,7.204933403,8.380657269,10.89223815,12.48202304,11.4861744,15.75174876,15.05719044,16.15347857,18.27041901,21.94072717,20.81092942,24.71463179,27.62990693,31.22209522,34.55541948,29.49492997,379.5693646
Europe,        Italy,Neuclear & Renewables,155.8890878,150.297656,160.020034,155.6844139,161.4985015,157.1522822,164.6202662,130.7556845,133.1227546,112.5388314,105.6035783,138.3196911,138.6498901,136.724038,145.8263403,125.7813769,140.5352241,139.8805631,141.1377983,156.4819025,153.2611285,167.0528366,147.6161341,135.4377172,164.2777093,147.5189151,154.2292897,144.8416081,179.5986976,211.3621409,232.9335553,247.1753359,264.8786571,322.3404378,346.15483,308.4253657,302.0065809,291.7263596,316.7382098,264.6278865,304.742212,296.171723,7953.637245
Europe,        Kosovo,Neuclear & Renewables,0,0,0,0,0,0,0,0,0,0,0,0,0,0,0,0,0,0,0,0,0,0,0,0,0,0,0,0,0.216593384,0.340383221,0.443174593,0.304679089,0.273307704,0.405446226,0.423638546,0.387818945,0.665853575,0.488709758,0.806489369,0.808773556,0.932862911,1.122633649,7.620364524
Europe,        Latvia,Neuclear & Renewables,0,0,0,0,0,0,0,0,0,0,0,0,7.57126299,8.598502061,9.892270713,8.788376839,5.58189328,8.751894313,8.941396892,8.184626262,8.355951761,8.512529683,7.331265329,6.869377631,9.366942738,10.00686313,8.171056828,8.331194379,9.623003858,10.70808234,10.92313887,9.382941722,12.31982257,10.37377769,8.467243921,8.231262785,9.944648183,15.34702143,10.35548778,9.206709646,9.330381083,9.206840355,276.6757671
Europe,        Lithuania,Neuclear & Renewables,0,0,0,0,0,0,0,0,0,0,0,0,44.27735146,39.47221091,24.22958423,34.36522643,40.57261959,34.77730776,41.47179323,30.50392162,25.99830124,34.7124751,43.03986368,46.94804972,46.11733782,31.27732163,26.31006032,30.42605819,31.17816989,34.68247177,3.926624834,4.231574427,4.531396467,5.692651759,5.613995581,6.060521722,7.202192026,8.483839596,7.954921806,8.480041702,6.816190702,6.746519757,716.100595
Europe,        Luxembourg,Neuclear & Renewables,0.350107283,0.392122971,0.358459485,0.354556672,0.376337048,0.318417038,0.35512347,0.436649975,0.42661731,0.330189074,0.317045471,0.370075901,0.306123924,0.320253415,0.477682999,0.423099298,0.306064724,0.392099232,0.508033914,0.464524742,0.597921414,0.608535237,0.548428632,0.49851207,0.669268719,0.700367256,0.813949172,0.88059798,0.814391122,0.760856611,0.884156142,0.873594779,1.017220473,1.184923626,1.253131272,1.345270136,1.411726103,1.820611212,2.020558806,2.277296039,2.694510784,2.684571315,33.94398285
Europe,        Malta,Neuclear & Renewables,0,0,0,0,0,0,0,0,0,0,0,0,0,0,0,0,0,0,0,0,0,0,0,0,0,0,0,0,0,0.002860363,0.017173902,0.039936356,0.086623286,0.106393202,0.214762868,0.28013096,0.369225412,0.470062886,0.52934743,0.527535964,0.626459398,0.677691258,3.94820944
Europe,        Montenegro,Neuclear & Renewables,0,0,0,0,0,0,0,0,0,0,0,0,0,0,0,0,0,0,0,0,0,0,0,0,0,0,5.037763985,3.681710631,4.401177553,5.86374456,7.785576875,3.394181999,4.080093578,6.934528558,4.841185231,4.042056608,4.948583077,3.01056011,4.915839245,4.083747281,3.061250376,4.06163515,74.14363482
Europe,        Netherlands,Neuclear & Renewables,15.2469392,13.6810785,12.2765713,11.04667461,10.85292955,12.59131089,13.79803453,12.53338385,13.19562211,14.64486733,14.04358089,13.83916017,15.38781824,16.36218778,17.03255815,17.7853905,20.24699885,15.59631996,20.5837565,21.47354223,23.12584832,24.40871154,26.11911906,26.68980518,29.89113452,36.77970736,37.16536257,38.74879897,43.97346337,49.87865887,51.84326416,57.61374564,64.09161018,63.63403677,67.08550311,71.21879827,71.77256312,82.72651976,86.19104941,94.79787934,93.74205774,110.3772127,1554.093575
Europe,        North Macedonia,Neuclear & Renewables,0,0,0,0,0,0,0,0,0,0,0,0,2.476269761,1.561990712,2.104223844,2.396555307,2.55154948,2.666873404,3.203602095,4.120784003,3.461964987,1.877541232,2.233069431,4.0355739,4.306215839,4.328211036,4.749974813,2.931099161,2.414239151,3.606938217,6.904995894,4.100712517,2.944308999,4.466374784,3.647781331,5.62182055,5.675423346,3.47086523,5.195710545,3.476673877,3.792448596,4.205887134,108.5296792
Europe,        Norway,Neuclear & Renewables,251.8246376,281.4585868,280.3550414,322.8130841,320.9420707,310.6801165,291.9665973,312.6200078,326.6799358,358.9980706,366.3551868,334.1968894,350.872119,357.4541723,334.7197333,364.6148861,312.6496609,326.1427537,343.2605853,361.3522984,420.7184341,362.2655242,383.0474332,311.8074305,318.2079222,396.2554859,346.7423474,387.2429615,401.5670209,358.4292522,336.2351279,347.0160279,399.2997663,363.592988,383.3009103,381.3980833,392.4101115,392.6686798,381.2299945,339.2166598,390.9485336,402.2164919,14705.77362
Europe,        Poland,Neuclear & Renewables,8.265578937,7.618828837,5.833389835,6.499178348,5.703189091,7.170506763,6.223844944,5.960424836,6.214694713,5.549010826,5.063581987,5.655126783,5.807261765,5.553073362,6.267321879,6.748433797,7.018276241,7.620493475,8.627611239,7.920896086,6.908981939,8.358086776,8.180964646,7.007192333,9.42565052,12.72952798,14.24581267,17.11073047,22.97614758,30.546995,37.41427776,43.13465629,41.10938023,50.28340055,55.53472875,65.83394767,72.63087869,76.00340839,68.3907053,76.92908845,72.70159648,79.44263085,1008.219513
Europe,        Portugal,Neuclear & Renewables,24.89415797,16.01884016,21.92116797,25.53424864,30.48636057,33.77976137,27.36899843,29.27692281,38.29571128,19.41083732,29.75349801,29.8721597,16.6428363,28.30919336,34.87690554,28.12703688,47.40669841,42.2058905,41.90682106,25.93846221,38.90076719,48.01660287,29.56357341,52.88975676,36.64246238,24.96120623,47.29913732,49.56115474,44.7710563,55.75934668,84.78237299,73.24199236,57.52547237,85.87888531,91.52372504,70.64331078,91.38716644,65.094894,82.77472304,75.60122344,77.82133684,80.07904203,1956.745717
Europe,        Romania,Neuclear & Renewables,38.07341798,38.61493192,35.94091142,30.62753268,34.29256617,36.04848276,32.72340315,33.85106031,40.78885074,38.21327069,33.14344573,43.14595648,35.2800245,38.39717593,39.04907351,49.95291636,50.44592809,69.85263371,73.018712,71.08280441,62.00625008,62.35098012,65.22875929,54.82253876,66.41687094,76.49950087,70.92927266,70.89649248,86.42187808,82.84973284,95.33619208,85.41942101,79.75047216,95.02908344,113.9006649,110.1411762,110.7276488,103.9132801,107.9391824,103.2625229,99.73007571,103.6314971,2769.746591
Europe,        Serbia,Neuclear & Renewables,0,0,0,0,0,0,0,0,0,0,0,0,0,0,0,0,0,0,0,0,0,0,0,0,0,0,31.55506524,28.78454646,27.34274873,29.85075036,33.65839551,24.43127647,25.66861332,28.31971985,30.44902052,27.36035609,29.11249266,24.84480527,28.82376655,27.43653025,26.24167302,32.41535903,456.2951193
Europe,        Slovakia,Neuclear & Renewables,0,0,0,0,0,0,0,0,0,0,0,0,0,52.31820842,54.63374277,52.24286247,51.68265301,48.24542723,50.32767112,56.73191853,68.28495421,72.02188685,75.59379324,69.83431126,68.64123502,71.06390491,72.3806819,64.4480847,69.07209188,61.71462462,63.80857402,65.17115404,66.59649149,69.49637899,68.56081631,67.55428117,68.18511904,69.02449467,65.88883558,66.8539696,67.35454957,68.36812748,1866.100844
Europe,        Slovenia,Neuclear & Renewables,0,0,0,0,0,0,0,0,0,0,0,0,21.33480377,20.04910509,22.72404496,23.03643735,23.78029766,23.18953683,24.2390416,24.32086235,24.8614962,26.3575403,25.6548616,23.62853576,27.53655358,26.9017581,26.25201605,25.72826537,29.98964121,30.04337296,29.45569258,28.27462722,27.35782601,28.94976174,36.04447415,27.55700752,29.50653319,29.42432325,29.9515128,29.31554094,32.13738771,29.86832664,807.4711845
Europe,        Spain,Neuclear & Renewables,107.0074038,98.77950638,109.6964966,118.2684398,170.3103805,184.9220852,199.7747515,214.441017,259.6440919,229.891736,232.1839188,241.8066625,216.9154877,233.8598027,243.6985477,230.7386597,284.3427429,267.8518933,277.8891202,249.8122646,284.709195,330.4646772,283.8640541,344.1758318,331.516526,291.9786923,325.035426,330.0846264,352.0502941,373.5706335,463.8065708,419.7337403,419.8832934,477.418471,480.0417784,435.6384271,459.6776996,416.8010366,450.129207,446.9181715,451.4093646,473.6839275,12814.42665
Europe,        Sweden,Neuclear & Renewables,255.4756509,289.3900475,279.2300526,313.4711774,354.304503,383.5648331,386.0643336,411.1157307,407.1378388,407.6155866,414.804817,413.0239033,407.926974,402.6611702,389.5216358,407.6405007,370.7374106,409.9603652,438.4280168,427.8052905,407.7802233,453.2049939,402.4782934,363.2722565,423.3506878,444.7319165,400.6144508,415.6979074,418.8855782,380.8061572,406.1209914,417.9288737,461.0987919,425.1472224,427.8415078,445.407864,425.9984709,448.9724934,446.0622989,455.2552941,424.8393858,439.6243672,16904.99987
Europe,        Switzerland,Neuclear & Renewables,139.3282305,151.0081002,153.0629549,152.5635021,143.7010858,160.5591665,163.5082452,170.070855,175.6847304,158.7751389,162.2287754,166.5549317,169.73656,178.3058257,191.616086,179.7374563,161.7303501,177.7241339,177.4263701,189.9992824,182.1162911,198.2327452,179.9349887,179.125743,173.8573851,156.9099702,168.5879308,180.4421891,182.230259,180.0561476,178.3657846,170.055191,181.8906632,184.2234102,188.3434618,174.2649121,159.5393942,157.0741216,172.9431746,182.6890193,182.5655457,163.2970668,7200.067175
Europe,        Turkiye,Neuclear & Renewables,34.36532402,38.02674746,42.31045846,34.31492243,40.41492742,36.20769128,35.73889123,56.0744066,86.25838927,54.01037204,70.10667968,69.04515259,80.07413808,101.9523725,91.93886075,107.2677605,122.2137655,119.1108871,125.9257986,103.5890175,92.37586886,73.13931587,100.3927196,104.5777434,134.669782,115.7658175,128.9312188,105.337231,99.12443336,108.1172397,158.6184475,162.5190653,179.0005449,190.7743922,145.0234941,226.0973409,243.5565084,235.3910351,260.4349451,344.465583,329.3806948,299.2558789,5285.895865
Europe,        United Kingdom,Neuclear & Renewables,134.1301537,138.9829847,160.4435439,180.186433,181.7466618,199.8794487,195.0354603,187.2252681,212.6940168,240.2992367,235.3915134,261.0129284,285.8906586,326.6556201,330.4521675,330.152063,346.4490679,362.2157708,372.3352962,360.1530756,323.8346508,346.3274992,340.6783206,320.8056038,275.7015452,283.0562075,270.4890509,231.5075019,209.49594,259.4167068,243.6447823,284.4717306,297.6572456,333.9536987,348.1842369,411.8882632,417.0772015,456.9431815,470.091527,466.0393035,481.1425508,414.5330561,12528.27117
Eurasia,        Armenia,Neuclear & Renewables,0,0,0,0,0,0,0,0,0,0,0,0,9.132191909,12.83732792,10.51809591,5.742061896,11.93133103,9.032369923,9.427866715,10.70774854,10.0537218,9.728924338,12.07423284,12.07587608,13.38312156,13.75015393,13.57837329,13.38889357,12.9299905,13.59831026,15.11246139,15.12393508,13.72131701,13.47555056,13.29383397,14.8075458,13.84665924,14.36260985,12.70085518,13.26509905,13.698168,12.25264067,369.5512678
Eurasia,        Azerbaijan,Neuclear & Renewables,0,0,0,0,0,0,0,0,0,0,0,0,5.243508796,7.178510505,5.475214627,4.654092274,4.615213607,5.073345027,5.770667579,4.468428326,4.541213139,3.900440495,5.96280222,7.252163685,8.00480613,8.729682244,7.247054596,6.778287079,6.382285034,6.541650638,9.75841861,7.54294305,5.028303978,4.501851201,4.085882296,4.951519345,5.876611505,5.286705556,5.426934276,4.943852634,3.627826488,4.158245089,173.00846
Eurasia,        Belarus,Neuclear & Renewables,0,0,0,0,0,0,0,0,0,0,0,0,0.051525809,0.057403914,0.057442892,0.060442757,0.048485501,0.062855602,0.083676174,0.056941743,0.080719391,0.090848769,0.083479231,0.083085345,0.09980323,0.193406857,0.188952486,0.199872568,0.302789667,0.563941413,0.781475551,0.70553408,0.803364656,1.004457861,0.983994248,0.982171352,1.261288876,2.224914173,2.196559357,2.789430296,4.474616499,20.97662417,41.55010446
Eurasia,        Former U.S.S.R.,Neuclear & Renewables,804.2693097,781.9876062,866.8030703,922.3503594,1097.768532,1199.121662,1164.897014,1259.295784,1373.951023,1389.021238,1379.564183,1388.912713,0,0,0,0,0,0,0,0,0,0,0,0,0,0,0,0,0,0,0,0,0,0,0,0,0,0,0,0,0,0,13627.94249
Eurasia,        Georgia,Neuclear & Renewables,0,0,0,0,0,0,0,0,0,0,0,0,19.51615788,19.74694641,20.26827104,15.56703201,18.00024217,17.91983285,18.85104666,19.1144439,17.34271061,16.6162399,19.97240604,19.17194336,17.58004544,18.09233239,15.29643052,19.55275119,20.47529452,20.98934516,26.5132774,22.24157349,19.94309581,22.89512896,22.99911372,22.85673767,25.01347761,24.8566963,26.50499759,23.29935514,21.44094317,26.39237342,619.0302423
Eurasia,        Kazakhstan,Neuclear & Renewables,0,0,0,0,0,0,0,0,0,0,0,0,22.18444623,24.08613877,28.70939364,25.25990142,22.29421296,20.20768849,18.50299203,18.19771831,22.29051031,24.22633848,26.23931117,25.33806289,23.41266362,22.78977469,22.35743959,23.45339127,21.33011641,19.48193376,22.71055348,22.22448868,21.1172034,21.48026144,23.11338464,25.75172416,32.24831148,31.32899544,30.01450586,30.13694581,31.4094285,32.45965979,734.3574967
Eurasia,        Kyrgyzstan,Neuclear & Renewables,0,0,0,0,0,0,0,0,0,0,0,0,27.8694008,27.17320012,35.09156056,33.2646712,36.76413098,32.40056633,29.41815207,36.02614145,40.49721737,37.26616517,31.83838245,39.70589291,40.95748439,37.09895173,35.89225154,36.52453922,28.94553977,28.93257377,31.44252255,39.85885874,39.14714528,36.33916659,36.69211489,30.01227032,30.78727547,37.96545803,37.8199687,35.76861088,38.05232603,33.42434043,1042.97688
Eurasia,        Moldova,Neuclear & Renewables,0,0,0,0,0,0,0,0,0,0,0,0,0.772887135,1.120886952,0.831410283,0.970106247,1.096984456,1.131400838,1.156524264,1.087886977,1.171925971,1.087156939,1.037527586,1.062305483,1.027386192,1.052016088,1.061040885,1.025433174,1.111846035,1.012568573,1.152253941,0.990918906,0.741835196,0.878000793,0.925315772,0.77563789,0.668288693,0.847816928,0.878448311,0.978644548,0.92559712,1.123572059,29.70362423
Eurasia,        Russia,Neuclear & Renewables,0,0,0,0,0,0,0,0,0,0,0,0,888.88823,890.0896203,829.0175388,834.6217564,798.7794179,806.4630882,791.4081966,841.0058321,894.1361503,940.8207911,925.3760921,924.1469843,965.9884854,958.8826565,979.7712999,997.3668262,974.9462848,1003.236868,999.2284027,1003.591809,1008.192296,1035.859356,1043.498438,1053.634733,1095.619299,1115.757733,1099.838942,1138.086642,1233.379691,1268.774844,29340.40831
Eurasia,        Tajikistan,Neuclear & Renewables,0,0,0,0,0,0,0,0,0,0,0,0,47.79473422,51.20127,49.95717642,43.66989179,44.47635595,40.6346502,41.86199454,45.77217023,41.17884778,42.58990305,44.75679346,47.99068874,47.48285441,49.2220452,48.06369863,49.07885384,48.06062784,45.02497713,46.42182378,45.66769371,46.66031828,47.2554567,44.14759589,45.96473832,44.5507758,45.79831442,48.58643001,50.02964267,46.5724474,46.27985598,1386.752626
Eurasia,        Turkmenistan,Neuclear & Renewables,0,0,0,0,0,0,0,0,0,0,0,0,0.01212372,0.015106293,0.01209324,0.012088551,0.015151719,0.01496562,0.017930609,0.014984669,0.014948035,0.009084877,0.008944203,0.008902001,0.008806167,0.008791221,0.008720884,0.008690112,0.008663735,0.00858109,0.008577573,0.008542404,0.008366562,0.008388543,0.008361287,0.008193358,0.008116867,0.008528337,0.008411109,0.008235267,0.008118039,0.008118039,0.308504238
Eurasia,        Ukraine,Neuclear & Renewables,0,0,0,0,0,0,0,0,0,0,0,0,247.6037532,261.4620784,245.2714588,243.788211,268.7467784,270.612006,273.1728019,258.0451797,260.8071789,265.9029479,263.7550883,273.1496962,298.9192394,302.918195,308.9476349,308.3931254,303.4129842,283.8098786,306.6141073,303.5139448,303.1382405,292.9755951,295.2075192,284.1660366,269.4953267,287.6309502,292.2858455,282.3649251,287.4766278,316.6108973,8460.198251
Eurasia,        Uzbekistan,Neuclear & Renewables,0,0,0,0,0,0,0,0,0,0,0,0,18.84632237,22.00684786,21.41712889,18.51361641,19.57602095,17.11767564,17.0340783,16.86074967,17.39054433,17.86389634,18.2581004,22.38556581,26.18367095,25.89893645,13.52609107,13.35380489,12.83099204,18.35781102,23.18803836,16.07680501,18.36739323,15.7956146,16.7672958,19.11831594,19.63914588,22.54353318,15.59471716,16.88642671,12.87509204,12.881044,547.1552753
