Continent,country,Energy,1980,1981,1982,1983,1984,1985,1986,1987,1988,1989,1990,1991,1992,1993,1994,1995,1996,1997,1998,1999,2000,2001,2002,2003,2004,2005,2006,2007,2008,2009,2010,2011,2012,2013,2014,2015,2016,2017,2018,2019,2020,2021,Production
    Africa,        Algeria,All,821.4802962,890.2109276,945.1313426,1056.92779,1131.008711,1145.160925,1162.996943,1236.194562,1259.542701,1319.489533,1393.057169,1440.77283,1474.44573,1431.419844,1387.875749,1479.458452,1538.12108,1638.88304,1684.769271,1764.119289,1814.270708,1808.287981,1872.881117,1989.664292,2022.513295,2192.078437,2174.091016,2089.47604,2103.774569,2035.303396,2030.341447,2001.226223,2051.31676,1908.008113,1923.052035,1962.453143,2025.3217,2001.776831,1979.707329,1897.511026,1750.439684,1950.932383,69785.49371
    Africa,        Angola,All,98.20718317,85.36944202,80.96422245,115.882125,135.559661,149.837714,182.1233678,231.3579383,290.0857631,290.3008499,304.1462038,320.036764,337.7188593,326.0539184,342.7162347,411.6392841,451.9290519,453.7751821,467.6891118,473.1215836,475.4789071,471.6137862,568.9135423,573.3621117,672.016231,790.5980415,896.4809706,1101.513577,1240.22646,1190.728322,1212.724494,1118.412013,1140.284554,1152.411059,1114.407012,1157.610943,1153.317562,1142.68608,1117.813319,1033.551936,925.9068656,827.63485,26626.2071
    Africa,        Benin,All,0,0,0,2.6259072,4.6099911,5.2547451,5.2547451,4.5982683,3.2941068,2.628085296,2.628085296,2.628085296,3.689399616,3.810723562,3.876425753,1.971063972,1.322794304,0.859215885,0.662101693,0.662116053,0.460565953,0.465971629,0.531579744,0.268743139,0.002935389,0.002930407,0.002906961,0.002896704,0.002887912,0.002860363,0.002859191,0.002847468,0.002788854,0.005592362,0.005574191,0.016386716,0.027056222,0.016200323,0.013598448,0.021042426,0.018141033,0.020720049,52.27296134
    Africa,        Botswana,All,2.421361045,2.486623924,2.708527443,2.577995823,2.564942779,2.852111814,3.198020284,3.17844057,3.97468216,4.327117005,5.182098029,5.116832219,5.880441344,5.808648865,5.880441344,5.939180485,4.751344329,5.064619747,6.030552384,4.692605188,6.134977621,5.971813243,6.219822852,5.371368497,5.945706861,6.428673326,6.278561992,5.404001548,5.939180485,4.816610139,6.448253039,5.142938602,9.603376081,9.769343966,11.20724503,13.64597487,12.29915146,14.55215288,14.19859645,13.84217468,12.30652481,13.01017064,279.1732059
    Africa,        Burkina Faso,All,0,0,0,0,0,0,0,0,0,0,0.027436627,0.039760221,0.060618599,0.141999156,0.217678329,0.284080957,0.345459193,0.34420925,0.233097914,0.36862286,0.289991886,0.160499492,0.190809671,0.28486404,0.294842194,0.291481854,0.232152763,0.319515171,0.388634852,0.374633139,0.348821292,0.256272131,0.295618537,0.324356981,0.281496666,0.289498649,0.419371447,0.426608518,0.605660807,0.558494707,0.545073859,0.602224268,9.843886028
    Africa,        Burundi,All,0.006095856,0.006125163,0.006125163,0.070911217,0.119326381,0.140838305,0.186745962,0.287028655,0.311642432,0.311845236,0.326191013,0.336432637,0.315216714,0.326295932,0.344657354,0.353590127,0.354550225,0.359174869,0.325739392,0.290702581,0.292981493,0.345225323,0.37565654,0.296733375,0.264185021,0.278388658,0.267440442,0.33601765,0.320558208,0.343243584,0.420015029,0.384408196,0.409961556,0.413834769,0.418064355,0.401474542,0.419371447,0.540010782,0.437004297,0.608080686,0.601093018,0.601093018,13.55407427
    Africa,        Cabo Verde,All,0,0,0,0,0,0,0,0,0,0,0,0,0,0.006042517,0.015116551,0.018132827,0.021212407,0.020951867,0.023907478,0.023975471,0.023916857,0.018169754,0.017888407,0.014836669,0.017612335,0.017582442,0.020348729,0.020276927,0.017327471,0.020022542,0.011436764,0.071186703,0.198008643,0.232083012,0.250838613,0.232145143,0.224566646,0.202504043,0.237461726,0.216612433,0.187690527,0.187690527,2.569546029
    Africa,        Cameroon,All,41.11297444,60.83865774,75.5653801,78.71027764,92.57396688,124.7352416,119.6500659,117.7362183,111.5254269,116.1193672,110.3914869,105.428331,97.27365177,88.47915357,76.72628049,78.86022251,77.51798448,88.05823354,86.20682155,73.51891186,64.30557268,59.18147261,53.81458692,52.99433908,53.49350411,63.53267646,66.39188203,63.95005649,64.20279713,60.52056249,55.69373593,53.26107381,54.90349407,52.04866081,64.89009229,81.53534349,78.24422454,68.63576926,74.57222713,83.66439446,82.41097012,78.11123992,3251.387331
    Africa,        Central African Republic,All,0.200931137,0.199124946,0.208335257,0.197318463,0.211115905,0.183702137,0.232667101,0.222905232,0.223898446,0.226240662,0.231687075,0.229385889,0.233381605,0.232636915,0.238841499,0.241771027,0.245457848,0.248429285,0.242063218,0.242751639,0.248137387,0.248319969,0.244474891,0.246288701,0.363988251,0.389744122,0.404067625,0.393951728,0.392756002,0.386149032,0.38341762,0.416584645,0.416654688,0.384195134,0.469346916,0.459920612,0.458332466,0.406088049,0.400216392,0.391468253,0.385665467,0.385665467,12.7680787
    Africa,        Chad,All,0,0,0,0,0,0,0,0,0,0,0,0,0,0,0,0,0,0,0,0,0,0,0,24.07558327,114.1784308,117.9182385,105.409542,96.25478541,85.11399899,79.74659778,81.7820041,76.73829284,69.95858848,66.77506842,80.79240664,82.12743603,76.35256173,85.43493965,87.83662104,85.48910367,77.56802295,58.74280046,1552.295023
    Africa,        Comoros,All,0.006095856,0.006125163,0.006125163,0.00615447,0.006119302,0.006123405,0.006122818,0.006106993,0.006051309,0.006114612,0.006097028,0.006116957,0.00606186,0.006042517,0.00604662,0.006044276,0.006060688,0.005986248,0.00597687,0.005993868,0.005979214,0.006056585,0.008944203,0.011869335,0.014676946,0.014652035,0.014534807,0.014483519,0.014439559,0.014301816,0.014295955,0.014237341,0.008366562,0.005592362,0.005574191,0.005462239,0.005411244,0.001081428,0.001066775,0.001043915,0,0,0.303643966
    Africa,        Congo-Brazzaville,All,40.75487455,51.81606727,55.74402322,54.71088905,75.9907123,75.68906004,74.50923466,77.50213437,90.14305586,102.601116,103.4964144,97.90299175,109.153265,112.9830751,112.197386,117.2123424,125.9377643,163.490205,170.4438484,173.6615589,180.128399,164.06672,160.3719284,157.8132544,150.5806359,147.2129823,155.2588918,135.4530993,152.970998,175.5511667,224.3410485,196.4568225,181.4700829,172.7133972,166.8394417,169.9318806,144.21364,167.647514,226.0959432,215.1466622,185.0607402,173.5845759,5788.849845
    Africa,        Congo-Kinshasa,All,26.43534452,26.27451855,27.89098746,30.23995728,35.3058132,36.80426164,36.95444038,36.88393624,35.56686032,36.39366588,36.16481192,33.53068791,34.55967573,32.25699925,32.35936244,37.29195533,37.19064161,32.70279769,30.80981343,29.55996454,34.15058899,33.0021054,32.28821765,31.929854,33.86405006,33.86646026,34.21964771,36.35954052,33.97872424,35.92277742,35.33918361,34.69844379,33.55635235,35.36060234,36.91702736,36.68764206,36.99755215,37.3709078,43.651829,44.00139206,45.22211653,42.2046045,1466.766115
    Africa,        Côte d’Ivoire,All,4.727765382,9.704099551,10.98305674,17.80542653,18.21499215,21.78704888,16.23192637,15.07244474,11.30592199,5.083749012,5.252621222,5.060746534,4.09528574,3.599628465,7.804281189,10.83290613,19.37115212,23.91207835,25.36336245,29.18906394,27.12405345,26.96693364,26.55941189,31.25540292,35.00177183,42.24967779,56.94023942,53.50900927,59.4420095,59.09903085,49.39322534,46.87582232,47.37795469,48.97674649,49.35741101,43.70875668,53.68433635,53.41757231,53.3056776,57.47712227,56.14927397,55.17894617,1298.447943
    Africa,        Djibouti,All,0,0,0,0,0,0,0,0,0,0,0,0,0,0,0,0,0,0,0,0,0,0,0,0,0,0,0,0,0,0,0,0,0.001394427,0.001397944,0.001393548,0.001365706,0.001352811,0.001351053,0.002668109,0.002609788,0.002571103,0.003135849,0.019240221
    Africa,        Egypt,All,425.6927781,434.1133318,495.6007041,539.5624661,609.5645895,654.4147161,613.3132385,673.8690251,655.7425328,679.722487,692.0258282,702.0736666,699.9356843,727.0166547,739.0788641,761.7120392,776.4845631,736.541289,725.9614046,759.9511228,747.2042128,789.6698114,782.6806408,836.2996492,838.4184149,929.9498011,1049.506195,1066.549844,1107.208754,1149.24926,1142.876288,1145.385421,1141.672391,1100.23929,1014.590093,975.2021381,934.3908634,1036.23058,1149.809681,1222.321416,1123.786733,1220.529955,35606.14843
    Africa,        Equatorial Guinea,All,0.006095856,0.006125163,0.006125163,0.00615447,0.006119302,0.006123405,0.006122818,0.006106993,0.006051309,0.006114612,0.006097028,0.064565666,0.943803214,2.636234401,2.934887384,2.929440385,9.969563822,30.64891331,48.73811747,59.84339758,98.53675093,106.4158582,138.0432569,134.805249,216.5100687,231.6317527,223.1929849,243.5796492,271.757726,266.6978739,257.9653709,246.228267,247.9865006,238.469851,227.5721342,222.379835,204.5948964,191.3221294,177.3580403,157.8419527,146.4481068,146.2721631,4554.386586
    Africa,        Eritrea,All,0,0,0,0,0,0,0,0,0,0,0,0,0,0,0,0,0,0.002993124,0.002988435,0.002996934,0.002989607,0.003028292,0.002981401,0.002967334,0.002935389,0.002930407,0.005813923,0.005793408,0.011551647,0.011441453,0.011436764,0.014237341,0.013944271,0.016777085,0.016722574,0.019117835,0.018939356,0.021600431,0.032017311,0.033927249,0.038566547,0.043708753,0.342406869
    Africa,        Eswatini,All,1.597940143,1.526734391,1.205650709,0.904169307,1.257155417,1.711762377,1.649018141,1.697237535,1.594330693,1.719086196,1.567321948,1.466472458,1.295315475,0.996675973,1.811252022,1.815348554,1.520369496,2.075067775,2.975628803,3.096332907,3.695145253,3.293865603,4.109078201,4.015508862,4.252759578,4.175490793,4.077984939,4.259429851,4.098294983,3.275846194,2.232082372,2.352533849,2.4929346,2.524914692,2.336343196,2.021294119,2.211340929,2.251223066,2.09938643,1.839470267,1.91685247,1.933988273,98.94863884
    Africa,        Ethiopia,All,1.440007065,1.537857569,1.758595549,1.920772281,2.089741496,2.287091611,2.51341697,2.705397748,2.892525874,3.038962403,3.316783384,3.355150936,3.415858042,3.779594546,4.051235561,4.273302906,4.530363981,4.639342061,4.748622881,4.822066516,5.019550271,6.108368331,6.105909473,6.839704294,7.47056531,8.375103006,9.537740124,9.834309673,9.643701341,10.22272355,14.19508577,17.92428663,21.12025191,24.25911807,26.47149265,28.46730609,33.86367112,35.45789103,36.76900063,37.10884167,36.58705428,37.72605296,492.2244176
    Africa,        Gabon,All,112.0750138,97.00134167,100.3450667,102.1789815,102.6316076,110.9677376,106.8954039,100.9223448,103.5184196,134.1091259,173.0631721,188.4142291,191.2420067,200.6608023,210.2800631,233.1867959,236.06105,236.7531243,225.0672751,212.0682221,202.2104416,173.5788056,161.9391,155.6957325,154.6780783,171.1995162,153.2374001,157.0062583,160.1624898,156.071547,158.3252885,155.1693744,151.9718679,144.6382217,145.3420032,140.9762745,139.8417677,133.0402302,131.5034793,134.7280666,117.6724817,117.7746456,6494.204856
    Africa,"        Gambia, The",All,0,0,0,0,0,0,0,0,0,0,0,0,0,0,0,0,0,0,0,0,0,0,0,0,0,0.002930407,0.002906961,0.005793408,0.005775824,0.008867126,0.009436854,0.01025745,0.008645565,0.008674872,0.008639997,0.008469723,0.008381802,0.008381802,0.008264574,0.008088732,0.007971504,0.007971504,0.129439934
    Africa,        Ghana,All,17.32838066,17.62507946,16.40114587,9.125041001,6.770374189,9.802960561,13.62702057,14.12852752,14.55642467,15.83073171,17.26678409,18.58025701,20.51054674,19.83236224,19.12859801,20.78153274,23.69632607,23.47425228,14.50703065,19.14517347,24.0628611,24.30135297,19.35184584,15.89874857,19.84432771,20.18204663,20.0103586,14.52766746,21.57807063,23.32898159,24.41338044,69.94244149,72.21763651,85.01689259,90.43195108,88.60777379,84.53880163,120.9198942,137.2964213,162.3421651,173.9061806,164.6172259,1809.455575
    Africa,        Guinea,All,0.450572852,0.453392185,0.453435853,0.471714628,0.474245874,0.492934069,0.499009703,0.503826894,0.508309986,0.519742061,0.527392946,0.53829222,0.539505529,0.543826553,0.550242442,0.577228327,0.590917041,0.853040314,0.917449481,1.171801124,1.21378047,1.653447601,1.756045254,1.175064165,1.611528627,1.432968989,1.325574366,1.543943168,1.513265773,1.481382101,1.380703178,1.178566938,1.357892954,1.347759179,1.190089864,2.463469636,2.989279711,3.329309489,2.033163161,3.421432527,6.404617847,5.196199385,58.63636446
    Africa,        Guinea-Bissau,All,0,0,0,0,0,0,0,0,0,0,0,0,0,0,0,0,0,0,0,0,0,0,0,0,0,0,0,0,0,0,0,0,0,0,0.000836129,0.002731119,0.002705622,0.002700054,0.005336219,0.005219577,0.005142206,0.005142206,0.029813132
    Africa,        Kenya,All,3.598495163,4.72600198,4.955317532,5.735031733,5.659895032,6.556788583,6.897967196,7.102127085,8.47364838,9.022875041,9.263306445,9.927821276,9.862646025,10.43866016,10.33972061,11.00964815,11.62136847,11.1164622,11.21559577,8.739059019,6.149621743,9.614828084,11.29951021,12.84855514,12.3022158,12.64763631,13.29644112,13.87521159,11.91841192,10.75759564,14.67448498,14.88978945,17.34326862,17.36104419,19.13522726,23.65712679,22.80440768,22.49414912,26.10318045,26.73284515,27.91883731,27.98432498,542.0711494
    Africa,        Lesotho,All,0,0,0,0,0,0,0,0,0,0,0,0,0,0,0,0,0,0,0,0.584402095,0.861006836,0.863063308,0.936159949,0.964383469,0.871810569,1.345056781,1.526154698,1.60477395,1.68654048,1.853515354,1.984278498,1.395259379,1.355383102,1.440033148,1.45207686,1.45620563,1.415116044,1.457149022,1.439909179,1.307503963,1.288122658,1.288688283,30.37659325
    Africa,        Liberia,All,1.007700387,0.961926956,1.004911826,0.986592606,0.682302128,0.792980893,0.964343904,0.96490484,0.971235152,0.950822241,0,0,0,0,0,0,0,0,0,0,0,0,0,0,0,0,0,0,0,0,0,0,0,0,0,0,0,0.008100162,0.010672437,0.010439153,0.010284412,0.010284412,9.337501512
    Africa,        Libya,All,1180.756215,754.4175776,765.8314525,739.7565234,740.4110662,721.3382831,713.2864416,672.3250734,801.2170584,791.7771843,932.8966598,1005.701898,979.7057592,928.6866805,939.3328102,945.994371,960.1824281,992.3357363,955.6266541,899.0606718,966.4505143,940.0091522,912.0610527,967.3783276,1057.666302,1183.754277,1275.272988,1336.271679,1354.379277,1290.723373,1303.722758,402.1897188,1073.822449,773.876294,484.1932343,426.3027611,399.0904956,713.9351464,793.784419,887.0018905,396.9638997,930.4462878,37289.93684
    Africa,        Madagascar,All,0.444484029,0.465646028,0.692408647,0.75535979,0.771032002,0.780734084,0.814334853,0.87329995,0.907696404,0.959994159,1.030397779,1.015414869,1.036578039,1.039312969,1.049088612,1.115168863,1.27577474,1.34690576,1.494217395,1.543420917,1.614387818,1.59893834,1.595049594,1.792269585,1.861036702,1.878390842,1.834292599,2.062453163,1.998434952,2.099506589,2.057044849,1.997698174,2.141616938,2.313504251,2.529651582,2.616712715,2.490714595,2.226410588,2.672885149,2.435994616,1.819716177,1.911537938,64.95951764
    Africa,        Malawi,All,1.181231823,1.161051902,1.278934327,1.515125888,1.576507055,1.723518001,1.851862146,2.014405215,2.116067975,2.194010234,2.567377311,2.721407283,2.784229475,2.785656726,2.90086225,2.94875956,3.027454423,3.108350535,3.504414711,3.421463592,3.82059416,3.711893911,3.931744181,4.160719186,4.259277748,4.411584761,4.53798468,4.594648006,5.053349154,4.937207272,5.794295176,5.930479823,5.993939442,6.001440862,6.264826388,6.144965154,5.981059309,5.609042405,4.268669176,4.31850866,4.25773913,3.523443453,153.8901025
    Africa,        Mali,All,0.252686126,0.251203778,0.321694147,0.376138347,0.406933556,0.407206405,0.483702657,0.488559413,0.502258677,0.513627448,0.551781059,0.556643091,0.630433428,0.658634381,0.665128226,0.673936738,0.636372198,0.679439128,0.687340002,0.689294779,0.696578447,0.708620401,0.703610662,0.694356098,0.727976502,1.309891898,1.392434477,1.364347527,1.651885538,1.92216407,3.313573682,3.455203276,3.67425962,3.332348625,4.069271089,3.287311679,4.231647401,4.233738456,3.880044582,2.724619037,2.679089441,2.810215699,63.29620179
    Africa,        Mauritania,All,0.076110279,0.091903821,0.116422644,0.120241053,0.110147429,0.094912771,0.055105366,0.076337408,0.075641367,0.076432656,0.076212854,0.076461963,0.078804178,0.078552724,0.084652683,0.08461986,0.084849626,0.089793717,0.083676174,0.089908015,0.095667426,0.102961939,0.101367638,0.121660684,0.129157121,0.14358994,19.32543115,9.545962789,8.232973727,7.357662144,5.487617057,5.216352637,4.50987575,4.812269186,4.381280151,4.160773697,3.830746105,0.916128321,1.156091692,1.187453699,1.236700596,1.282756253,85.05526629
    Africa,        Mauritius,All,0.249641715,0.180744182,0.284929102,0.107908667,0.198877302,0.349034061,0.333693605,0.42443599,0.299539813,0.449424017,0.256075188,0.22632741,0.339464153,0.311189639,0.226748259,0.404966471,0.309095068,0.2753674,0.310797218,0.929049484,1.50975157,1.574712001,1.535421572,1.623131561,1.677281226,1.592383243,1.442637661,1.516192663,1.713686967,1.903283915,2.063961008,1.752685206,1.742985762,1.818370399,1.890085507,2.053904604,1.99110996,1.682133586,1.728267786,1.837290998,1.730352393,1.774728173,44.62166651
    Africa,        Morocco,All,10.95290745,9.966738334,8.748995851,8.631864271,8.551865832,8.704629449,8.887721121,8.111830312,8.409285225,8.06710021,8.308406721,8.466513297,7.546570377,6.253678591,7.781188738,7.051192398,10.02508476,9.502285101,7.854917237,3.96144155,3.273305571,4.238469192,3.994376464,5.734134939,5.992112151,4.113437031,4.29998224,4.260674813,4.289895943,9.149283752,12.57268893,8.391278125,7.639605449,12.81132235,11.20819809,13.17234708,13.72260154,13.70150079,18.48018064,21.02709463,19.20510863,22.30806491,389.3698801
    Africa,        Mozambique,All,40.82252214,10.15537489,9.065651538,15.44633963,1.688927242,0.456193641,0.11633355,0.073283912,0.148257079,0.152865312,0.856632473,0.978713126,0.975959441,1.030249193,1.094438263,1.13330169,1.517110851,3.054528229,5.245721768,23.62188893,29.44211758,36.43572553,38.4066248,33.18172272,46.84987684,62.81728438,70.66331808,74.99065489,77.37292626,79.31506012,83.64232717,96.40929455,134.5171741,149.3717664,159.8348111,165.2631486,166.7897391,219.2635501,224.4147835,182.555552,156.3925976,181.3926576,2586.957006
    Africa,        Namibia,All,0,0,0,0,0,0,0,0,0,0,0,0,0,0,0,3.384794381,2.560640511,1.807846842,2.934642964,3.46745243,4.083803258,4.106364372,4.311106005,4.442098624,4.655527144,4.808797772,4.624975476,4.521754757,4.265445699,3.993067027,3.553974314,3.9836079,4.478899717,3.584703875,4.18064355,4.170419217,3.795988003,4.541490677,3.704829752,3.444920622,4.864527084,3.851512459,106.1238344
    Africa,        Niger,All,0.118653199,0.177979653,0.266969772,0.77124565,0.889898849,0.895831465,0.735649661,0.972956059,0.919562222,1.014484664,0.913147799,0.92870923,0.792157366,0.92733268,0.928299811,1.01431146,1.079873271,0.966073017,1.075073663,0.999450173,0.938545538,0.968802085,1.085082004,1.120677993,1.403570551,1.080098641,1.04604508,1.016263306,1.085082004,1.132543225,1.409598122,5.823494326,14.22948955,14.14418508,14.33659491,10.36079029,9.882052241,9.810479565,9.607037404,9.020218361,8.221524362,6.844117342,140.9539516
    Africa,        Nigeria,All,1316.848442,932.6744987,838.0606292,812.0829586,913.8250006,983.2667428,970.1248736,894.2861782,967.9999432,1143.413504,1192.582886,1260.005465,1297.008014,1304.323788,1280.665564,1326.277584,1337.593333,1421.409945,1435.607196,1433.273937,1517.566925,1598.482198,1510.49935,1673.015318,1728.96537,1918.212778,1861.764551,1848.142974,1738.065692,1681.992044,1870.417932,2043.931431,2050.370037,1905.96362,1989.90297,1891.714421,1677.494516,1750.430424,1741.344902,1771.606441,1676.881366,1509.482114,62017.57785
    Africa,        Reunion,All,0.919412463,1.133480756,1.292904681,1.319567604,1.236098923,1.478802206,1.521520382,1.600032077,1.264723656,1.50419467,1.658391692,1.394666205,1.485155671,1.489480505,1.490491889,1.502002506,1.5151719,1.613293787,1.646627569,1.657304402,2.436529762,2.446860186,2.414934899,2.385736335,2.556723924,2.476193856,2.494172821,2.618620308,2.625111808,2.434169083,2.599004546,2.36339854,0,0,0,0,0,0,0,0,0,0,58.57477961
    Africa,        Rwanda,All,0.337929639,0.315536453,0.407479546,0.465548436,0.492603779,0.495995771,0.456149974,0.500773398,0.505284332,0.522799367,0.503004833,0.498531999,0.51525809,0.46225257,0.471636379,0.477497779,0.424248132,0.478899826,0.478149566,0.380610595,0.331846385,0.269518016,0.292177309,0.347178049,0.246572686,0.193406857,0.113371492,0.125137666,0.199843554,0.286608393,0.320801163,0.376435227,0.384861869,0.419427131,0.590864288,0.832991396,0.830626028,1.305256703,1.508739307,1.826192731,2.111860075,1.916735828,24.02064261
    Africa,        Saint Helena,All,0,0,0,0,0,0,0,0,0,0,0,0,0,0,0,0,0,0,0,0,0,0,0,0,0,0,0,0,0,0,0,0,0,0,0,0,0,0,0,0,0,0,0
    Africa,        Sao Tome and Principe,All,0.021306189,0.021452724,0.024500652,0.018492717,0.024477206,0.024493618,0.021429865,0.024427971,0.024205237,0.02445845,0.024388113,0.024467828,0.02424744,0.024170069,0.024186481,0.024177103,0.02424275,0.023944991,0.020919044,0.026972404,0.029896071,0.012113169,0.017888407,0.020771336,0.017612335,0.011721628,0.023255691,0.028967039,0.023103294,0.020022542,0.014295955,0.017084809,0.016733125,0.016777085,0.016722574,0.021848955,0.018939356,0.018900377,0.018676765,0.026097884,0.025711031,0.025711031,0.913822739
    Africa,        Senegal,All,0,0,0,0,0,0,0,0,0,0,0.134134622,0.134573055,0.133360917,0.322045538,0.507541557,0.605360117,0.700692564,0.515847454,0.518610811,0.522024197,0.62367113,0.652976079,1.246349046,1.622482118,1.448577311,1.400021766,1.296612896,1.099600105,1.244958136,1.294727284,1.383022241,1.2748249,1.422712125,1.573280061,1.595066006,1.663860671,1.718978639,1.993075288,2.352303202,2.494729654,3.227153786,3.512138864,40.23531214
    Africa,        Seychelles,All,0,0,0,0,0,0,0,0,0,0,0,0,0,0,0,0,0,0,0,0,0,0,0,0,0,0,0,0,0,0,0,0,0,0.019573266,0.022296766,0.024580074,0.0243506,0.027000539,0.032017311,0.122660052,0.167121702,0.200494755,0.640095066
    Africa,        Sierra Leone,All,0,0,0,0,0,0,0,0,0,0,0,0,0,0,0,0,0,0,0,0,0.044844106,0.045424385,0.047702418,0.04747734,0.046966226,0.052747325,0.011627845,0.05214067,0.051982412,0.051486538,0.351680483,0.427120218,0.323507078,0.293598991,0.342812771,0.352314394,0.354436513,0.378007547,0.480104929,0.495708562,0.488360418,0.488360418,5.228411588
    Africa,        Somalia,All,0,0,0,0,0,0,0,0,0,0,0,0,0,0,0,0,0,0,0,0,0,0,0,0,0,0,0,0,0,0,0,0,0.011155416,0.011184723,0.011427092,0.014213895,0.032467467,0.046441044,0.045891538,0.04488836,0.077647431,0.091222727,0.386527678
    Africa,        South Africa,All,743.0427082,826.5872019,893.3521767,937.7349486,1060.767733,1133.43025,1167.575232,1158.823532,1207.412879,1175.368822,1133.693749,1152.383441,1143.937327,1194.109104,1282.500011,1347.807268,1357.799956,1429.224124,1469.223156,1459.799271,1525.315226,1516.357752,1497.727088,1623.217197,1663.949186,1658.198269,1657.244063,1660.295272,1690.482048,1664.725869,1695.216655,1718.886082,1719.075197,1709.303329,1746.060568,1714.599197,1718.414205,1731.057435,1711.646692,1736.020189,1662.419283,1552.187002,59846.97069
    Africa,        South Sudan,All,0,0,0,0,0,0,0,0,0,0,0,0,0,0,0,0,0,0,0,0,0,0,0,0,0,0,0,0,0,0,0,0,12.44539105,62.965751,80.36470322,83.01628569,83.14561895,81.65169404,84.75263225,85.4686934,88.65837877,85.47474588,747.9438942
    Africa,        Sudan,All,1.50698411,2.263898051,2.34070906,2.355489753,2.2947381,2.798395893,2.798128027,2.797002638,2.777550996,2.831065578,2.889991405,3.144115919,3.43094089,3.426110803,3.410258061,3.016064257,4.307740096,5.82969598,8.5254359,41.17476649,105.230844,117.8673372,134.0067739,150.4959422,190.4105144,194.4225231,209.9792813,256.8085685,265.1701281,272.4962281,282.3599421,265.0857105,69.09598968,96.5312823,87.04461109,82.22374587,79.4225705,81.05198314,62.48974524,63.87416953,62.04425716,62.4576573,3294.488887
    Africa,        Tanzania,All,3.004834694,3.121667343,3.149540351,3.280420138,3.347257975,3.410736351,3.272646456,3.548162735,3.73063222,4.395750776,4.728284409,5.309921975,5.118503598,5.410663908,4.815468338,4.937666219,5.67552299,4.50635979,6.486682429,6.988216051,6.938306816,8.387707361,8.626459474,7.901518591,8.627666629,9.808385873,9.730863582,13.18722917,13.76549262,15.22303905,16.85440764,12.00949543,12.11316631,12.82521563,15.38265875,19.99541438,25.16555046,21.25316443,24.93772282,27.30284051,27.53209774,28.2193932,434.0267352
    Africa,        Togo,All,0.115687624,0.116411507,0.174633965,0.058578832,0.11626673,0.232689374,0.232667101,0.232065721,0.229949756,0.290444093,0.289608843,0.590286354,0.387959032,0.694889485,0.447449898,0.770645149,0.575765322,0.278360524,0.514010784,0.608377565,0.2959711,0.148386323,0.253419094,0.359047384,0.23483113,0.213919706,0.26162652,0.263600053,0.25991206,0.311779589,0.263903381,0.300692751,0.247371302,0.104940747,0.333894065,0.159606508,0.554544416,0.569711375,0.547229096,0.648323593,0.408445505,0.432716683,14.13062004
    Africa,        Tunisia,All,71.76314942,76.81866934,79.51156326,78.76010101,80.51777045,74.63094253,72.99574967,70.80085524,69.51443767,70.87527187,63.25609106,68.84325022,73.98987066,66.03873209,61.89014483,58.72996516,63.24547899,71.82383366,72.50424168,74.42686089,71.95583356,71.22686736,73.81043474,75.15276714,79.22854321,77.38614576,78.08954571,71.43091413,85.31529675,69.7224822,70.21926838,62.14781198,61.26700035,59.93227341,51.89347936,42.61590949,41.74469239,40.6911031,39.11011999,36.94188819,35.43390618,43.75407263,2760.007336
    Africa,        Uganda,All,1.92711285,1.571555637,1.700384227,1.581631091,1.87250629,1.922749038,1.959301901,1.868739754,1.757905369,2.072853631,2.319919261,2.348911503,2.949094832,2.894365768,3.01424019,3.127912664,3.354590587,3.711473648,3.750485661,3.770142746,4.726568778,4.775616973,5.083288893,5.326364081,5.679977947,5.538469098,3.539391737,4.217600849,5.076948909,4.49649095,4.709516207,4.689381418,4.696039969,7.236711862,7.581095489,7.629846218,10.0243304,10.44240443,11.01979834,11.10885117,11.28962877,11.15431483,199.518514
    Africa,        Western Sahara,All,0,0,0,0,0,0,0,0,0,0,0,0,0,0,0,0,0,0,0,0,0,0,0,0,0,0,0,0,0,0,0,0,0,0,0,0,0,0,0,0,0,0,0
    Africa,        Zambia,All,31.5158091,33.28416476,34.71020674,33.86532784,33.61730094,33.82213137,33.63695949,28.82354968,28.83774218,23.43152649,26.83778121,27.1941388,26.93521028,27.62642965,27.04217497,25.71570322,23.21810881,25.32985136,24.64748974,24.95660825,24.68348372,25.43830543,25.43899679,25.80723778,26.2128912,26.96198633,28.40318853,27.83914835,27.35338717,28.14025316,29.72724831,32.55633303,34.93103557,38.01807171,40.08538632,36.62890438,32.10223455,39.68371601,45.25569033,39.88713531,41.52794603,49.84420556,1301.575
    Africa,        Zimbabwe,All,32.34593544,30.61679518,29.93551177,30.54090998,30.37988296,32.08819122,35.75909196,43.01328281,42.21931721,45.22658116,51.51993029,51.68012557,49.1302041,43.60303666,44.52174517,39.10107468,38.42702306,35.29084875,35.70482185,42.24687018,41.50687048,39.00098248,39.97553372,41.44645557,39.51218741,40.48544592,40.90230165,40.02043791,34.93206132,27.69012666,34.78676366,33.58735945,26.89432936,36.86636171,57.50090578,45.52761592,28.28197038,32.65013712,38.55244793,30.75131402,29.7032324,34.08322246,1598.009243
    Eurasia,        Armenia,All,0,0,0,0,0,0,0,0,0,0,0,0,9.132191909,12.83732792,10.51809591,5.742061896,11.93133103,9.032369923,9.427866715,10.70774854,10.0537218,9.728924338,12.07423284,12.07587608,13.38312156,13.75015393,13.57837329,13.38889357,12.9299905,13.59831026,15.11246139,15.12393508,13.72131701,13.47555056,13.29383397,14.8075458,13.84665924,14.36260985,12.70085518,13.26509905,13.698168,12.25264067,369.5512678
    Eurasia,        Azerbaijan,All,0,0,0,0,0,0,0,0,0,0,0,0,228.1133415,210.2134791,193.8383312,189.0551799,190.881319,181.5267327,214.1659251,246.1795854,245.1712429,257.9770934,257.5557112,265.1573752,260.131298,346.2463464,485.5690965,648.6403048,721.2796738,805.8766712,830.4470428,792.6126967,761.1836477,733.5024257,726.7631462,734.1256408,721.4808734,685.7542536,696.9901597,738.1209548,708.593643,791.6365611,14868.78975
    Eurasia,        Belarus,All,0,0,0,0,0,0,0,0,0,0,0,0,28.39198212,28.42198546,28.17215324,27.54569502,26.07414512,25.06830954,25.35031204,25.32481525,25.57424625,25.50988251,25.08500105,24.695419,24.94933308,24.05573247,24.02979196,23.93328138,24.01056804,22.93194735,19.94112638,19.89710375,19.93930466,20.28188913,20.17556363,17.71121654,22.10058689,22.96118723,24.04465823,24.94247935,26.8725358,43.13840436,741.1306568
    Eurasia,        Former U.S.S.R.,All,18025.75165,18121.67313,18716.32262,19167.20961,20002.61699,20605.94798,21389.73166,21990.2862,22765.88438,22601.43602,22117.63731,20818.37165,0,0,0,0,0,0,0,0,0,0,0,0,0,0,0,0,0,0,0,0,0,0,0,0,0,0,0,0,0,0,246322.8692
    Eurasia,        Georgia,All,0,0,0,0,0,0,0,0,0,0,0,0,22.28043984,21.76807318,22.34192417,16.3689999,18.83849681,20.27819733,20.95596214,21.22978917,19.28991576,18.52947237,21.07268431,21.18742561,19.08936825,19.53114519,16.07480715,20.34973542,21.23739785,22.48594727,27.7251154,23.61202332,21.8855374,25.63893412,25.15182423,24.98636248,26.80149504,26.5228265,27.52097984,23.6784532,22.19406918,27.49129566,666.1186981
    Eurasia,        Kazakhstan,All,0,0,0,0,0,0,0,0,0,0,0,0,1375.552497,1188.357554,1115.847326,966.5660654,935.624444,960.5659835,947.2672142,899.7795326,1157.968266,1251.226717,1323.033447,1392.694761,1543.392922,1629.123377,1780.534091,1866.812616,1892.059161,1960.005087,2089.340278,2167.571561,2184.602187,2210.788479,2216.415198,2212.085179,2157.434863,2264.340093,2381.73915,2353.116319,2259.668749,2128.194605,50811.70773
    Eurasia,        Kyrgyzstan,All,0,0,0,0,0,0,0,0,0,0,0,0,40.20991909,36.76354894,40.35596173,37.01312941,40.15077727,36.11248632,32.60948421,39.04751467,43.85613455,40.88893971,35.0159614,42.78166461,44.27709297,40.2242933,38.90979463,39.17142437,32.13419266,32.52296203,34.84874503,44.42198942,45.20172941,43.79710322,45.94832846,39.32672949,40.08757204,47.34465256,49.53792308,48.31371987,51.19294154,43.78370787,1225.850424
    Eurasia,        Moldova,All,0,0,0,0,0,0,0,0,0,0,0,0,0.772887135,1.120886952,0.831410283,0.970106247,1.096984456,1.131400838,1.156524264,1.087886977,1.171925971,1.087156939,1.037527586,1.062305483,1.027386192,1.052016088,1.602851117,1.025433174,1.111846035,1.012568573,1.152253941,0.990918906,0.741835196,0.878000793,0.925315772,0.77563789,0.770854987,0.950383222,0.980932839,0.979313334,0.925699694,1.123674047,30.55392493
    Eurasia,        Russia,All,0,0,0,0,0,0,0,0,0,0,0,0,14705.72366,13678.522,12905.60533,12616.73955,12133.78087,11819.18587,11889.1936,12212.31971,12484.56829,12818.7969,13180.37017,14070.90427,14839.56773,15204.00434,15519.1245,15649.54425,15691.99146,14932.3138,15872.87223,16150.85197,16369.26498,16746.48908,16667.70555,16905.64736,17265.90532,18003.26592,18604.59402,18845.2844,17637.4212,18786.75608,454208.3144
    Eurasia,        Tajikistan,All,0,0,0,0,0,0,0,0,0,0,0,0,52.36905841,54.11412526,51.36963344,44.76483442,45.25228281,41.53819703,42.93245059,46.84262629,41.99599728,43.49376903,45.40338355,48.95301046,48.67154222,50.48966498,49.32939938,50.65471643,49.83592604,46.89533639,48.30972415,47.55270676,49.65294368,50.90152885,50.1554837,53.14054907,53.86957271,57.86860576,61.60607999,63.86402872,60.78306793,60.85245957,1513.462705
    Eurasia,        Turkmenistan,All,0,0,0,0,0,0,0,0,0,0,0,0,686.9919198,756.7738038,437.7097477,398.9272401,454.1750967,339.8716651,219.7876671,336.4252331,600.1387834,625.1342252,698.0195405,763.6054416,766.8497148,803.5277462,745.3969468,803.5053885,809.055811,495.2166687,580.8530113,797.7416447,865.7172618,935.9293074,983.392947,1035.752582,985.873068,1002.592782,1044.107694,1054.136178,996.3794678,1083.136881,22106.72546
    Eurasia,        Ukraine,All,0,0,0,0,0,0,0,0,0,0,0,0,1422.529706,1287.12363,1120.526753,1039.180555,931.2372934,943.6498357,950.3515773,955.4366167,954.8581355,957.2213159,956.7557508,1000.005411,993.2694611,1006.333783,1025.025309,1024.690012,1019.097407,966.0044524,964.4121492,995.3205373,1015.835827,1000.349885,854.9396673,745.9230772,714.6067128,679.4459406,700.9609885,687.8576442,675.402731,704.1899887,28292.54215
    Eurasia,        Uzbekistan,All,0,0,0,0,0,0,0,0,0,0,0,0,529.2884591,562.0200749,603.0068174,629.7237486,632.1896384,638.9820042,699.8683096,699.4857486,706.866332,778.2713312,719.9998614,721.4705758,746.5159579,735.4541022,746.7749394,776.6767977,798.7309631,720.3731939,705.3989256,733.6780497,722.7451847,705.7882928,702.1795809,658.6697118,613.6832197,617.8291905,648.2789973,648.7289005,539.1805967,581.3700539,20323.22956
    Europe,        Albania,All,45.59044397,46.50768362,60.3560538,68.78154257,55.98371492,56.19029293,57.61624993,59.31386992,54.63335269,57.12411711,37.2546229,27.96886026,19.20150797,18.41605165,19.49123375,19.86557675,24.23685149,21.40424202,19.26674447,19.78726229,17.82798676,15.05238996,15.0216012,20.19678512,20.89250927,20.7550949,20.0613733,12.55429645,15.39406913,18.81192415,28.8648069,22.23138168,24.62897973,30.95888495,27.24435605,29.9677861,36.73814622,24.20645661,34.09491566,26.78652708,26.25733878,35.16648068,1312.704366
    Europe,        Austria,All,139.8110707,137.9977968,138.5598643,135.2181342,130.5067579,135.44705,135.1076972,118.1598744,147.0996726,147.5013678,136.4113942,138.4463908,146.1256093,150.809513,144.1199458,152.4098803,142.4839801,144.5609872,150.3656166,160.9181611,165.7342991,163.3817981,163.2410533,144.0441907,151.3521368,148.9878464,153.8709928,161.7037165,161.9139069,169.3366455,159.8169336,148.0422637,173.9599733,166.1973893,165.1904397,155.4561396,161.3766524,160.9761089,153.1568595,165.3235272,159.0479835,148.2551456,6332.426767
    Europe,        Belgium,All,87.88544973,87.87312291,98.31387413,119.3480051,132.0698918,150.1290587,159.7838017,157.8136439,146.0559041,135.9212012,134.276158,131.7757855,130.8648276,124.5623936,121.0675959,123.4081122,128.8706333,140.2924094,137.2651619,145.95576,144.2453335,139.8442937,142.7146236,142.3899765,143.4453045,145.6657641,145.5986733,152.242712,147.5457307,160.01325,166.7638772,172.6364296,154.8300096,164.3641925,141.6160237,122.7692708,172.4468638,173.4392407,136.4013029,184.3940848,161.9344983,203.8335535,6012.667799
    Europe,        Bosnia and Herzegovina,All,0,0,0,0,0,0,0,0,0,0,0,0,16.83634925,12.60287514,16.30080837,27.10892782,22.64816093,36.96364864,43.37452676,45.19034276,46.68699556,47.62268719,49.43359925,43.69834214,41.33805278,41.90125683,41.90668273,37.53649088,42.6420317,46.15666401,49.88625964,42.54890138,41.26044462,46.54260349,42.94601358,41.09534657,42.75618247,40.76873793,47.80610827,44.8675159,39.75644426,47.32719995,1187.510201
    Europe,        Bulgaria,All,94.87439025,101.5588762,110.5351455,116.791821,120.7878111,114.7511731,120.9578641,125.7865672,129.2451097,128.6540684,116.7168692,106.3511096,104.769332,109.3597633,111.5066766,124.0275856,130.9487446,122.752089,123.3652161,109.1755811,118.4723128,119.0599472,125.6312717,117.0896713,117.8435742,152.596388,128.8247957,114.4678298,116.807621,112.9668082,123.7797434,140.6586244,135.6513702,124.7180445,134.6911744,144.4414383,131.7854114,135.9531423,135.8744691,127.3195489,114.2125339,133.4564259,5129.217941
    Europe,        Croatia,All,0,0,0,0,0,0,0,0,0,0,0,0,58.9411262,62.00177813,62.59391141,61.42235089,63.24769314,54.83305382,56.21150622,55.10788372,53.26013071,55.61800488,48.41421269,50.0112578,52.46132593,48.56926109,46.69594035,45.42447374,47.41792445,52.22537322,57.88947323,44.40355766,42.10644686,50.99564975,51.57803142,43.41185743,44.17794944,39.23600352,47.90198407,41.49874512,38.76924676,42.95989689,1519.386051
    Europe,        Cyprus,All,0,0,0,0,0,0,0,0,0,0,0,0,0,0,0,0,0,0,0,0,0,0,0,0,0,0.002930407,0.002906961,0.008690112,0.118045958,0.168902395,0.28034959,0.578466255,0.756960539,0.934201362,0.87514805,1.091123056,1.14891265,1.19268031,1.274110395,1.343601981,1.534989293,1.998868109,13.31088742
    Europe,        Czechia,All,0,0,0,0,0,0,0,0,0,0,0,0,0,460.7244468,423.3976689,410.2635106,423.4637978,408.1117116,376.6331684,338.7267827,368.5963596,377.1646696,378.9126185,401.2295042,405.7537858,391.632408,400.293045,398.86268,389.4726738,376.946374,377.4186678,395.1058499,392.8930117,364.7210323,336.7197341,325.0944007,303.810386,309.7659119,303.5700618,292.2825895,248.5162841,250.0561108,10630.13925
    Europe,        Denmark,All,3.779403758,9.23728095,21.39743283,28.00452688,31.75086384,49.3473804,69.88052811,89.23660793,91.30139042,107.6917613,111.9729381,135.1646334,150.543872,162.9787621,174.4156749,180.2234451,207.7712898,239.407752,246.1406991,287.7371095,335.5350502,328.031109,345.9161277,347.2969124,377.2785753,382.1929126,358.1443149,328.9786359,323.719306,287.0759058,282.4696555,254.064559,233.4967104,208.7239868,206.1924139,202.4079945,189.7800379,200.1904247,174.9234319,159.8787582,120.5395641,118.6549851,8163.474724
    Europe,        Estonia,All,0,0,0,0,0,0,0,0,0,0,0,0,0.00303093,0.003021259,0.00906993,0.024177103,0.021212407,0.032924363,0.050803391,0.050947875,0.056802534,0.057537554,0.089442033,0.145399354,0.176123347,0.325275169,0.377904973,0.420022063,0.568918621,1.547742528,2.985286925,3.357734348,4.11997425,3.581907694,4.083098131,4.468111224,4.471519628,5.244827611,5.562480909,5.758497848,6.641568752,8.111062469,62.34642522
    Europe,        Faroe Islands,All,0.149176147,0.150109575,0.150123935,0.151072017,0.149922889,0.150023412,0.150009052,0.14962132,0.18759059,0.217068743,0.225590046,0.22632741,0.251567185,0.221829958,0.228577309,0.228383003,0.212560447,0.226327997,0.230249859,0.209830207,0.226567435,0.229238768,0.286476804,0.260600189,0.296333334,0.317415911,0.334044703,0.34518869,0.311576784,0.304591461,0.230908388,0.304679089,0.306773953,0.310376077,0.434786929,0.513450434,0.424782692,0.459009165,0.455713006,0.404517194,0.403663188,0.403663188,11.43031848
    Europe,        Finland,All,51.11877959,83.43804419,87.77431319,92.23304148,94.19481836,92.00376315,92.22324005,98.00483885,96.0622944,94.1476971,103.9423418,111.0820495,115.456522,115.3488445,110.4415656,113.2919837,109.5877759,117.7727131,135.671767,129.4230457,133.5344259,129.9102543,122.504058,121.3805288,139.9204866,135.8094061,131.2929076,138.5248703,147.6128722,132.9679586,138.6919946,138.3259203,149.0276368,144.2311131,146.3348317,156.3564336,150.8274298,154.5171483,156.1107774,157.3903922,159.2913483,164.359363,5192.141597
    Europe,        Former Czechoslovakia,All,617.3408517,608.743444,619.8858576,640.0319073,656.3037888,662.3636564,681.7273745,693.7833344,687.473202,664.0595258,599.1334876,565.093879,518.2539384,0,0,0,0,0,0,0,0,0,0,0,0,0,0,0,0,0,0,0,0,0,0,0,0,0,0,0,0,0,8214.194247
    Europe,        Former Serbia and Montenegro,All,0,0,0,0,0,0,0,0,0,0,0,0,212.2965456,204.6239496,193.6515494,224.439974,228.408915,231.7695337,238.0189197,192.5073239,201.7326892,200.4925567,205.4930346,204.0868296,209.7424303,192.7201032,0,0,0,0,0,0,0,0,0,0,0,0,0,0,0,0,2939.984355
    Europe,        Former Yugoslavia,All,426.8951458,491.2017809,509.7602241,530.716423,580.3684632,614.4770848,620.2763162,624.7861744,634.2182132,630.5071405,622.4852232,581.0182448,0,0,0,0,0,0,0,0,0,0,0,0,0,0,0,0,0,0,0,0,0,0,0,0,0,0,0,0,0,0,6866.710433
    Europe,        France,All,690.0154099,788.0037592,778.6286178,876.0691401,994.3289103,1043.930253,1120.059996,1165.254484,1190.731598,1189.712391,1251.505081,1309.573106,1356.753945,1423.117039,1430.058511,1451.538333,1475.007411,1445.262175,1401.693735,1444.536857,1477.312097,1512.977545,1508.266101,1512.831367,1519.922424,1509.02988,1521.922511,1506.183943,1537.638898,1442.013593,1517.443728,1519.031239,1520.543995,1553.204562,1573.460652,1567.003912,1484.475365,1450.744341,1550.123261,1496.001227,1351.176068,1418.641775,56875.72924
    Europe,        Germany,All,0,0,0,0,0,0,0,0,0,0,0,2050.012035,1983.333767,1850.010316,1764.714727,1756.790936,1732.947129,1702.247819,1604.537016,1619.907807,1601.158318,1589.297349,1597.570064,1593.61611,1621.80769,1595.401725,1613.453584,1611.311937,1562.894482,1473.97791,1486.137445,1449.657731,1463.008454,1442.815593,1438.576131,1457.707363,1401.519624,1435.118725,1402.5461,1312.369546,1185.918862,1196.240265,48596.60657
    Europe,"        Germany, East",All,1458.00701,1486.112865,1496.560463,1473.561414,1505.984275,1551.263428,1516.722984,1472.2241,1464.305225,1433.022272,1260.519008,0,0,0,0,0,0,0,0,0,0,0,0,0,0,0,0,0,0,0,0,0,0,0,0,0,0,0,0,0,0,0,16118.28304
    Europe,"        Germany, West",All,1362.879127,1412.866969,1425.760224,1413.752547,1520.140798,1630.640991,1583.707743,1611.480375,1640.439815,1600.024534,1501.308232,0,0,0,0,0,0,0,0,0,0,0,0,0,0,0,0,0,0,0,0,0,0,0,0,0,0,0,0,0,0,0,16703.00136
    Europe,        Gibraltar,All,0,0,0,0,0,0,0,0,0,0,0,0,0,0,0,0,0,0,0,0,0,0,0,0,0,0,0,0,0,0,0,0,0,0,0,0,0,0,0,0,0,0,0
    Europe,        Greece,All,45.77325811,57.20574531,67.40532102,70.88604044,76.74017083,81.00989125,86.03465319,94.11856331,96.90216884,98.37707292,96.63342042,102.1786295,101.4434816,99.46019897,102.1854677,105.5727374,110.9416119,108.5174227,109.5805878,109.9863095,114.3078617,114.495808,121.4835514,124.4890282,126.9322722,126.8506451,123.2246187,116.730043,118.5804574,124.2488857,119.7407699,115.5539815,125.2702693,125.1220535,114.7417219,111.7272089,93.35654409,96.64926525,98.040504,85.50154977,66.40665364,74.08309066,4258.489536
    Europe,        Hungary,All,152.962395,151.374651,160.0659071,162.7299099,170.0126522,180.7088333,178.7889185,185.6837208,185.0319528,176.6546685,162.6132959,151.9864428,149.3525131,147.1254956,147.5077307,147.0820638,143.9731131,145.6346084,132.3542632,126.720498,125.5684604,124.814248,115.7312391,107.7762745,110.8034206,112.2533313,110.494584,107.987483,111.1051549,115.9379633,116.0228795,112.5791466,108.3993577,105.4049378,105.1565953,105.2715312,108.1984585,106.8993079,108.3533674,108.1947896,101.0618045,101.129453,5587.507422
    Europe,        Iceland,All,9.44681076,9.855155449,10.95292475,11.62329365,11.99689079,11.78143041,12.42319861,12.67811676,13.35523976,13.67838812,13.60247009,13.59493702,13.63009194,14.13042661,14.30025687,14.88402886,15.36384307,16.55176568,18.58806439,21.3471596,22.76585784,24.11429166,24.86488526,24.99385218,25.0917062,25.23373407,28.64228998,34.44470584,47.1913664,47.79380871,47.87428983,47.97698479,48.22853058,50.31815397,49.61118267,50.67319362,49.15738986,50.88038297,51.84302531,49.89166824,48.27407336,49.52080457,1173.170671
    Europe,        Ireland,All,12.45301556,17.63504149,24.1983755,25.94535112,26.77565711,28.59566313,20.61583946,19.81821048,23.9162965,26.09016873,26.53691613,27.12121595,27.01125901,30.23326092,31.19455778,31.29669736,30.31249943,27.02199769,21.64310139,17.59546209,16.27230936,11.85591386,12.7578954,10.59606542,12.97646525,11.4558821,12.50993415,13.15306952,15.46623469,16.56924965,14.38184697,18.15772949,17.25042961,18.02866703,19.85672017,23.32648082,53.0294392,61.64676368,63.24848149,59.06475954,56.05269862,45.88538347,1079.553006
    Europe,        Italy,All,319.441879,328.7194222,343.7943261,329.5578586,343.7318539,343.9069016,368.6397715,350.1753173,371.140058,349.1961959,348.5207847,377.4520584,386.9592826,396.5405812,417.7903888,399.3746185,419.8159298,418.5706871,413.8883888,396.3779147,389.6076607,380.6752329,359.3275865,346.2733326,371.0096914,351.5305204,343.8315182,319.3434647,343.7497915,351.0215953,385.5404686,402.2909167,422.9575813,471.5342002,492.1717599,446.4189915,409.9109079,401.3895738,433.3469992,366.612227,413.7543208,393.7218119,16019.61437
    Europe,        Kosovo,All,0,0,0,0,0,0,0,0,0,0,0,0,0,0,0,0,0,0,0,0,0,0,0,0,0,0,0,0,17.82424631,19.93893451,20.17417652,19.2223514,20.08295204,19.1552498,16.85794734,19.18781046,20.74335949,17.76868053,18.28280942,19.20269783,20.05341703,20.59431464,269.0889473
    Europe,        Latvia,All,0,0,0,0,0,0,0,0,0,0,0,0,7.57126299,8.598502061,9.892270713,8.788376839,5.58189328,8.751894313,8.941396892,8.184626262,8.355951761,8.512529683,7.331265329,6.869377631,9.366942738,10.00686313,8.171056828,8.331194379,9.623003858,10.70808234,10.92313887,9.382941722,12.31982257,10.37377769,8.467243921,8.231262785,9.944648183,15.34702143,10.35548778,9.206709646,9.330381083,9.206840355,276.6757671
    Europe,        Lithuania,All,0,0,0,0,0,0,0,0,0,0,0,0,44.27735146,40.47858896,26.05364429,36.37798254,42.46974552,37.18899632,44.91536397,33.42948322,29.77246696,40.72243903,48.60010231,51.8277253,49.96971161,34.03605548,28.62032673,32.36773868,33.07029839,35.94044427,5.18459733,5.489546923,5.792815466,6.950624255,6.871968077,7.318494218,8.463611025,9.741812091,8.583908054,8.920332192,7.257687468,7.186810247,777.8806724
    Europe,        Luxembourg,All,0.350107283,0.392122971,0.358459485,0.354556672,0.376337048,0.318417038,0.35512347,0.436649975,0.42661731,0.330189074,0.317045471,0.370075901,0.306123924,0.320253415,0.477682999,0.423099298,0.306064724,0.392099232,0.508033914,0.464524742,0.597921414,0.608535237,0.548428632,0.49851207,0.669268719,0.700367256,0.813949172,0.88059798,0.814391122,0.760856611,0.884156142,0.873594779,1.017220473,1.184923626,1.253131272,1.345270136,1.411726103,1.820611212,2.020558806,2.277296039,2.694510784,2.684571315,33.94398285
    Europe,        Malta,All,0,0,0,0,0,0,0,0,0,0,0,0,0,0,0,0,0,0,0,0,0,0,0,0,0,0,0,0,0,0.002860363,0.017173902,0.039936356,0.086623286,0.106393202,0.214762868,0.28013096,0.369225412,0.470062886,0.52934743,0.527535964,0.626459398,0.677691258,3.94820944
    Europe,        Montenegro,All,0,0,0,0,0,0,0,0,0,0,0,0,0,0,0,0,0,0,0,0,0,0,0,0,0,0,9.109533788,6.921352717,9.086944246,8.44091627,13.00455161,8.707410683,8.889736857,11.49103292,9.2980496,8.816691504,8.713354436,6.98215126,9.21354902,8.406501647,7.546121687,8.617241543,143.2451398
    Europe,        Netherlands,All,924.8512899,860.619948,744.045733,798.480308,809.9138582,856.1426737,803.3084616,800.1892639,710.0472171,763.1853445,770.728129,863.2702867,857.4990251,871.9700948,853.2211221,856.9583941,958.4552517,849.2168123,818.8143378,753.8616361,727.9555218,774.4921323,766.2751555,740.8343701,862.6347975,793.3000853,777.4664938,775.4141135,844.8920159,799.9186941,888.9854325,822.6460663,823.8068403,880.2315752,738.3099738,593.5440578,569.0496045,514.1825874,454.971901,416.3140906,338.7764935,332.7047959,31761.48599
    Europe,        North Macedonia,All,0,0,0,0,0,0,0,0,0,0,0,0,14.9937531,13.97004904,14.41003268,15.40017173,15.36860575,14.68566648,17.87011733,17.35042568,16.94453926,16.41848682,15.83045007,17.27777246,17.30265703,16.6716908,16.65934288,14.60726704,16.1013124,16.92806609,18.96684125,18.82642467,16.05735014,16.46005382,15.72092161,16.34822475,14.79984216,12.49206977,14.04179756,13.17751478,12.69856338,11.4993227,469.8793332
    Europe,        Norway,All,858.5140452,885.1443794,883.8577901,1007.229139,1076.942934,1105.373425,1145.829115,1270.903071,1373.068457,1637.481687,1700.827515,1809.667603,2011.404947,2086.857963,2278.616614,2446.959291,2714.395193,2808.53218,2734.741072,2793.743038,3018.537375,3018.847191,3132.924024,3115.784795,3162.895876,3123.161721,2966.91245,2906.970055,2967.67294,2894.932316,2773.555603,2660.80059,2779.145342,2631.798747,2674.502154,2793.342097,2824.333964,2882.654835,2775.002296,2599.387005,2782.32967,2841.634041,97957.21456
    Europe,        Poland,All,1263.653937,1094.108187,1233.470783,1267.093103,1314.316139,1355.884303,1401.633633,1436.487163,1436.374103,1343.715243,1151.793764,1119.633708,1058.332574,1065.743982,1077.112021,1084.021658,1090.314743,1090.263686,963.1344317,920.1542939,877.8442334,889.0797067,880.7598787,884.8842739,887.3538072,871.372502,853.239762,802.1940453,791.903758,752.4935244,750.018448,773.9171952,801.052062,806.1728225,773.4389618,783.6550212,771.8064106,747.2191087,713.0356484,689.2683,625.8688561,651.966395,41145.78617
    Europe,        Portugal,All,25.97581926,17.14327912,23.00894065,26.66479869,31.67191049,35.22808781,28.81121377,30.87191496,39.70126006,20.98749648,31.47071178,31.52215172,17.99338521,29.51307657,35.77523455,28.12703688,47.40669841,42.2058905,41.90682106,25.93846221,38.90076719,48.01660287,29.56357341,52.88975676,36.64246238,24.96120623,47.29913732,49.56115474,44.7710563,55.75934668,84.78237299,73.24199236,57.52547237,85.87888531,91.52372504,70.64331078,91.38716644,65.094894,82.77472304,75.60122344,77.82133684,80.07904203,1976.643399
    Europe,        Romania,All,648.9261571,667.4595748,702.0178863,726.8138561,709.050064,684.1002655,705.1687507,704.4925591,702.0420804,649.9407874,538.7084396,466.4972207,440.1681824,431.4768683,420.9757232,429.4733104,417.8893345,411.6604848,367.6442596,350.2863653,347.3542266,365.6350505,351.4922519,332.8460008,334.7378357,336.3750399,344.3975474,340.166368,348.2919422,332.2036096,332.3909419,331.5350392,320.4536669,315.809449,333.2363815,331.6678703,309.5219299,319.279207,314.7647582,302.0796503,271.9325856,281.1821371,18372.14566
    Europe,        Serbia,All,0,0,0,0,0,0,0,0,0,0,0,0,0,0,0,0,0,0,0,0,0,0,0,0,0,0,130.3279309,127.4014037,129.6939326,133.2266585,139.9315072,138.524911,132.4271632,141.4729449,118.6271982,134.8102789,135.8820787,132.6095791,130.6144672,131.8778094,131.847253,129.3650263,2118.640143
    Europe,        Slovakia,All,0,0,0,0,0,0,0,0,0,0,0,0,0,66.79449075,69.77348224,68.31884952,67.81855968,64.33198502,66.03911748,71.14350536,82.05348803,85.31982322,88.75777346,82.48476017,80.25997113,80.9981623,81.93671428,72.75956983,78.04352668,71.0108739,72.5041139,74.04744192,75.52648561,78.32165363,76.869398,74.76709288,74.8540573,76.19823869,71.39866734,72.12775663,71.02101353,72.32041469,2167.800987
    Europe,        Slovenia,All,0,0,0,0,0,0,0,0,0,0,0,0,40.07111176,37.33895262,38.99902389,39.41139536,39.7748769,39.76191236,40.58362847,39.5043472,39.80419269,40.14004095,41.34687917,39.7868661,43.62241738,42.07941497,41.36968559,40.87816412,45.08952785,44.83998138,44.29996357,43.30010837,41.64018803,41.9034446,46.09548183,38.15144582,41.09552769,41.06752309,41.20029142,40.24791591,43.12151855,38.91558218,1235.44141
    Europe,        Spain,All,274.6872675,296.6122814,334.1727176,362.8415703,407.4433877,421.4820066,430.3060058,426.6256228,457.5744103,455.1133175,449.2380746,450.5363522,423.1373797,420.0101974,412.6007263,392.7845468,436.7039757,412.4979953,422.0231909,381.703508,411.601107,458.6285154,408.513692,457.6542027,445.8424199,397.1291876,423.6929493,421.3929345,406.8936687,424.3229284,509.8395766,456.1141161,454.5774478,505.5109767,504.1578311,455.1782773,472.3612419,432.8890058,463.5121064,448.9230809,452.4041485,474.2916504,17953.5256
    Europe,        Sweden,All,255.9275127,289.5722122,279.5317978,313.8290042,354.5282643,383.7173312,386.2015414,411.3011467,407.2565049,407.7639193,414.8864,413.2315689,408.2013892,402.6677464,389.5216358,407.6405007,370.7374106,409.9603652,438.4280168,427.8052905,407.7802233,453.2049939,402.4782934,363.2722565,423.3506878,444.7319165,400.6144508,415.6979074,418.8855782,380.8061572,406.1209914,417.9288737,461.0987919,425.1472224,427.8415078,445.407864,425.9984709,448.9724934,446.0622989,455.2552941,424.8393858,439.6243672,16907.82958
    Europe,        Switzerland,All,139.3282305,151.0081002,153.0629549,152.5635021,143.7010858,160.8648385,163.8030736,170.159919,175.7476819,158.8085782,162.2675776,166.5879812,169.76684,178.3308099,191.6272015,179.7374563,161.7303501,177.7241339,177.4263701,189.9992824,182.1162911,198.2327452,179.9349887,179.125743,173.8573851,156.9099702,168.5879308,180.4421891,182.230259,180.0561476,178.3657846,170.055191,181.8906632,184.2234102,188.3434618,174.2649121,159.5393942,157.0741216,172.9431746,182.6890193,182.5655457,163.2970668,7200.991362
    Europe,        Turkiye,All,112.5028025,122.3046787,133.7971148,129.1383252,145.4112542,167.4985415,191.2198328,214.4319474,221.6565186,227.9949967,242.9177131,247.9011325,270.3716224,278.8186715,282.1086395,296.2006452,314.6963926,321.7667266,349.6673584,324.2602089,298.2069122,269.3509748,275.2663723,266.265707,290.3263311,305.6205185,333.3552762,337.9131542,344.0229875,352.6037641,388.5079325,396.2526044,397.9729045,398.7545761,349.6922459,417.6545491,468.9558113,462.6017988,516.7769506,612.658213,568.3907052,569.1867935,13215.0022
    Europe,        United Kingdom,All,2551.935334,2641.606715,2825.508251,2972.000066,2587.417034,3002.460581,3133.565577,3046.422271,2944.269038,2649.479642,2637.80056,2740.933034,2728.064585,2808.81725,3034.316469,3221.509364,3424.309147,3334.261678,3396.240869,3499.084969,3272.031543,3281.159826,3233.542651,3081.621886,2764.581857,2510.368669,2287.57145,2147.648558,2046.821766,1930.949319,1861.489186,1621.320967,1454.978798,1373.121351,1376.838681,1516.339104,1529.909025,1562.488595,1615.918696,1602.231367,1565.630109,1320.073447,104136.6393
    Asia & Oceania,        Afghanistan,All,21.26549799,27.17452157,27.86153978,29.22283616,29.25639941,35.45204194,35.3295208,33.65471719,35.57705564,34.94145363,34.82629939,6.009478307,4.730895956,4.711457209,4.696170092,3.440444271,3.603683089,3.467714434,3.400458972,3.397207947,3.430885207,2.200713917,2.31829917,2.289163029,2.072437178,2.137081973,2.271477134,4.009712524,4.119872848,5.445281337,7.891142448,12.02882721,10.98785752,11.96211012,13.12646082,12.32593718,14.50846493,17.43782414,18.51494812,16.20684134,3.006969123,12.07831882,562.3900198
    Asia & Oceania,        American Samoa,All,0,0,0,0,0,0,0,0,0,0,0,0,0,0,0,0,0,0,0,0,0,0,0,0,0,0,0,0,0,0,0,0,0.002508679,0.005592362,0.005574191,0.005462239,0.008116867,0.01350027,0.013340546,0.013048942,0.012855516,0.012855516,0.092856299
    Asia & Oceania,        Australia,All,1090.893679,1213.920269,1215.999991,1331.907467,1444.123915,1585.81329,1645.295618,1805.876617,1713.19633,1767.040413,1931.890102,2026.07841,2089.009795,2093.911381,2118.250571,2273.787356,2320.543408,2442.488115,2553.952547,2586.145907,2824.842893,2956.720112,3025.052755,2946.234914,2969.223017,3152.827342,3177.718384,3332.504146,3358.635319,3466.308794,3874.625498,3744.763224,3848.199675,4156.482528,4419.700767,4587.075464,4717.918257,4944.07268,5087.451216,5545.626427,5474.375351,5278.867964,124139.3519
    Asia & Oceania,        Bangladesh,All,15.69170106,18.14892244,19.95383243,21.19349597,29.19165878,30.27980601,32.98239234,38.13104551,43.89107816,48.40939228,47.92596159,50.76865531,59.91095784,65.06517583,71.55814724,77.26909419,79.77603695,80.51956697,86.66017183,95.12529011,102.727404,109.5252257,119.4688586,133.931612,145.5365949,155.8740964,170.7797799,183.3435964,203.3817876,220.7649879,227.1840931,227.1333331,248.4349847,256.9197361,268.5481215,298.8549175,329.8320684,316.1425963,313.6829375,310.6579507,287.8291617,274.4930236,5917.499251
    Asia & Oceania,        Bhutan,All,0.018522024,0.021892329,0.025145406,0.02549709,0.026434914,0.026434914,0.922311805,3.575380146,4.635153504,4.685357274,4.710304565,4.776403866,4.877061981,5.069722389,5.323776566,5.490853722,5.923325105,5.710000038,5.628078474,5.677420032,5.731444556,6.174706484,6.849931558,7.746695278,7.201077481,8.092239755,13.45034508,19.22902988,20.30751693,20.19843334,21.17032732,20.34190019,19.29078998,21.4359812,20.32583761,21.53102908,21.89287645,21.44565603,19.29235088,24.25957086,23.77866819,24.04671588,440.9421676
    Asia & Oceania,        Brunei,All,277.1806385,236.3463381,223.9389266,231.4497246,215.7066856,208.1733066,215.6178707,202.0904013,199.6618961,196.8603594,212.0667884,199.5098373,206.3440589,208.6765508,211.8758448,219.9795565,213.0764403,217.2786544,205.9417104,227.1407002,239.2186856,245.2384638,232.3674047,242.6838186,249.2707711,252.9662033,284.9985117,253.0630395,242.44492,214.1784841,220.3446262,238.7097979,225.7046391,211.8857491,196.6734534,207.5642286,199.675785,206.9462705,204.864439,213.2090742,202.7515746,188.8438812,9302.520111
    Asia & Oceania,        Burma,All,25.41578887,24.07425303,27.51345468,28.68359,31.39862652,31.56118219,30.96813483,26.83809538,23.33708438,25.70973808,24.58654877,25.23168962,25.00043599,26.84070634,29.9078779,29.60009638,28.1527227,27.80556224,29.66039524,26.14566124,48.61883446,80.9931086,111.4254904,123.8628569,133.3458078,165.3551612,165.130659,174.3563241,163.0198651,154.6378802,163.3191013,168.3352274,170.3125964,176.7003607,206.9929835,230.0539922,248.7865802,245.06346,234.4777185,235.4038959,231.2382971,222.8557824,4402.717627
    Asia & Oceania,        Cambodia,All,0.149176147,0.162363418,0.168506458,0.123324149,0.091789524,0.10715958,0.122456369,0.137407335,0.151282734,0.165094537,0.189007877,0.195742625,0.203072306,0.208466845,0.214655019,0.220616062,0.233336473,0.170608063,0.14942174,0.131865088,0.140511532,0.093877062,0.089442033,0.126705298,0.088942349,0.172894009,0.188952486,0.188285752,0.17905053,0.129574453,0.118084644,0.188787195,1.484507107,2.864127977,5.198769609,5.585958454,7.232940051,7.587961533,12.83075084,11.10282272,11.46274902,11.44976397,81.80081098
    Asia & Oceania,        China,All,5726.440831,5673.43217,5989.340705,6405.844626,7009.663113,7703.084821,7932.957247,8218.90795,8609.823927,9142.885887,9342.000168,9416.271246,9644.595485,9978.99924,10613.44685,11123.8022,11731.91567,11554.1494,11447.15869,11377.32159,12092.53634,12898.44938,13540.60063,15463.6595,17680.07354,19571.19748,21155.78424,22719.46816,24134.98393,25730.95953,28445.8758,30767.77632,32541.26727,33237.66158,33678.66866,33527.2126,31694.9707,32843.37271,34596.2616,36293.56865,37220.47394,39553.95472,768030.8191
    Asia & Oceania,        Cook Islands,All,0,0,0,0,0,0,0,0,0,0,0,0,0.000301862,0.000301862,0.000301862,0.000301862,0.000303034,0.000298931,0.000298931,0.000298931,0.000298931,0.000301862,0.000298931,0.000296001,0.00029307,0.00029307,0.000290725,0.000289553,0.000288674,0.000286036,0.000286036,0.000284864,0.000279003,0.002236124,0.004044366,0.009495468,0.012660624,0.018900377,0.042689748,0.039146825,0.03342434,0.04077776,0.209549739
    Asia & Oceania,        Fiji,All,0,0,0,0.151072017,0.872000478,0.890955366,1.068431818,1.117579657,1.049902174,1.060885265,1.22245417,1.226449887,1.230557556,1.226631004,1.287930111,1.344851339,1.351533335,1.346965546,1.309000086,1.408409137,1.516029716,1.644665466,1.66093847,1.299989062,1.382861932,1.292602526,1.317144208,1.747001993,1.744587389,1.57634616,1.38184703,1.5065955,1.642635077,1.641358171,1.35033673,1.317451052,1.485454309,1.521234639,1.761200355,1.750124068,1.773032763,1.77522522,53.25427078
    Asia & Oceania,        French Polynesia,All,0,0,0,0.049329542,0.073431619,0.097974473,0.107149323,0.106872372,0.175487971,0.195667599,0.210347476,0.22632741,0.272783695,0.283998311,0.290237772,0.37776723,0.403035725,0.39808548,0.451253653,0.260733242,0.34679442,0.317970693,0.390563545,0.456969398,0.522499263,0.52454284,0.581392266,0.645964965,0.612237297,0.603536635,0.792853701,0.655771967,0.589284934,0.476189514,0.542240752,0.543525571,0.58713087,0.572649109,0.539072665,0.574414562,0.571041913,0.578755222,16.005885
    Asia & Oceania,        Guam,All,0,0,0,0,0,0,0,0,0,0,0,0,0,0,0,0,0,0,0,0,0,0,0,0,0,0,0,0,0,0.000286036,0.000571487,0.000568556,0.00167343,0.005592362,0.007297443,0.084337047,0.179499221,0.163709781,0.183998138,0.179976338,0.177308522,0.215750514,1.200569168
    Asia & Oceania,        Hawaiian Trade Zone,All,0,0,0,0,0,0,0,0,0,0,0,0,0,0,0,0,0,0,0,0,0,0,0,0,0,0,0,0,0,0,0,0,0,0,0,0,0,0,0,0,0,0,0
    Asia & Oceania,        Hong Kong,All,0,0,0,0,0,0,0,0,0,0,0,0,0,0,0,0,0,0,0,0,0,0,0,0,0,0,0.002906961,0.002896704,0.002887912,0.005720726,0.16307294,0.46620374,0.182963308,0.283757994,1.334393136,0.251129338,0.430442753,0.459163026,0.436817318,0.465014462,0.406234291,0.414224552,5.307829162
    Asia & Oceania,        India,All,829.7003629,982.1064611,1061.683146,1165.844366,1264.10872,1354.431038,1466.869519,1514.726646,1673.587622,1753.498839,1863.817805,1947.334451,1972.446583,2006.558709,2143.905826,2283.479612,2341.4877,2443.521001,2485.724944,2490.379817,2521.37352,2610.106747,2763.228711,2898.650619,3057.321553,3237.587837,3425.275554,3558.339283,3656.375471,3774.183187,4108.587537,4231.18591,4225.128481,4289.638249,4429.49817,4534.393787,4802.939698,4934.839668,5232.630152,5369.681635,5266.318906,5564.676191,123537.174
    Asia & Oceania,        Indonesia,All,1238.01302,1269.317109,1086.40423,1127.120743,1255.70353,1228.336882,1290.705507,1291.116215,1343.611992,1444.166918,1543.237899,1715.391453,1738.299315,1798.648235,1892.78207,1959.294656,2108.112416,2115.37096,2159.794882,2294.875106,2197.509424,2148.359475,2199.282479,2271.814787,2351.258559,2457.542429,2759.909148,3021.621073,3177.964988,3275.357975,3768.889262,3620.582205,3787.965299,4314.767707,4220.012285,4213.67937,4195.479384,4176.969601,4710.702522,4997.317793,4505.694606,4769.344774,109042.3283
    Asia & Oceania,        Japan,All,687.2233165,692.7431029,737.1281523,779.278769,811.9370848,912.4577669,934.7915197,989.4057593,978.1582945,980.0610585,977.9976482,1038.998241,1018.553167,1128.106632,1095.572225,1207.493421,1235.740586,1305.012329,1334.568882,1273.883396,1269.890862,1257.73577,1171.387619,1053.340402,1172.633651,1173.211504,1242.311915,1136.374547,1064.319968,1125.44427,1189.701539,825.1934064,389.4374231,402.7730553,410.9345768,457.1900851,502.306891,586.3579617,650.8091348,716.7928527,670.173284,751.6346308,39339.06671
    Asia & Oceania,        Kiribati,All,0,0,0,0,0,0,0,0,0,0,0,0,0,0,0,0,0,0,0,0,0,0,0,0,0,0.00117228,0.001163488,0.001157627,0.001443956,0.001430182,0.002001668,0.001992876,0.002230263,0.002236124,0.003546147,0.010667748,0.013100229,0.013070922,0.01289508,0.012631317,0.012426168,0.012426168,0.105584622
    Asia & Oceania,        Laos,All,2.800859146,3.336109592,3.486553267,3.1416808,2.876071752,2.623878863,2.507294151,1.621406551,1.473493829,2.020879425,2.511854027,2.714590182,2.66419152,2.718447862,2.713263454,3.311738184,3.953895877,4.09004389,6.358755909,8.265686201,11.21340419,11.5125592,11.22798647,10.21944527,10.96228599,12.59844217,12.99612028,12.62506113,13.92421465,13.21834647,28.6022109,41.94221571,42.02624884,49.62092285,49.54423816,67.40629108,128.4615202,137.4494024,157.9402182,146.1633321,163.6274825,161.7310707,1360.203714
    Asia & Oceania,        Macau,All,0,0,0,0,0,0,0,0,0,0,0,0,0,0,0,0,0,0,0,0,0,0,0,0,0,0,0,0,0,0,0,0,0,0,0,0.538030508,0.159631712,0.237604744,0.485595889,0.566324072,0.485938488,0.489811115,2.962936528
    Asia & Oceania,        Malaysia,All,193.7018115,184.669514,207.5503177,272.8656695,383.3415035,417.999593,485.2660126,491.8944105,530.3212515,563.4774332,548.9239032,588.1795946,614.2558604,644.935245,684.9922343,760.2449765,811.2698212,874.0895979,909.6320642,898.9604474,928.6014297,923.7857753,974.407657,1029.298277,1040.361534,1090.374785,1115.875603,1111.702648,1134.109591,1111.890163,1127.013225,1097.155037,1111.230024,1133.9815,1160.258705,1173.293186,1195.963771,1245.499068,1282.115635,1294.450262,1182.939601,1203.634849,35734.51359
    Asia & Oceania,        Maldives,All,0,0,0,0,0,0,0,0,0,0,0,0,0,0,0,0,0,0,0,0,0,0,0,0,0,0.000029307,8.73E-05,0.005890707,0.0058614,0.005802786,0.006007935,0.006271698,0.011155416,0.013980904,0.022296766,0.024580074,0.035173089,0.04860097,0.072038951,0.086123016,0.107986331,0.130611921,0.582482193
    Asia & Oceania,        Micronesia,All,0,0,0,0,0,0,0,0,0,0,0,0,0,0,0,0,0,0,0,0,0,0,0,0,0,0,0,0,0,0,0,0,0,0,0,0,0,0,0,0,0,0,0
    Asia & Oceania,        Mongolia,All,38.04882882,31.02264731,38.81217477,39.22821079,39.15500747,47.02776652,50.93533184,55.9820031,62.04521813,58.0006716,51.69792372,50.74280859,45.07402972,40.54573482,37.27973665,36.10422233,36.92326887,35.48891425,36.68331195,35.94694485,37.51250486,37.15225091,40.2218529,41.13260251,49.20368847,54.31201199,58.68284097,68.02432999,74.64372243,109.2545386,187.6418165,247.0309508,229.5063472,231.9092047,193.6108095,188.4411259,278.214129,374.326068,398.2375145,435.0169903,342.1427272,401.223365,4944.186148
    Asia & Oceania,        Nauru,All,0,0,0,0,0,0,0,0,0,0,0,0,0,0,0,0,0,0,0,0,0,0,0,0,0,0,0,0,0,0,0,0,0,0,0,0,0,0.002700054,0.002668109,0.005219577,0.007713309,0.009407547,0.027711292
    Asia & Oceania,        Nepal,All,0.535816657,0.637200121,0.631133572,0.968094028,1.024983018,1.01648516,1.322528783,1.658048507,1.685289657,1.638716145,2.673546901,2.765957147,2.527048241,2.625873204,2.822126064,3.495035299,3.571170782,3.182972605,3.399866092,4.273147579,4.912834398,5.592820395,6.312600315,6.699646727,7.023570843,7.347033375,7.929494467,8.073713628,8.112202218,8.889656555,9.146422802,9.932930951,9.869517344,9.842849439,10.6175539,9.493798087,11.51767181,12.84076973,13.39493081,16.45479907,16.37694884,15.86694403,258.7037493
    Asia & Oceania,        New Caledonia,All,0.840257773,0.821007763,1.250012128,0.857102265,1.214681368,1.466555397,1.21844087,0.775588068,1.594520016,1.57757002,1.390122448,1.039882697,1.036578039,1.033270451,1.136764605,1.269297893,1.181834082,1.077524608,1.174454872,1.399568094,1.330375146,1.120468155,0.968955361,0.964383469,0.977567809,1.043224867,0.915692819,1.233995853,1.39486139,1.235676902,0.894926758,1.187394206,1.274506333,1.435360733,0.978883693,1.118136783,0.778783703,1.17193154,1.094559887,1.393626979,1.077292203,1.179365553,48.1250036
    Asia & Oceania,        New Zealand,All,93.3616312,98.81434068,107.5738328,116.0257158,126.0278004,133.0809576,154.9524088,149.5735565,161.6974814,168.9968924,171.6189917,177.9600699,175.7112585,181.4283362,186.3669493,188.4383101,194.6280012,200.8502489,190.3417555,193.3915333,195.6669543,195.9514265,202.4540997,182.2647094,184.8444829,173.7364781,177.5653114,189.144403,196.2776676,201.6736561,214.2526425,204.2656533,199.0258902,197.3556222,206.9601058,198.8323169,195.3404878,180.9499985,176.698112,175.5263334,167.05491,162.6486205,7349.329956
    Asia & Oceania,        Niue,All,0,0,0,0,0,0,0,0,0,0,0,0,0,0,0,0,0,0,0,0,0,0,0,0,0,0,0,0,0,0,0,0,0,0,0,0,0,0,0,0,0,0,0
    Asia & Oceania,        North Korea,All,265.1140055,275.3148376,288.1321779,291.6845752,298.4569191,246.0301883,246.6570905,246.8885933,293.083631,237.0830452,302.4314694,313.1625445,270.8365012,248.196817,236.646307,224.7529974,199.003604,190.1330114,173.2228167,192.0395624,203.2280873,209.4323089,202.9485528,211.7470839,223.9364279,245.0268652,245.4872237,221.5550618,233.2468213,178.9208381,183.5631032,197.1941819,201.0127774,218.3430879,216.1391473,220.589332,259.3494077,184.7451952,173.5752548,184.9348042,179.7849084,195.0284685,9628.659634
    Asia & Oceania,        Northern Mariana Islands,All,0,0,0,0,0,0,0,0,0,0,0,0,0,0,0,0,0,0,0,0,0,0,0,0,0,0,0,0,0,0,0,0,0,0,0,0,0,0,0,0,0,0,0
    Asia & Oceania,        Pakistan,All,122.6954497,132.8315808,147.5928365,149.9595505,156.8748346,170.4015737,186.8596088,199.0755841,213.6767851,224.1069325,236.9224587,256.9642985,270.0408607,273.0429144,293.5072361,300.1828218,307.4596133,311.6657947,313.64241,323.7097719,337.1460452,329.2359115,336.0881217,367.0330501,389.8636453,439.4023014,484.4140684,485.2741983,485.5876537,496.1697965,516.1840597,508.0569361,557.5710613,530.6156644,540.7261972,547.078884,542.3346902,541.5001544,573.1831435,544.0297749,530.9834878,564.8168613,15238.50862
    Asia & Oceania,        Papua New Guinea,All,0.949856575,0.940482731,0.922190181,1.17466178,1.242218225,1.273668153,1.383756967,1.322163911,1.331288059,1.375787808,1.387073934,1.511564501,33.90522024,77.94908312,67.7638145,63.70113866,66.40294923,51.33801559,51.17976892,61.89282291,46.12146249,44.50581916,37.05376474,34.71893554,31.70359956,28.73531656,33.99218524,28.21189471,29.91527734,28.40646799,23.29464169,22.51662408,21.42677558,23.41593106,85.10209184,144.6167742,156.6954969,154.8885814,133.7324501,149.1915784,154.5576418,149.0482822,2050.799119
    Asia & Oceania,        Philippines,All,28.21037485,22.76904937,30.53331713,35.83872905,44.36417227,45.09086689,44.66327072,40.72215709,45.29216026,47.01127693,45.95286635,43.65229323,45.83007354,48.02531086,50.12783577,47.99699619,49.41783941,47.22102918,49.7616662,63.28604105,67.40746952,68.23022486,88.46827482,98.52441972,111.9767706,111.9449391,115.0831807,123.2243933,130.2387829,145.1627504,146.5953836,157.5814109,155.2362993,163.1504747,159.6427565,151.0915093,181.6557433,178.1922951,189.721214,199.1108562,177.2593003,179.746872,3975.012646
    Asia & Oceania,        Samoa,All,0.021306189,0.021452724,0.036765045,0.036997157,0.048954413,0.052048939,0.061228184,0.054962934,0.054461784,0.061146125,0.060970283,0.06116957,0.075773249,0.075531466,0.075582753,0.078575584,0.090910314,0.098773089,0.113560522,0.128868154,0.104636247,0.145358031,0.184846869,0.160236023,0.146769456,0.146520347,0.148255028,0.151208001,0.153636965,0.155031685,0.152108898,0.157180182,0.103187602,0.089477788,0.089744482,0.107141703,0.12630936,0.150582004,0.173277638,0.167365829,0.164884699,0.164884699,4.451678203
    Asia & Oceania,        Singapore,All,0,0,0,0,0,0,0,0,0,0,0.518247404,1.498654475,1.485155671,1.480416729,1.481421959,1.480847542,1.484868462,1.466630716,1.464333047,1.468497572,1.464907464,2.864764525,2.82040545,2.937660413,2.812102777,2.701578753,2.945217809,3.22266835,3.604245197,3.769434395,4.35168858,4.424965458,8.969596673,12.55380966,12.47187578,12.24245297,13.12895367,16.20677803,14.36487411,16.78632718,5.962388112,6.430328878,170.8660978
    Asia & Oceania,        Solomon Islands,All,0,0,0,0,0,0,0,0,0,0,0,0,0,0,0,0,0,0,0,0,0,0,0,0,0,0,0.002906961,0.005793408,0.005775824,0.00858109,0.005718382,0.011389872,0.011155416,0.011400423,0.015268947,0.015063798,0.016558455,0.019489155,0.018404796,0.017994498,0.017730735,0.017730735,0.200963667
    Asia & Oceania,        South Korea,All,155.9110839,165.9856441,168.1695695,184.2793944,203.0620588,229.3606516,275.4326406,309.8282402,306.2177919,304.535809,293.666646,283.2739166,259.1361102,247.7820221,227.4793939,239.8033555,251.8087195,256.5837507,295.1280976,332.0719423,347.720815,354.0500116,366.5706803,399.9255101,400.6418499,439.3066972,449.3175851,437.5662984,457.4024893,451.7995179,455.7654132,476.5257496,460.3191091,430.6874244,476.231549,502.0936808,506.2299307,478.1379711,447.0026518,478.4771937,527.8941082,552.347527,14885.5306
    Asia & Oceania,        Sri Lanka,All,4.457019404,4.766746037,4.874434315,3.712054513,6.330417505,7.256234427,8.011707929,6.577231095,7.775932528,8.477910204,9.493073032,9.435406234,8.701799858,11.35388993,12.23835937,13.31856146,9.754676692,10.2155319,11.58317325,12.38033361,9.494992054,9.357423238,7.990154975,9.723952699,8.647656348,10.0630174,11.24412642,11.37535614,11.88375697,11.17829939,16.24306362,13.42296472,9.604813589,19.9367696,13.51462705,17.31802767,12.5676153,12.20964378,18.620708,14.70574764,15.06242438,15.44724141,450.3268757
    Asia & Oceania,        Taiwan,All,68.4373808,84.278952,90.07997078,106.9469417,121.6045872,135.8366361,126.8016245,143.2451506,124.6234365,123.5341129,149.0917644,129.6325312,132.027686,124.7307034,129.9897317,130.9545495,137.5701681,134.3413455,138.739154,139.5321639,140.887792,134.6190598,141.3862009,140.2253922,142.9799706,146.460778,142.6478142,145.6015137,145.4276077,146.0671908,148.0599663,150.6361858,151.9100462,155.568257,154.5264594,138.052799,129.2268743,100.9728909,116.3805529,136.5764961,132.4804794,127.8700326,5540.562951
    Asia & Oceania,        Thailand,All,8.690594912,26.66306372,38.72337603,44.67904844,57.81213645,95.88731285,97.6495709,100.9731541,122.003486,129.8494197,149.7277283,164.8955923,173.7604431,191.7945392,213.6655415,236.8264738,271.0170763,319.7212882,318.766326,332.9860121,364.0024765,373.6151145,402.0482911,448.0353605,457.4184637,501.4971263,532.0895855,552.7603982,595.7403601,626.506136,685.2687981,716.7355619,776.6607887,787.9115713,793.0690873,770.4706011,807.5075211,796.8315721,787.7940054,810.232221,715.886177,710.6038242,17108.77722
    Asia & Oceania,        Timor-Leste,All,0,0,0,0,0,0,0,0,0,0,0,0,0,0,0,0,0,0,0,0,0,0,0,0,29.67763684,53.83650474,106.4205851,114.9229277,129.5068473,127.5036649,115.5783022,117.7249667,121.6933523,110.3410856,94.44940036,109.7359503,86.04427673,75.14451664,72.36891133,68.85616142,80.93799649,73.93947493,1688.682562
    Asia & Oceania,        Tonga,All,0,0,0,0,0,0,0,0,0,0,0,0,0,0,0,0,0,0,0,0,0,0,0,0,0,0,0,0,0,0,0,0,0.002788854,0.008388543,0.011148383,0.013655597,0.013528111,0.016200323,0.018676765,0.020878307,0.025711031,0.025711031,0.156686945
    Asia & Oceania,        Tuvalu,All,0,0,0,0,0,0,0,0,0,0,0,0,0,0,0,0,0,0,0,0,0,0,0,0,0,0,0,0,0,0,0,0,0,0,0,0,0,0,0,0,0,0,0
    Asia & Oceania,        U.S. Pacific Islands,All,0,0,0,0,0,0.048987237,0.091842277,0.09160489,0.09076964,0.091719187,0.091455424,0.091754356,0,0,0,0,0,0,0,0,0,0,0,0,0,0,0,0,0,0,0,0,0,0,0,0,0,0,0,0,0,0,0.598133011
    Asia & Oceania,        Vanuatu,All,0,0,0,0,0,0,0,0,0,0,0,0,0,0,0,0,0,0,0,0,0,0,0,0,0,0,0,0,0,0,0.014295955,0.014536272,0.02285946,0.026024616,0.029072544,0.034854522,0.027489966,0.025262634,0.029072544,0.030605007,0.030151335,0.034012825,0.318212475
    Asia & Oceania,        Vietnam,All,43.72194776,50.33816537,53.22255181,53.55374084,43.6612178,48.18806142,53.00218515,57.54027856,62.09623898,72.04486588,84.56957721,111.5699657,132.7394232,146.7425381,168.2578065,215.3054185,234.012819,248.0396459,288.5538599,312.659377,349.0465242,401.6625005,423.257134,460.7585816,554.9337056,604.0734829,652.877195,662.4283835,655.5556039,719.6250882,709.5713813,757.5645213,778.8934461,761.7072762,781.4497073,803.8903723,779.9139229,811.3680208,817.1714284,796.8513282,779.2156177,795.3006588,17336.93557
    Asia & Oceania,        Wake Island,All,0,0,0,0,0,0,0,0,0,0,0,0,0,0,0,0,0,0,0,0,0,0,0,0,0,0,0,0,0,0,0,0,0,0,0,0,0,0,0,0,0,0,0
    Middle East,        Bahrain,All,64.69601548,69.47146188,71.17063925,73.4988817,70.85344372,79.76296632,86.52491475,97.39468821,87.46947057,87.41030794,91.60963382,97.68603115,84.03690959,103.0217201,102.0702613,100.6945131,97.86248127,116.563161,118.3144547,119.4445274,121.5967666,124.4332605,130.4477626,132.4951903,134.0426108,142.6515095,149.82854,154.7048327,254.7363989,254.8695371,256.7969236,260.8883344,261.9326551,288.5175731,300.2674405,300.1755,298.3089088,302.5424834,303.1708076,321.5140806,307.2036586,316.7350866,6937.416343
    Middle East,        Iran,All,1155.50527,964.604064,1503.782469,1663.647827,1552.883564,1636.03775,1483.707299,1659.971012,1670.969556,2054.56948,2242.021152,2418.995096,2498.81171,2589.67205,2683.339141,2739.4241,2826.543943,2884.53335,2900.935186,2930.374002,3048.177924,3128.333372,3061.554852,3328.872029,3534.164212,3843.170362,3844.745147,3808.129359,3914.073751,4179.909855,4294.793119,4357.167093,4030.108376,3897.911644,4119.654347,4271.069718,5018.133195,5371.691568,5382.379799,4669.529138,4577.447974,4895.367825,132636.7127
    Middle East,        Iraq,All,1597.373454,633.9841042,641.6439804,635.4053501,765.077165,905.7918265,1072.453478,1341.191122,1749.58879,1896.577528,1331.24759,202.7895406,298.4346422,354.9712129,389.3158468,396.3219726,407.3161798,763.1765035,1379.246305,1604.556901,1647.750488,1529.003014,1295.858917,833.4991813,1283.101045,1209.066874,1287.820894,1337.384673,1519.410129,1515.862833,1543.666467,1675.821336,1902.065998,1946.862752,2139.391874,2565.534436,2828.078313,2921.877776,3026.775591,3103.638778,2691.562277,2708.026427,60878.52355
    Middle East,        Israel,All,23.77237305,24.34679025,1.54653039,1.24203066,1.24496136,1.24203066,1.059330822,0.860985149,0.710550266,0.625446548,0.458260664,0.467465993,0.446313665,0.508227634,0.476794118,0.355073355,0.414793401,0.479871353,0.416429024,0.333082847,0.251010645,0.21876005,0.262124153,0.372378845,7.089513645,7.311808705,10.3158228,12.0967626,15.26822751,12.73020409,17.07279051,28.81157278,16.21949053,50.32894568,87.12474024,94.16666313,106.3327992,111.3841013,114.4952298,117.2318905,164.0777748,201.7263111,1235.896264
    Middle East,        Jordan,All,0,0,0,0,0,0,0.648076828,0.37746273,0.401138976,1.038567692,1.657481124,1.624027183,1.674769616,2.256481621,3.08003968,3.199506149,2.995473452,3.202362116,3.081952548,3.085085466,3.293618838,3.307287037,3.550850774,3.520333394,3.551060612,3.234426611,3.651839472,2.389581706,2.044947505,2.11533061,2.126687659,1.92250198,1.767645551,1.624319667,1.447204571,1.951813376,3.464577999,4.858186515,6.779017117,8.734464561,12.59436556,14.6963187,120.948805
    Middle East,        Kuwait,All,1169.383491,770.2405804,569.8613653,736.629482,808.8923814,714.8337972,985.4665427,1103.824906,1062.828978,1264.808316,818.7489521,125.8637299,715.8579538,1255.718001,1385.456693,1410.37846,1412.29128,1420.654159,1469.867505,1347.130234,1475.783368,1410.836081,1342.423884,1506.956213,1672.360356,1793.463213,1798.559545,1753.859239,1844.042213,1678.587632,1651.388486,1833.249527,1931.48405,1976.512884,1957.596343,2085.744618,2171.417482,2066.007684,2098.638697,2090.187552,1938.082664,1918.010818,60543.92934
    Middle East,        Lebanon,All,2.560350665,2.576371043,1.96999456,1.708038336,1.771537813,1.772725626,1.696020708,1.844311783,1.79723888,1.513366589,0.9054087,1.513946867,1.651856817,2.154157403,2.445857887,2.145717866,2.393971602,2.669866528,2.322013832,0.985991227,1.330375146,0.999336462,2.000520145,4.002933229,3.255346534,3.035901579,1.999989395,1.677191547,1.065639447,1.761983731,2.378846845,2.27227956,2.813953807,3.559538248,0.59643848,1.3846775,1.166123185,1.357722094,1.250062536,2.909955626,3.109983228,2.900204308,85.22774737
    Middle East,        Oman,All,187.1002547,211.3769573,216.9704913,252.0568317,276.5200259,331.4869989,375.0122899,392.8721164,413.7682055,437.7044241,465.3276138,476.4408605,504.6686674,532.4356901,557.6757442,584.5366017,605.6785997,624.5707714,643.8282285,634.8823233,711.3279307,726.5328967,727.9655304,688.4760424,661.8370723,706.4344102,723.9515089,701.97792,732.129245,772.8306604,829.8804544,837.000692,895.8960632,911.6055733,920.3328228,933.8348062,955.8271178,940.7844035,994.2556724,994.5078653,974.5472061,1025.471342,27092.32093
    Middle East,        Palestinian Territories,All,0,0,0,0,0,0,0,0,0,0,0,0,0,0,0,0,0,0,0,0,0,0,0,0,0,0,0,0,0,0,0,0,0.002788854,0.005592362,0.008361287,0.024580074,0.116341756,0.123203404,0.160823042,0.321724333,0.458365876,0.514930144,1.736711133
    Middle East,        Qatar,All,351.400839,308.3171971,273.0892303,245.7937676,319.8913546,257.0746957,258.4676917,251.5818863,290.0769848,310.5992661,335.2305189,347.0473222,404.316946,423.8065048,422.9350383,441.5334252,485.1042297,556.7252174,676.4914316,694.8152813,829.0171197,799.9161203,822.7397314,920.2257728,1084.641825,1207.832721,1278.185563,1497.287492,1730.020702,1857.894654,2280.608188,2688.664544,2882.840038,2948.507487,2864.275129,2867.245592,2893.554235,2864.23331,2853.733798,2829.171115,2848.568041,2895.194453,53398.65646
    Middle East,        Saudi Arabia,All,6574.892865,6575.57573,4426.641825,3494.097964,3308.783391,2532.552602,3527.544259,3177.287726,3767.844362,3753.82224,4665.712514,5787.236987,5976.624374,5893.094339,5975.795804,6054.605181,6100.206674,6225.8724,6276.123269,5913.65492,6328.293562,6138.518733,5940.4177,6754.941246,7217.527468,7658.115252,7430.678914,7205.21618,7694.18704,6969.121667,6838.708175,7678.445239,8036.163205,7903.510438,7961.387528,8249.616979,8546.785962,8351.013892,8552.462604,8164.978642,7811.520457,7791.575247,265231.1556
    Middle East,        Syria,All,120.4304345,119.8852648,116.9079031,121.0402927,124.899541,128.7952159,139.4573964,166.8124222,189.0118522,243.1432542,293.7782945,368.0986025,362.4032767,413.112183,417.9178188,421.5114508,443.1029596,433.3831676,440.3355977,433.8215701,428.6528311,400.4024665,416.4636363,411.0610432,404.5545991,379.438399,362.9662279,341.5006267,332.3063496,334.4334227,373.7977533,333.8749192,186.3830392,111.7812017,79.05776165,71.24436833,65.83932639,57.73676383,61.72219697,64.22904243,70.67427509,88.64640012,10874.61515
    Middle East,        United Arab Emirates,All,1139.23229,1012.295169,878.9249191,852.1919412,880.1833242,964.966989,1077.944212,1233.496843,1237.371613,1463.876455,1615.517206,1829.12845,1790.734803,1695.09294,1710.442562,1799.288234,1858.101982,1905.231763,1936.194055,1832.853833,1983.162525,1932.316947,1904.676541,2089.475899,2175.890356,2224.425863,2306.015158,2319.631765,2400.659896,2223.582579,2260.381345,2503.071949,2639.030283,2648.95246,2704.964568,2850.659284,2923.876096,2888.111167,2859.573417,3145.743231,2944.40774,2955.996996,83597.67564
    Middle East,        Yemen,All,0,0,0,0,0,0,6.110157816,12.28931164,106.2951368,118.8820417,118.1991994,120.6489235,111.7678339,134.776786,205.2986448,211.2635556,209.0655154,221.8326061,237.6652079,250.5765976,268.8299198,270.0037674,269.0739726,262.9751305,248.3341232,245.0615685,229.6047944,195.1769694,183.2067269,183.3977854,241.4272224,237.8917686,185.4492176,195.508501,180.8286089,59.73228332,17.10936857,23.36043415,31.08335969,40.54618644,38.38985885,37.6998692,5709.362957
    North America,        Bermuda,All,0,0,0,0,0,0,0,0,0,0,0,0,0,0,0,0,0,0,0,0,0,0,0,0,0,0,0,0,0,0,0,0,0,0,0,0,0,0,0,0,0,0,0
    North America,        Canada,All,2976.435757,2919.740631,2917.77522,2989.444744,3271.507214,3465.288064,3435.139683,3622.152638,3863.159864,3835.648351,3858.131339,4016.698639,4165.576042,4429.807614,4699.813005,4838.567928,4954.889504,4996.751954,4989.516091,5065.603346,5199.017403,5231.785568,5328.07408,5302.174582,5418.011147,5511.006543,5608.315656,5711.783149,5535.149127,5328.574316,5342.293611,5469.780459,5592.543479,5842.845451,6083.408268,6129.314577,6185.856639,6652.60129,6919.043114,6875.088297,6634.405781,6859.461537,208072.1817
    North America,        Greenland,All,0,0,0,0,0,0,0,0,0,0,0,0,0,0,0,0,0,0,0,0.512475683,0.511222809,0.478470185,0.542615002,0.534120075,0.563594711,0.594872607,0.569764421,0.590927592,0.58335818,0.757996248,0.83774294,0.95390182,0.953788109,1.045771645,1.092541514,1.144338999,1.074132029,1.036820701,1.1041169,1.04391534,1.285551555,1.285551555,19.09759062
    North America,        Mexico,All,1674.499103,1975.897323,2283.805701,2244.474456,2311.233944,2293.958466,2080.409079,2153.47299,2154.315425,2161.066456,2238.880262,2333.070389,2334.177868,2354.544256,2390.439219,2374.049456,2580.970943,2669.197536,2740.176161,2664.555893,2749.17429,2808.131759,2828.926671,2972.884971,3016.306392,3010.932188,3030.050217,2920.334854,2749.809642,2698.648895,2595.587605,2608.030569,2550.115733,2523.602632,2456.145068,2254.83475,2151.248897,1955.44555,1831.508128,1695.447921,1707.317357,1719.449936,100847.1289
    North America,        Saint Pierre and Miquelon,All,0,0,0,0,0,0,0,0,0,0,0,0,0,0,0,0,0,0,0,0,0,0,0,0,0,0,0,0,0,0,0.005718382,0.005694936,0.005577708,0.005592362,0,0,0,0,0,0,0,0,0.022583388
    North America,        United States,All,19678.65249,19609.16952,19496.98943,18775.92012,20163.09471,19829.49725,19644.55706,19784.09579,20189.46893,20305.21974,20710.54765,20609.00089,20489.83262,20008.6811,20715.09389,20845.82653,21228.60126,21224.16646,21343.26468,21008.92662,20887.28992,21005.92307,20706.31269,20481.13084,20564.60164,20332.34984,20713.55711,20907.15997,21436.7521,21274.68871,21953.50131,22891.07716,23227.47556,23992.33968,25719.8725,25876.93685,24718.4908,25829.43185,28078.06755,29743.88651,28062.2623,28819.69826,922883.413
    Central & South America,        Antarctica,All,0,0,0,0,0,0,0,0,0,0,0,0,0,0,0,0,0,0,0,0,0,0,0,0,0,0.005860814,0.005813923,0.005793408,0.005775824,0.011441453,0.011436764,0.011389872,0.001394427,0.001397944,0.001393548,0.002731119,0.002705622,0,0,0,0,0,0.06713501
    Central & South America,        Antigua and Barbuda,All,0,0,0,0,0,0,0,0,0,0,0,0,0,0,0,0,0,0,0,0,0,0,0,0,0,0,0,0,0,0,0.000571487,0.001423734,0.001394427,0.00167636,0.001672257,0.014624193,0.013528111,0.016587762,0.026681093,0.033927249,0.04113765,0.050187944,0.203410802
    Central & South America,        Argentina,All,468.3099357,489.8043627,506.9537966,523.2698068,543.0470863,537.7333154,540.3718184,537.5876221,558.4709697,581.9119685,590.5093323,616.7044845,668.1990177,725.9599856,787.2164846,852.6542201,886.969743,961.8002317,989.3110338,998.3349888,1023.093918,1072.383214,1047.370204,1096.42878,1128.786792,1123.656083,1140.168994,1092.281069,1074.127959,1039.368347,1019.723475,971.3067367,939.9647495,916.3830135,914.529773,920.1470331,946.6961175,947.7439893,972.4533728,1006.420442,925.8314364,947.6918691,35631.67758
    Central & South America,        Aruba,All,0,0,0,0,0,0,0,0,0,0,0,0,0,0,0,0,0,0,0,0,0,0,0,0,0,0,0,0,0,0.085810896,0.303360274,0.323187632,0.37928416,0.427815673,0.443148216,0.477945883,0.404523056,0.388030248,0.391443635,0.382887163,0.377211569,0.377211569,4.761859974
    Central & South America,        Barbados,All,0.122737716,0.122737716,0.749907516,0.749907516,1.382938716,1.377077316,1.377077316,0.969970262,1.094256853,0.997188845,1.12153405,1.110697787,1.401165325,1.325163482,1.251568623,1.325163482,1.11693461,1.030784339,1.405077224,1.701715058,1.373661585,1.146820716,0.941835835,0.941835835,0.95439154,0.913135197,0.981449228,0.831748193,0.813745782,0.804526679,0.808300541,0.81501331,0.842389564,0.878765413,0.809342405,0.858039795,0.877627422,0.875651837,0.877297718,0.904080799,0.960662359,0.996275346,41.94020085
    Central & South America,        Belize,All,0.121776446,0.122538428,0.122550151,0.123324149,0.122386032,0.122468092,0.122456369,0.122139853,0.121026187,0.12229225,0.121940566,0.122339141,0.121237198,0.120850345,0.120932405,0.241771027,0.30303438,0.323257382,0.314383223,0.345246717,0.329454641,0.322737183,0.314367983,0.229535062,0.238984811,0.242564368,1.952926456,2.404982535,2.791676677,3.026128867,3.518967688,3.326823083,2.571536854,2.269914485,2.064189016,2.023742425,2.063680247,1.655831726,1.534957935,1.665226671,1.060644069,1.412070167,40.37889329
    Central & South America,        Bolivia,All,43.35204682,39.78483893,44.42118728,44.07869572,45.89302703,44.27968869,43.4712167,43.32087941,46.21649542,49.4206564,49.96595709,49.51537486,52.11473139,50.06716882,51.94199007,57.98456565,58.94317417,59.95023596,62.06448719,54.30307922,63.35818287,81.120279,94.09114221,106.3439209,147.9279588,173.1656097,181.7801014,192.3550652,192.7536682,167.7157421,187.1740726,202.9880639,230.993851,263.337072,270.4546752,266.0862479,255.2430521,248.7509464,234.7055509,210.7632212,201.6490965,209.9417944,5173.788812
    Central & South America,        Brazil,All,580.4721745,611.0419129,685.8607464,793.4499883,963.2331599,1066.551754,1066.655609,1085.284108,1113.050349,1170.11723,1181.56625,1232.942719,1242.267704,1277.359737,1335.839389,1398.122626,1514.157664,1590.606254,1703.104522,1814.314112,1940.531636,1884.14795,2051.631196,2156.188101,2194.258363,2357.041481,2467.876488,2592.57872,2702.51156,2793.457936,2975.256918,3079.774381,3044.549935,3028.79884,3179.365253,3279.669709,3407.319199,3507.482123,3567.770695,3737.371875,3549.893639,3480.333006,86403.807
    Central & South America,        British Virgin Islands,All,0,0,0,0,0,0,0,0,0,0,0,0,0,0,0,0,0,0,0,0,0,0,0,0,0,0,0,0,0,0,0.003165156,0.003868524,0.00380991,0.00380991,0.003780603,0.004249515,0.004220208,0.004220208,0.004161594,0.004073673,0.004015059,0.004190901,0.047532437
    Central & South America,        Cayman Islands,All,0,0,0,0,0,0,0,0,0,0,0,0,0,0,0,0,0,0,0,0,0,0,0,0,0,0,0,0,0,0,0,0,0,0,0,0,0.005411244,0.024300485,0.040021639,0.044366402,0.048850959,0.053993165,0.216943895
    Central & South America,        Chile,All,79.33908746,84.08176776,76.95204081,75.46213565,77.93058014,79.10618209,75.19594632,76.29342225,74.79298415,74.92177992,87.28281575,84.85271155,94.27263753,95.90064197,95.34820004,102.2535394,97.42797188,97.50658058,84.43929235,65.69994522,81.5448457,91.59166013,101.2585539,96.01088758,94.48928718,111.0677556,115.7563534,98.01904161,104.1102138,112.4112161,99.16101348,101.0470886,94.07513971,104.7178959,114.0890324,120.5137256,121.2547129,122.2230238,131.3681061,128.6610912,122.0968153,125.0207972,4069.54852
    Central & South America,        Colombia,All,193.4824395,196.2800471,220.8985806,229.3225088,272.2063663,297.2658392,404.9957881,453.3577206,471.5718781,519.7977573,563.2245736,546.6904469,553.7530345,580.7514582,602.0965426,712.0306352,779.1983081,816.1960935,874.0052374,921.9547595,881.7774781,881.0742822,858.8410521,887.3281835,920.68665,959.9729625,1026.294382,1035.559739,1150.683914,1194.427378,1290.306899,1480.589668,1532.52879,1558.349229,1568.365529,1559.510958,1518.689035,1525.264274,1486.587298,1484.207143,1125.14455,1173.906637,37309.17606
    Central & South America,        Costa Rica,All,6.387176665,6.926486424,7.236589652,8.648100349,9.114699733,8.416619595,8.773998825,9.081098085,9.137477134,10.04936561,10.20642534,11.09921855,12.18433836,13.25728287,13.22698178,12.09761777,13.06381212,16.15089662,14.65229578,17.96062438,20.30840083,20.54393503,22.08106256,21.56196438,23.68934368,23.95646145,24.30026128,25.00599846,26.11137498,25.1368718,25.36102346,25.33677133,26.34721251,25.61930752,25.93592217,29.6464243,29.43606539,30.33240562,30.10846586,29.57863662,30.12900889,32.68312742,790.8811512
    Central & South America,        Cuba,All,7.112500297,8.967493603,10.59376746,12.04116165,14.0541613,15.84036053,16.84728369,16.97947819,15.28208709,15.44194915,16.27124259,15.69810728,17.18511339,18.37305857,21.03496649,21.72133086,25.47060468,33.30847345,29.65529787,35.62535416,38.59377403,40.87123829,39.63580639,44.63647944,46.69285169,41.81994896,41.30012718,42.42733214,49.87244871,48.85132103,50.84745187,50.41127373,50.24535274,50.40461313,51.45838735,49.65040423,46.92447429,43.10391207,41.48173182,38.18822141,36.59083429,34.86518509,1346.376962
    Central & South America,        Dominica,All,0.027402045,0.030634607,0.027577887,0.046246446,0.048954413,0.042863832,0.03979832,0.042748949,0.048410475,0.0489169,0.048776226,0.048935656,0.048494879,0.048340138,0.051396272,0.057420619,0.057576532,0.059862478,0.080687739,0.095901882,0.095667426,0.081763892,0.089442033,0.086052679,0.09980323,0.079707127,0.079069407,0.061699734,0.058624551,0.06836268,0.068334546,0.102223988,0.076414486,0.104577047,0.087394939,0.069253027,0.101073982,0.076565417,0.067177798,0.055270071,0.105873003,0.105973526,2.821264438
    Central & South America,        Dominican Republic,All,1.966690196,2.705036393,2.545980563,2.660716882,1.955116861,3.288268259,2.877724667,3.022961367,2.632319572,1.904701788,1.271230396,1.767800585,1.682166117,3.4835112,1.732356699,1.93114608,2.709127357,2.11314548,2.265233571,3.371550548,2.478384261,2.337841663,2.841275258,3.780383198,4.887422885,5.799275314,5.305204427,5.147442795,4.216351199,4.394948057,4.318807885,4.612898354,5.463365221,6.187948265,4.618217575,3.632388709,5.346309546,7.711353967,7.198558837,6.05858453,7.495295143,7.691579069,159.4106207
    Central & South America,        Ecuador,All,135.8070085,139.2416453,139.4148219,159.1633078,177.7188587,194.0310985,202.9108558,126.8053031,210.326141,195.3735989,199.9994773,209.0033333,223.7397448,240.5000764,256.0202251,269.4395338,276.7145988,270.7342183,262.5911142,263.0639539,279.4739106,288.5507205,276.0356163,287.3361637,364.8180337,366.0625558,369.3060248,361.1046859,361.7972818,342.7464649,341.8019223,356.48181,365.9344273,376.8457194,398.3797528,393.4233834,404.8073086,403.6974397,394.5988705,412.5225883,377.2862174,375.3919319,12051.00175
    Central & South America,        El Salvador,All,4.697527885,4.720794126,5.091961127,4.556824392,5.23812217,4.883415153,4.934991663,4.772614764,5.228331287,5.70799075,5.688527385,3.908735549,4.222085406,4.685972135,4.840319502,5.757172585,7.012215553,5.752784155,6.048592015,7.102733153,5.886835252,6.471763408,6.503781598,7.62449769,7.333127496,8.78885806,11.62943464,11.23778058,12.5186773,9.313628616,11.11396114,10.94310485,10.5588807,10.58634077,10.39865406,9.504295268,9.504369415,11.0135199,11.03529998,11.09160049,13.58827994,14.19371039,325.6921123
    Central & South America,        Falkland Islands,All,0,0,0,0,0,0,0,0,0,0,0,0,0,0,0,0,0,0,0,0,0.000597863,0.000606655,0.000594932,0.000741467,0.000733847,0.000732675,0.000873349,0.000870418,0.005775824,0.005720726,0.014295955,0.017084809,0.019521979,0.019573266,0.01950967,0.017466972,0.019752918,0.017554893,0.01787727,0.017496279,0.017232516,0.017232516,0.231826869
    Central & South America,        French Guiana,All,0,0,0,0,0,0,0,0,0,0,0,0,0,0,0,0,0,0,0,0,0,1.604994924,1.636789209,1.694347571,1.740685748,1.805130669,1.85754829,1.920514672,1.989771216,2.033718235,2.138674808,1.990380216,0,0,0,0,0,0,0,0,0,0,20.41255556
    Central & South America,        Grenada,All,0,0,0,0,0,0,0,0,0,0,0,0,0,0,0,0,0,0,0,0,0,0,0,0,0,0,0,0.000289553,0.000288674,0.000286036,0.004864962,0.004835655,0.007092294,0.007092294,0.007092294,0.004190901,0.006799224,0.008880021,0.009319626,0.010961111,0.010784976,0.013070922,0.095854405
    Central & South America,        Guadeloupe,All,0,0,0,0,0,0,0.091842277,0.09160489,0.09076964,0.091719187,0.091455424,0.091754356,0.090927898,0.092752552,0.092815562,0.092779514,0.093940658,0.104759337,0.119537392,0.119877353,0.376690491,0.327055569,0.381619342,0.635009423,0.686881054,0.638828711,0.651159338,0.657551781,0.609349386,0.626419541,0.623303621,0.663460072,0,0,0,0,0,0,0,0,0,0,8.233864367
    Central & South America,        Guatemala,All,4.914783314,4.386813313,5.47019932,7.084854711,5.198792176,4.139866669,8.561766909,7.881359185,7.68064492,9.136243309,9.894658647,10.31078346,9.593649381,11.32320228,12.5551358,13.0884429,15.14035961,17.21131825,21.76068694,23.79677699,23.00631884,22.38638025,19.65094898,26.68360119,24.8756884,23.56603858,26.70042311,24.81452001,24.85666552,20.82651166,21.79388591,21.77795316,24.92184986,26.26816596,27.58758615,25.94533236,27.2280977,30.82483063,29.77245729,27.15404243,29.13651298,28.5885597,767.4967087
    Central & South America,        Guyana,All,0.015210333,0.015327561,0.015327561,0.015415482,0.015298254,0.015308511,0.015307046,0.015267482,0.015128273,0.015286531,0.015242571,0.015292393,0.01515465,0.015106293,0.015116551,0.015110689,0.015151719,0.01496562,0.017930609,0.017981603,0.12257389,0.142329739,0.166958462,0.151334021,0.164381791,0.132454452,0.131685436,0.137303881,0.131111312,0.130146526,0.13509091,0.15471136,0.196351918,0.239042839,0.221721815,0.177394392,0.231060198,0.235984653,0.243865305,0.24636402,0.242712075,0.242712075,4.287213473
    Central & South America,        Haiti,All,0.697170449,0.716850099,0.790448768,0.826271301,0.850582922,0.939942603,1.022510679,1.013760782,1.004517354,1.015025672,1.121853204,1.055175089,0.963835721,0.818761089,0.698384638,0.75553446,0.815162482,0.592638534,0.905495741,0.794187462,0.83708998,0.847921847,0.766220085,0.747768105,0.754395004,0.767766616,0.779065636,0.44029899,0.516936209,0.586374456,0.500358411,0.341696174,0.613268904,0.393981914,0.250559903,0.229878247,0.19558935,0.347577796,0.528365646,0.461932538,0.280507261,0.343653589,28.92931571
    Central & South America,        Honduras,All,2.350286295,2.515101829,2.59193687,2.562057504,2.646597942,2.651434183,3.894112528,3.453504349,5.261613489,5.579583888,6.298230213,6.416687935,6.57711797,6.77064059,5.441958216,5.004660263,6.118264132,6.17780775,5.68997984,6.32353036,6.690740623,5.735585635,4.800055787,5.2225074,4.288603504,5.45055689,6.369152274,6.769596968,7.118702538,8.400886718,9.140833371,8.73887966,9.668957234,9.451091341,10.10322191,12.20810341,14.29109667,16.6231842,18.04587171,16.74435252,15.93448084,16.81307627,312.9346436
    Central & South America,        Jamaica,All,0.523639013,0.523851781,0.57292225,0.628952838,0.409993207,0.379651084,0.499009703,0.567950317,0.556720461,0.654263535,0.631042427,0.507707434,0.606185988,0.649570605,0.728617739,0.658826049,0.690918386,0.715356614,0.64251348,0.650334639,0.648744734,0.436074093,1.093852417,1.427151842,1.354373769,1.530075389,2.726089663,2.583052746,3.19103496,0.637860994,0.637599575,0.765968924,0.800401132,0.73819175,0.819406136,0.802949083,1.600569274,1.285225661,1.457198551,1.412448814,1.438740416,1.561379368,40.74641684
    Central & South America,        Martinique,All,0,0,0,0,0,0,0,0,0,0,0,0,0,0,0,0,0,0,0,0,0,0,0.044721017,0.044510006,0.044030837,0.049816918,0.093022763,0.098487932,0.095301089,0.094391986,0.071479773,0.04555949,0,0,0,0,0,0,0,0,0,0,0.681321809
    Central & South America,        Montserrat,All,0,0,0,0,0,0,0,0,0,0,0,0,0,0,0,0,0,0,0,0,0,0,0,0,0,0,0,0,0,0,0,0,0,0,0,0,0,0,0,0,0,0,0
    Central & South America,        Netherlands Antilles,All,0,0,0,0,0,0,0,0,0,0,0,0,0,0.003021259,0.021163171,0.021154965,0.021212407,0.020951867,0.020919044,0.020978537,0.089688212,0.090848769,0.089442033,0.089020013,0.088061674,0.087912208,0.08720884,0.086901116,0.086637353,0.185923608,0.194913823,0.253911452,0.26820682,0.444592758,0.521186896,0.548954985,0.476189514,0.596711914,0.776046136,0.681154759,0.61192254,0.700305712,7.185142386
    Central & South America,        Nicaragua,All,1.643982613,1.602190244,1.394008556,1.076002402,1.630793876,1.717614985,1.423555287,1.825990805,1.788161916,2.867753253,2.3930836,2.422314988,2.188331417,2.670792629,2.234226179,2.15478428,2.175786848,1.873695568,1.344795656,1.570393322,1.121401583,1.317912931,1.807623522,2.063187303,2.064459227,2.638245447,2.343883008,2.277678202,3.779913113,3.503997086,3.901837853,3.723982169,4.917836517,6.146386836,6.782531905,6.260340072,6.600271379,6.822790638,7.30766323,6.808901171,6.830060825,7.071990403,134.0911528
    Central & South America,        Panama,All,3.029189983,4.484907652,3.750036385,3.076935482,4.956634296,6.141774794,6.67081069,6.433716767,6.974134037,6.80556369,6.850011273,6.288231837,5.813323625,6.99119247,7.240827737,7.280330057,9.063758306,8.665093719,6.40122732,9.35942432,10.18858089,7.561645898,10.09204276,8.35601184,11.05174004,10.87180971,10.51157217,10.73228788,11.40436362,11.10679031,11.9342629,11.61766993,14.95383579,14.49145456,14.57229792,18.30541538,19.62621006,21.25752443,23.34915799,16.20234916,21.51293406,21.45932511,437.4364068
    Central & South America,        Paraguay,All,2.182843388,2.347963422,2.182375648,2.553074323,2.915736725,12.52204702,36.60771542,56.67719679,60.39859262,74.30415453,83.12234685,90.05007882,82.54027261,94.27139902,109.1367376,126.1435332,136.0498161,150.7209508,150.5416666,154.2504907,158.3359087,135.8689289,142.3098977,152.0923794,150.9524435,148.6655143,155.0889718,154.451022,159.1456183,156.3656489,154.0584422,163.6089897,167.5416949,168.9425408,154.4630183,152.9590674,173.0552161,162.0869248,159.3797326,131.4781398,119.5743952,102.8986627,4752.842151
    Central & South America,        Peru,All,158.0368941,163.3728838,165.0033151,147.9991437,157.7536821,164.3524802,159.7045301,150.1938559,133.6007245,125.4331201,118.9848445,112.9897559,108.4459382,124.5970881,128.8775721,129.5342197,125.659424,116.4326335,117.8522329,114.3098595,113.4509127,117.0456703,118.1453323,117.1467208,119.3321239,138.3645472,148.0884776,158.0984452,175.5939139,185.0077247,236.9396859,290.6287729,295.658612,310.2128703,322.5755036,309.7302256,320.6928568,321.6785702,327.0972053,340.3911818,307.1783086,306.4201242,7802.611985
    Central & South America,        Puerto Rico,All,0.62106017,0.379869128,0.318630393,0.33914119,0.413052858,0.560291519,0.682694256,0.784748557,0.822978073,0.831587297,0.416747005,0.364133321,0.409524002,0.363545129,0.203901108,0.262696225,0.409172318,0.305086163,0.308481086,0.475643232,0.454420275,0.402762877,0.339879727,0.305635376,0.413889866,0.405229354,0.412788509,0.475059436,0.450514238,0.499991487,0.459757959,0.432245719,0.343029057,0.819280995,0.964335112,1.059840764,1.049418902,0.996319893,0.634020018,1.218771159,1.185278534,1.264019409,23.8594717
    Central & South America,        Saint Kitts and Nevis,All,0,0,0,0,0,0,0,0,0,0,0,0,0,0,0,0,0,0,0,0,0,0,0,0,0,0,0,0,0,0,0,0.014237341,0.022310833,0.022369447,0.022296766,0.021848955,0.021644978,0.01350027,0.016008656,0.01565873,0.015426619,0.015426619,0.200729211
    Central & South America,        Saint Lucia,All,0,0,0,0,0,0,0,0,0,0,0,0,0,0,0,0,0,0,0,0,0,0,0,0,0,0,0,0,0,0,0,0,0.000279003,0.000279589,0.000557419,0.00322377,0.00351684,0.00351684,0.008440416,0.008264574,0.008118039,0.008118039,0.044306323
    Central & South America,        Saint Vincent/Grenadines,All,0.05175499,0.052078832,0.055147568,0.055495735,0.067312318,0.07960426,0.085719458,0.094658386,0.105897914,0.110063025,0.073164339,0.039760221,0.060618599,0.069488948,0.063489513,0.063464895,0.06363722,0.062855602,0.065745565,0.065932544,0.074740177,0.057537554,0.065590824,0.062314009,0.079255506,0.07619058,0.066746693,0.065137152,0.067681,0.065788354,0.074338964,0.071186703,0.069721353,0.06431216,0.034281277,0.048887007,0.045454571,0.056161004,0.066702732,0.070464285,0.110557434,0.110557434,2.889496703
    Central & South America,        Suriname,All,2.688215933,2.527355672,3.220006688,2.20133464,2.588464577,3.622349303,3.66547807,2.337332015,3.50134832,6.027756789,6.206663422,6.626867482,7.745289421,7.76140622,8.479800212,8.617577694,8.964782412,7.238717926,8.599848131,10.69014265,8.902306922,8.956674338,8.970380635,8.992597393,9.02232319,9.167026502,10.34822111,11.64871601,13.23271686,13.28635307,14.24374213,13.75357083,13.03413615,12.46153891,11.69808541,12.13625554,12.98661924,13.3929523,13.56879664,13.41195144,13.13336906,12.73233559,372.3914068
    Central & South America,        The Bahamas,All,0,0,0,0,0,0,0,0,0,0,0,0,0,0,0,0,0,0,0,0,0,0,0,0,0,0,0,0,0,0,0.001429595,0.001708598,0.002508679,0.005592362,0.005574191,0.005462239,0.005411244,0.00556833,0.005509716,0.009114477,0.008967942,0.008967942,0.065861914
    Central & South America,        Trinidad and Tobago,All,161.1986695,179.4887151,147.2611448,142.0254733,168.6662631,178.950638,154.8673171,145.0365773,148.6729594,148.9107898,150.9455766,160.3160596,150.4154294,156.6625368,164.6763437,170.2814847,180.4628362,184.3356475,183.4177165,214.0196457,238.9022438,246.9696857,276.5122988,384.4001541,388.2752897,440.7654259,502.5170245,516.4501092,518.3457191,529.0677205,544.4217305,511.430641,499.2830695,522.591399,514.0482233,481.4810343,448.2024687,414.0244202,431.8861493,434.2849469,379.6739238,324.5576999,12838.7032
    Central & South America,        Turks and Caicos Islands,All,0,0,0,0,0,0,0,0,0,0,0,0,0,0,0,0,0,0,0,0,0,0,0,0,0,0,0,0,0,0,0,0,0,0,0,0,0,0,0.002668109,0.002609788,0.002571103,0.003135849,0.010985758
    Central & South America,        U.S. Virgin Islands,All,0,0,0,0,0,0,0,0,0,0,0,0,0,0,0,0,0,0,0,0,0,0,0,0,0,0,0,0.076227214,1.222977007,0,0,0.001963569,0.002467649,0.003487533,0.020016681,0.036252759,0.036066073,0.019547769,0.03735353,0.036537037,0.035995444,0.043914488,1.572802943
    Central & South America,        Uruguay,All,6.84688275,7.719923041,7.417351125,21.93626869,21.51852408,19.54590742,22.09419034,21.94242463,16.2296117,11.80425939,21.33045344,18.6811868,23.96859397,22.00684786,22.52366039,17.64928499,17.42750719,19.31163547,27.20969876,16.45916054,20.9750832,27.68162001,28.26666392,25.17485954,13.99887071,19.50771893,10.4941304,23.53571903,15.29438079,17.70278784,28.10622598,22.10546152,19.31419924,27.64863791,34.61294238,35.16942399,36.55370203,38.36203566,38.25583472,41.63297323,32.73770936,35.07704539,955.8313984
    Central & South America,        Venezuela,All,1690.071348,1660.977116,1538.810667,1474.73255,1481.783651,1411.939616,1528.297264,1515.529928,1637.217025,1691.612796,1849.672588,2041.691247,2040.387899,2131.372406,2260.116164,2371.361309,2529.05948,2777.631142,2766.777859,2500.612515,2744.16176,2702.620381,2388.919753,2148.179292,2365.432942,2350.783396,2334.19177,2259.1137,2258.303726,2218.461737,2126.743669,2211.234145,2222.634762,2209.604812,2153.410446,2172.078703,1999.156649,1812.503699,1418.980131,944.0150229,679.493723,732.6815457,83352.36034
