Continent,country,Energy,1980,1981,1982,1983,1984,1985,1986,1987,1988,1989,1990,1991,1992,1993,1994,1995,1996,1997,1998,1999,2000,2001,2002,2003,2004,2005,2006,2007,2008,2009,2010,2011,2012,2013,2014,2015,2016,2017,2018,2019,2020,2021,Consumption
Africa,        Algeria,Neuclear & Renewables,0.763831369,1.125703363,1.425880398,0.700196164,1.649382556,1.918970977,0.738992294,1.448922797,0.576656523,0.753941447,0.320709889,0.227941108,-0.336163881,-0.141258816,-0.627579923,0.302796162,0.540410665,0.464324425,0.88180401,0.713231734,0.430674254,0.849373012,0.840528514,1.300417798,1.222386624,2.424231897,1.558445904,1.862315325,2.001816434,2.717558006,3.237721785,4.874850788,5.130418866,3.045366992,2.449075074,1.860150055,1.479374287,3.606464336,4.352909671,4.929882634,3.620048402,4.993641485,72.2363454
Africa,        Angola,Neuclear & Renewables,1.613153106,1.623246663,1.837814079,1.849419223,1.835352,1.8365826,2.02004748,2.01482622,1.99645512,2.038736192,2.188310348,2.18628982,2.521131392,2.661093097,2.678012968,2.692081656,2.77513192,2.591426194,3.134119329,2.65165293,2.698970379,3.048761983,3.374139948,3.645982125,5.085814304,6.436566279,7.666732346,7.158941664,8.959049866,8.75919984,10.50787541,11.32452266,10.45012862,13.23395854,14.05475292,13.9171903,16.04124077,21.03919375,26.70406219,28.94085818,31.28799211,30.1209901,329.2018066
Africa,        Benin,Neuclear & Renewables,0.116966772,0.135961376,0.165952856,0.181948312,0.15995456,0.166952572,0.16495314,0.168952004,0.16995172,0.18494746,0.188946324,0.202942348,0.237932408,0.23993184,0.241931272,0.25492758,0.275073674,0.275010386,0.260006735,0.305008312,0.375872706,0.425935858,0.44283727,0.52578557,0.580770536,0.597760727,0.592738707,0.581731576,0.664699214,0.868613736,1.008572804,1.01455938,1.101476072,1.082285158,0.944306184,1.06408517,1.115740484,1.127201765,1.306409941,1.111719938,0.661964645,0.664535134,21.95785452
Africa,        Botswana,Neuclear & Renewables,6.45E-39,0.00999716,0.081976712,0.15995456,0.185947176,0.222936668,0.23993184,0.071979552,0.071979552,0.06498154,0.083976144,0.105969896,0.07997728,0.158954844,0.30991196,0.33990344,0.68480546,0.747787568,0.688804324,0.8497586,0.985719976,1.182664028,1.472581668,1.873467784,1.90945756,1.9744391,2.206373212,2.518284604,2.727225248,2.792206788,2.98415226,3.138108524,3.27385894,2.82379043,1.691881034,1.475774489,1.66305628,1.301131253,1.205118962,1.761397042,1.852590948,1.852590948,49.82540565
Africa,        Burkina Faso,Neuclear & Renewables,0,0,0,0,0,0,0,0,0,0,0.027430074,0.039750724,0.06060412,0.141965239,0.217626336,0.284013104,0.34537668,0.344127035,0.233042238,0.368534814,0.289922621,0.227142097,0.301232714,0.35397623,0.390944626,0.416676472,0.371357869,0.443403639,0.524203663,0.519102533,0.733128778,0.751270166,0.810301755,0.855728475,0.769672617,0.73230369,1.048792328,1.071723387,1.442678381,1.645318646,1.544659668,1.663257571,18.96926858
Africa,        Burundi,Neuclear & Renewables,0.045076292,0.047113814,0.043115536,0.106884056,0.15428794,0.182792738,0.212693974,0.29895669,0.323564588,0.32476706,0.342108558,0.359345748,0.338134892,0.361208056,0.38756282,0.382497436,0.3894556,0.39407914,0.354653353,0.325623206,0.322902994,0.380132926,0.410556874,0.348647732,0.327104028,0.349302001,0.342355264,0.412915524,0.396460058,0.435135472,0.514887728,0.483288264,0.50883552,0.516706672,0.508938656,0.497351385,0.51924288,0.6398534,0.536871518,0.707907045,0.700921046,0.700921046,15.93515982
Africa,        Cabo Verde,Neuclear & Renewables,0,0,0,0,0,0,0,0,0,0,0,0,0,0.006041074,0.01511294,0.018128496,0.02120734,0.020946863,0.023901768,0.023969744,0.023911144,0.018165414,0.017884134,0.014833125,0.017608128,0.017578242,0.020343869,0.020272084,0.017323332,0.02001776,0.011434032,0.0711697,0.197961348,0.232027579,0.2507787,0.232089695,0.224513008,0.202455675,0.237405008,0.216560695,0.187645697,0.187645697,2.568932291
Africa,        Cameroon,Neuclear & Renewables,4.108974572,5.482286375,6.211811253,6.173977628,6.44208552,7.024928445,7.030377366,7.024416867,7.529055748,7.953210752,7.951673674,8.078570216,7.951260544,7.931930162,8.043106668,8.2333586,8.60109118,9.159763949,9.217119285,9.890515618,10.18614734,10.41180979,9.38917035,10.36242113,11.38952413,10.93952594,11.19784675,11.03090971,12.09746018,11.37008768,12.05833003,12.40069379,12.88369609,12.87029397,12.8142923,11.82838422,11.76002644,13.66402013,13.33743882,14.00425291,14.04046946,12.92372047,413.0000366
Africa,        Central African Republic,Neuclear & Renewables,0.200883144,0.199077385,0.208285496,0.197271333,0.21106548,0.18365826,0.232611528,0.222851991,0.223844968,0.226186624,0.231631736,0.2293311,0.233325862,0.232581349,0.238784452,0.24171328,0.24539922,0.248369947,0.242005401,0.242693658,0.248078119,0.248260658,0.244416498,0.246229875,0.363901312,0.389651031,0.403971113,0.393857632,0.392662192,0.3860568,0.38332604,0.416485143,0.41655517,0.384103369,0.469234812,0.45981076,0.458222993,0.405991055,0.4001208,0.39137475,0.38557335,0.38557335,12.76502933
Africa,        Chad,Neuclear & Renewables,0,0,0,0,0,0,0,0,0,0,0,0,0,0,0,0,0,0,0,0,0,0,0,0,0,0,0,0,0,0,0,0,0.025093692,0.0254324,0.025356513,0.0254031,0.049501178,0.049399214,0.050681968,0.049574135,0.048839291,0.048839291,0.398117559
Africa,        Comoros,Neuclear & Renewables,0.0060944,0.0061237,0.0061237,0.006153,0.00611784,0.006121942,0.006121356,0.006105534,0.006049864,0.006113152,0.006095572,0.006115496,0.006060412,0.006041074,0.006045176,0.006042832,0.00605924,0.005984818,0.005975442,0.005992436,0.005977786,0.006055138,0.008942067,0.0118665,0.01467344,0.014648535,0.014531335,0.01448006,0.01443611,0.0142984,0.01429254,0.01423394,0.008364564,0.005591026,0.00557286,0.005460934,0.005409952,0.00108117,0.00106652,0.001043666,0,0,0.30357144
Africa,        Congo-Brazzaville,Neuclear & Renewables,0.308322728,0.331392962,0.558958737,0.762845424,0.83858944,0.965535792,0.940043034,0.987468893,1.014088236,1.262217044,1.492172234,1.524351252,1.383686054,1.182259395,1.076173764,1.166420108,1.48632454,1.454580334,1.138801635,0.9489977,1.132682916,1.252054339,1.568316488,1.364583919,1.36352824,1.446208445,1.480389532,1.410348468,1.507035538,1.3749904,1.498644604,2.256312132,2.749331512,2.724316051,2.621654125,2.950753776,3.020458476,3.217695528,2.923809496,2.191290744,2.319166785,2.318575511,65.51537662
Africa,        Congo-Kinshasa,Neuclear & Renewables,13.42353042,13.25815155,13.15667833,14.32481043,14.83207137,15.82144213,16.50033631,16.41249403,16.38976222,18.33089483,17.72198985,15.8006696,16.93237331,15.16978581,14.81967396,16.9939789,17.08294542,14.46636108,13.57985442,15.0123572,16.52538371,16.71538103,16.71656094,16.7628564,19.16975471,19.77899811,20.32852957,21.09530149,20.79770842,21.30067105,21.37292485,21.88724767,21.51740666,23.35967464,25.40258959,23.70267684,23.98006229,26.01806422,28.00639094,29.03457247,30.9471666,28.55322797,803.0033111
Africa,        Côte d’Ivoire,Neuclear & Renewables,4.093756152,5.286271719,5.302093426,3.288883687,1.12874148,4.113945024,3.608539362,3.712164672,3.711591564,3.82072,3.989551874,3.797723016,3.145353828,3.283323719,3.512247256,5.369811,4.948362144,4.655139464,3.479432135,3.910801092,3.98095877,4.239456262,3.538384028,4.054834618,3.671345084,2.771663093,3.280752937,4.380803857,4.826837757,5.551492096,4.239145096,4.411821716,4.352625168,3.630689576,4.409106778,2.81552783,2.881422651,3.649851776,6.787013324,7.865300497,7.396651392,7.243337091,178.1374737
Africa,        Djibouti,Neuclear & Renewables,0,0,0,0,0,0,0,0,0,0,0,0,0,0,0,0,0,0,0,0,0,0,0,0,0,0,0,0,0,0,0,0,0.001394094,0.00139761,0.346295235,0.315575943,0.45072483,0.509405405,0.528518088,0.532458645,0.532419969,0.532985459,3.751175571
Africa,        Egypt,Neuclear & Renewables,29.37786182,30.70719989,31.57365656,30.98658213,30.14062227,24.3953054,24.08216605,24.80833842,23.52339249,24.07348446,29.30364316,25.81134305,25.43817855,31.24088474,29.58186776,30.47979849,31.56615781,32.46109115,34.08693145,43.04456232,38.19273166,43.33384503,35.14934037,35.64612714,34.66224545,34.67600121,35.60289616,43.71371015,41.36945729,36.73758935,39.14276482,39.58160469,39.83240566,41.00410622,42.3131347,42.49558638,42.33897642,41.69365359,45.94705958,54.00232194,53.74229352,59.36564211,1507.226562
Africa,        Equatorial Guinea,Neuclear & Renewables,0.0060944,0.0061237,0.0061237,0.006153,0.00611784,0.006121942,0.006121356,0.006105534,0.006049864,0.006113152,0.006095572,0.006115496,0.006060412,0.006041074,0.006045176,0.006042832,0.00605924,0.008977227,0.008963163,0.008988654,0.041844502,0.042385966,0.041729646,0.04153275,0.041085632,0.041015898,0.040687738,0.040544168,0.150135544,0.14870336,0.080038224,0.079710064,0.22305504,0.701673763,1.05605697,1.275128089,1.274043696,1.182341142,1.181690096,1.16890592,1.257123239,1.13101516,11.37096873
Africa,        Eritrea,Neuclear & Renewables,0,0,0,0,0,0,0,0,0,0,0,0,0,0,0,0,0,0.002992409,0.002987721,0.002996218,0.002988893,0.003027569,0.002980689,0.002966625,0.002934688,0.002929707,0.005812534,0.005792024,0.011548888,0.01143872,0.011434032,0.01423394,0.01394094,0.016773078,0.01671858,0.019113269,0.018934832,0.021595272,0.032009664,0.033919145,0.038557335,0.043698313,0.342325085
Africa,        Eswatini,Neuclear & Renewables,0.383504184,0.395092041,0.287924068,0.200353693,0.39460068,0.566279635,0.562133978,0.758599561,0.836765808,0.963191792,0.873147032,0.974563708,1.178940584,1.139997954,1.187398908,1.246279016,1.200998796,1.236233218,1.236271308,1.208061854,1.692836507,1.759019054,1.982106617,1.71942655,1.58014314,1.927238265,1.950021359,2.054245268,1.911943372,1.972542804,1.883142644,1.989090272,1.964923632,2.193215461,2.103439968,1.898564699,1.886010528,2.080451188,2.150772067,2.124641448,2.084456791,2.055024355,59.79359469
Africa,        Ethiopia,Neuclear & Renewables,1.439663118,1.537490251,1.758175507,1.920313503,2.08924236,2.286545337,2.512816638,2.704751562,2.891834992,3.038236544,3.315991168,3.354349556,3.415042162,3.778691787,4.05026792,4.272282224,4.5292819,4.63823395,4.747488669,4.820914762,5.018351347,6.106909342,6.104451072,6.838070625,7.46878096,8.373102606,9.535462027,9.83196074,9.603188977,10.18732403,14.17934297,17.55104721,20.49913204,23.54803584,25.62420044,27.64818027,32.41787131,34.01782857,35.76050233,35.95530338,34.94178034,35.96361169,480.276052
Africa,        Gabon,Neuclear & Renewables,0.782227081,1.249593725,1.47637719,1.66755969,1.84758768,2.02024086,2.03535087,2.039248356,2.023679508,2.118207168,2.136497986,2.164885584,2.169627496,2.147601807,2.260895824,2.392961472,2.32977778,2.417866472,2.423041731,2.48686094,2.397092186,2.652150444,2.745214569,2.66402925,2.614807008,2.375992377,2.740609781,2.3168096,2.578289246,2.69953792,2.592666756,2.394148708,2.53725108,2.808934451,2.611460948,2.851664399,2.933858224,2.973636197,2.924890373,3.118970936,3.080310465,3.152380847,99.95479528
Africa,"        Gambia, The",Neuclear & Renewables,0,0,0,0,0,0,0,0,0,0,0,0,0,0,0,0,0,0,0,0,0,0,0,0,0,0.002929707,0.002906267,0.005792024,0.005774444,0.008865008,0.0094346,0.010255,0.0086435,0.0086728,0.008637933,0.0084677,0.0083798,0.0083798,0.0082626,0.0080868,0.0079696,0.0079696,0.129409017
Africa,        Ghana,Neuclear & Renewables,15.61860673,15.88617374,14.61354641,7.635095378,5.25306808,8.900745796,13.15839384,13.84423271,14.27102794,15.54703005,17.07171415,18.36387931,19.5235065,18.52798509,17.92536144,18.01233088,19.58835795,19.93761923,11.82929603,15.30965375,19.80910122,19.9997279,15.33732174,11.79207566,15.596574,16.54422303,16.07166149,10.90419072,17.49060277,18.96061366,18.91402666,20.74393003,21.7833862,22.33648406,22.72894994,15.49738618,15.5731633,15.3387384,15.59172544,17.80324168,17.20199894,17.32958198,684.1663303
Africa,        Guinea,Neuclear & Renewables,0.450465232,0.453283892,0.453327549,0.471601959,0.4741326,0.492816331,0.498890514,0.503706555,0.508188576,0.51961792,0.527266978,0.538163648,0.539376668,0.54369666,0.550111016,0.577090456,0.5907759,0.852836565,0.917230347,1.171521238,1.213490558,1.653052674,1.755625821,1.1747835,1.611143712,1.432626723,1.325257752,1.543574396,1.512904328,1.481028272,1.380373396,1.178285436,1.35756862,1.347437266,1.18980561,2.462881234,2.988565719,3.328514281,2.032677538,3.420615315,6.403088099,5.194958269,58.62235971
Africa,        Guinea-Bissau,Neuclear & Renewables,0,0,0,0,0,0,0,0,0,0,0,0,0,0,0,0,0,0,0,0,0,0,0,0,0,0,0,0,0,0,0,0,0,0,0.000835929,0.002730467,0.002704976,0.002699409,0.005334944,0.00521833,0.005140978,0.005140978,0.029806011
Africa,        Kenya,Neuclear & Renewables,3.920769245,4.920167633,5.174296788,5.920834125,5.889928192,6.778384474,7.139475916,7.281166907,8.584661205,9.134037377,9.375085254,10.04001272,9.977424106,10.71062115,10.60492023,11.17887002,11.77177457,11.26049103,11.36113331,8.839160126,6.347719889,9.786613716,11.52028388,13.038362,12.44683748,12.6486679,13.25894822,13.83866073,11.90160228,10.63607463,14.50826359,14.68779202,17.14962021,17.09968041,18.92993275,23.336048,22.51753521,22.70709507,26.19238428,26.92312774,28.03254031,28.11826771,545.4892721
Africa,        Lesotho,Neuclear & Renewables,0,0,0,0,0,0,0,0,0,0,0.191945472,0.205941496,0.240931556,0.280920196,0.30991196,0.323907984,0.33490486,0.317909688,0.208940644,0.63924689,0.860201413,0.879652511,0.91664171,0.961853661,0.890497027,1.335438037,1.554582113,1.645878862,1.73232441,1.975338024,2.17924903,1.61566353,1.643977292,1.722408997,1.719733907,1.712384881,1.785072907,1.842891183,1.836552421,1.847808016,1.829361029,1.819247841,37.36131955
Africa,        Liberia,Neuclear & Renewables,1.007459697,0.961697199,1.004671802,0.986356958,0.68213916,0.792791489,0.96411357,0.964674372,0.971003172,0.950595136,0,0,0,0,0,0,0,0,0,0,0,0,0,0,0,0,0,0,0,0,0,0,0,0,0,0,0,0.008098227,0.010669888,0.01043666,0.010281956,0.010281956,9.335270949
Africa,        Libya,Neuclear & Renewables,0,0,0,0,0,0,0,0,0,0,0,0,0,0,0,0,0,0,0,0,0,0,0,0,0,0.046986652,0.032990628,-0.026992332,-0.047986368,-0.028991764,-0.064825664,-0.047900812,0.066503968,0.085346212,0.110266448,0.021843736,0.397533024,0.323509504,0.486207716,0.796652936,1.279206356,1.367645476,4.797995716
Africa,        Madagascar,Neuclear & Renewables,0.444377864,0.465534808,0.692243265,0.755179372,0.77084784,0.780547605,0.814140348,0.873091362,0.9074796,0.959764864,1.030151668,1.015172336,1.036330452,1.039064728,1.048838036,1.114902504,1.27547002,1.34658405,1.4938605,1.54305227,1.61400222,1.598556432,1.594668615,1.7918415,1.860592192,1.877942187,1.833854477,2.061960544,1.997957624,2.09900512,2.056553522,1.997221022,2.141105411,2.312951669,2.529047373,2.616087711,2.490119686,2.225878808,2.672246728,2.435412777,1.819281536,1.911081366,64.9440026
Africa,        Malawi,Neuclear & Renewables,1.178950253,1.158775152,1.23952478,1.364488108,1.417339448,1.437656654,1.547703352,1.70244427,1.703036716,1.730022016,2.124306842,2.271906764,2.327198208,2.328834027,2.451318868,2.513818112,2.56305852,2.591426194,2.972782395,2.882361716,3.1649274,3.2758865,3.388506617,3.48205302,3.795857778,3.94510729,4.008470298,4.072273685,4.513044133,4.370453632,5.070348592,5.216168539,5.321074259,5.355477733,5.643149528,5.528106301,5.441592191,5.148876694,3.884481488,3.943427228,3.893189741,3.147384611,135.1168097
Africa,        Mali,Neuclear & Renewables,0.252625772,0.251143778,0.32161731,0.376048506,0.40683636,0.407109143,0.483587124,0.48844272,0.502138712,0.513504768,0.551649266,0.556510136,0.630282848,0.658477066,0.66496936,0.673775768,0.6362202,0.679276843,0.68717583,0.68913014,0.696412069,0.708451146,0.505398923,0.49424705,0.527859424,0.909192771,1.033203849,1.101096344,1.318585556,1.676074856,3.040509345,3.375190353,3.571410988,3.220284183,4.101689713,3.11787453,3.814754813,3.814845936,3.527217798,2.368069364,2.328548938,2.459643877,58.14108377
Africa,        Mauritania,Neuclear & Renewables,0.0760921,0.09188187,0.116394836,0.120212333,0.11012112,0.094890101,0.055092204,0.076319175,0.0756233,0.0764144,0.07619465,0.0764437,0.078785356,0.078533962,0.084632464,0.084599648,0.08482936,0.08977227,0.083656188,0.08988654,0.097644008,0.104936778,0.105442203,0.198809583,0.198106676,0.277017729,0.273184117,0.238561186,0.277003958,0.423033986,0.446554268,0.497046372,0.517154376,0.758212801,0.804321918,1.057516696,1.01450664,1.100856963,1.353259469,1.391311965,1.436348409,1.482393066,15.77359904
Africa,        Mauritius,Neuclear & Renewables,0.249582088,0.180701011,0.284861046,0.107882893,0.1988298,0.348950694,0.333613902,0.424334613,0.299468268,0.449316672,0.256014024,0.226273352,0.339383072,0.311115311,0.2266941,0.404869744,0.30902124,0.275301628,0.310722984,0.92882758,1.509390965,1.57433588,1.535054835,1.622743875,1.676880606,1.592002901,1.442293086,1.515830519,1.713277652,1.73868544,1.866605724,1.568580188,1.578114408,1.660534722,1.660154994,1.85671756,1.793399088,1.681731807,1.727854988,1.83685216,1.729939097,1.774304278,43.12104909
Africa,        Morocco,Neuclear & Renewables,4.682196549,3.429033205,1.969876211,1.697449792,1.296457903,1.6700414,2.118498703,2.724107728,3.024656873,3.705354473,3.917124325,4.582664449,4.036349834,2.839444541,3.883464778,2.070887668,6.11830294,6.294312142,5.960201019,4.247398906,4.315824075,4.683031892,4.437908385,6.294025881,6.767890386,4.244470957,5.400961881,6.886082484,7.776714877,13.00941448,15.63618174,12.22967467,11.54621701,17.06973318,16.07681829,17.03592127,17.85239858,18.56365169,20.79179392,18.92061007,18.27583369,22.00230584,340.0852881
Africa,        Mozambique,Neuclear & Renewables,40.80277449,10.25092144,8.790563732,15.60060539,1.465587172,0.585048043,0.421219144,0.403172688,0.473129368,0.4777365,1.181335566,1.361370588,1.300634032,1.809781597,1.798976636,1.7328606,1.9979963,3.096601851,4.127830587,17.34078191,22.09262749,29.96615923,31.11989772,29.76019752,32.87542157,36.18950472,39.47831516,42.39319255,40.33883008,43.75535424,43.72443571,44.63766045,40.76231705,39.78160386,42.82108155,43.54755952,38.80565133,36.17919112,35.67203625,36.7413377,36.72769416,37.9449439,940.3339405
Africa,        Namibia,Neuclear & Renewables,0,0,0,0,0,0,0,0,0,0,0.585833576,0.6498154,0.553842664,0.950729916,0.78477706,4.187757584,3.62972502,3.072055776,3.512777586,4.199416054,4.657664538,4.905156364,5.55572243,5.767660757,6.196976956,6.479174339,6.535327789,6.525105312,6.363830494,6.125507224,5.937448104,6.29499952,6.612223588,6.410044798,6.980849232,6.758687549,6.780233304,7.378599662,7.03799771,6.741161168,7.05474266,6.041969994,161.2678141
Africa,        Niger,Neuclear & Renewables,0.087975008,0.11996592,0.133961944,0.140959956,0.128963364,0.128963364,0.156955412,0.177949448,0.181948312,0.18494746,0.186946892,0.187946608,0.18994604,0.192945188,0.196944052,0.18994604,0.1999432,0.195944336,0.21493894,0.1499574,0.203942064,0.21993752,0.210940076,0.23493326,0.293916504,0.337904008,0.397886968,0.447872768,0.45986936,0.532848628,0.548844084,0.606827612,0.656336408,0.621193988,0.754657832,0.811813049,0.813943452,0.885251155,1.114421984,1.176721402,1.225927822,1.276484972,17.1805238
Africa,        Nigeria,Neuclear & Renewables,8.235914732,7.174879692,7.320810686,5.625798361,7.748072662,9.007053228,10.9658892,9.890357984,11.96874264,12.50294024,13.20234707,17.91785098,18.07520399,16.56131049,16.54239793,16.45161012,16.4962809,16.56896863,17.06180635,18.22198058,17.01170746,17.72564415,24.30733421,21.87447024,23.5748972,22.56753302,18.05663687,17.89156214,16.39075929,12.85998096,18.0800631,16.62239513,15.72259213,14.8581516,14.87396334,15.59312364,21.96843563,20.83546938,20.64810057,22.1571622,19.91994283,20.73356427,671.8137052
Africa,        Reunion,Neuclear & Renewables,0.919192861,1.133210023,1.29259587,1.319252424,1.23580368,1.478448993,1.521156966,1.599649908,1.264421576,1.503835392,1.657995584,1.394333088,1.48480094,1.489124741,1.490135884,1.501643752,1.51481,1.612908451,1.646234271,1.656908554,2.435947795,2.446275752,2.41435809,2.3851665,2.556113248,2.475602415,2.493577086,2.617994848,2.624484798,2.43358768,2.598383772,2.36283404,0,0,0,0,0,0,0,0,0,0,58.56078898
Africa,        Rwanda,Neuclear & Renewables,0.385835292,0.369445751,0.434374551,0.474434683,0.50248328,0.512872474,0.475035626,0.516649244,0.522158816,0.5416691,0.511882134,0.515408096,0.524132464,0.471139605,0.482520604,0.486381172,0.441141972,0.495780612,0.547015764,0.43950293,0.424740711,0.390419277,0.42007117,0.465061613,0.360481416,0.280335954,0.175326805,0.207084489,0.281772533,0.34552318,0.397702671,0.449324583,0.472744952,0.513300254,0.67569902,0.912769715,0.904006671,1.048466219,1.067448224,1.23198003,1.525797793,1.335626729,23.53554818
Africa,        Saint Helena,Neuclear & Renewables,0,0,0,0,0,0,0,0,0,0,0,0,0,0,0,0,0,0,0,0,0,0,0,0,0,0,0,0,0,0,0,0,0,0,0,0,0,0,0,0,0,0,0
Africa,        Sao Tome and Principe,Neuclear & Renewables,0.0213011,0.0214476,0.0244948,0.0184883,0.02447136,0.024487768,0.021424746,0.024422136,0.024199456,0.024452608,0.024382288,0.024461984,0.024241648,0.024164296,0.024180704,0.024171328,0.02423696,0.023939272,0.020914047,0.026965962,0.02988893,0.012110276,0.017884134,0.020766375,0.017608128,0.011718828,0.023250136,0.02896012,0.023097776,0.02001776,0.01429254,0.017080728,0.016729128,0.016773078,0.01671858,0.021843736,0.018934832,0.018895863,0.018672304,0.02609165,0.02570489,0.02570489,0.913604472
Africa,        Senegal,Neuclear & Renewables,0,0,0,0,0,0,0,0,0,0,0.134102584,0.134540912,0.133329064,0.135924165,0.13601646,0.138985136,0.14239214,0.143635632,0.146398329,0.1498109,0.158411329,0.187709278,0.780940518,1.15698375,0.98312048,0.934576533,0.831192362,0.634226628,0.77954994,1.068239324,1.170509216,1.159358808,1.26578344,1.322683747,1.354461648,1.419631294,1.520332464,1.767371312,2.115516842,2.258908698,2.988079632,3.276931338,30.5296539
Africa,        Seychelles,Neuclear & Renewables,0,0,0,0,0,0,0,0,0,0,0,0,0,0,0,0,0,0,0,0,0,0,0,0,0,0,0,0,0,0,0,0,0,0.019568591,0.02229144,0.024574203,0.024344784,0.02699409,0.032009664,0.122630755,0.167081785,0.200446867,0.639942179
Africa,        Sierra Leone,Neuclear & Renewables,0,0,0,0,0,0,0,0,0,0,0,0,0,0,0,0,0,0,0,0,0.044833395,0.045413535,0.047691024,0.047466,0.046955008,0.052734726,0.011625068,0.052128216,0.051969996,0.05147424,0.351596484,0.4270182,0.323429808,0.293528865,0.34273089,0.352230243,0.354351856,0.37791726,0.479990256,0.495590162,0.488243773,0.488243773,5.227162778
Africa,        Somalia,Neuclear & Renewables,0,0,0,0,0,0,0,0,0,0,0,0,0,0,0,0,0,0,0,0,0,0,0,0,0,0,0,0,0,0,0,0,0.011152752,0.011182052,0.011424363,0.0142105,0.032459712,0.046429952,0.045880577,0.044877638,0.077628885,0.091200938,0.386435063
Africa,        South Africa,Neuclear & Renewables,3.019335407,5.071880396,3.112031817,1.834007423,13.5674529,17.96264276,31.55468833,23.56216899,41.25625528,41.95478134,27.25668598,31.31449454,27.7777979,18.36362528,28.06290536,31.87366922,33.96022741,38.81731273,45.20575083,44.91424542,47.19991439,41.44393672,48.50863083,42.04018176,43.91868768,38.91830192,37.19487006,40.50325172,41.09399334,38.99153639,45.77715738,43.61528969,38.61013272,41.89965661,52.40433041,48.76438731,67.27344372,72.29167289,64.56096634,70.65400389,63.42799745,78.06569467,1617.599997
Africa,        South Sudan,Neuclear & Renewables,0,0,0,0,0,0,0,0,0,0,0,0,0,0,0,0,0,0,0,0,0,0,0,0,0,0,0,0,0,0,0,0,0.005576376,0.005591026,0.00557286,0.005460934,0.005409952,0.008098227,0.02667472,0.02609165,0.02570489,0.02570489,0.139885525
Africa,        Sudan,Neuclear & Renewables,1.514846918,2.271580362,2.348372732,2.354927142,2.29419,2.797727494,2.797459692,2.796334572,2.776887576,2.830389376,2.889301128,3.143364944,3.266562068,3.26217996,3.35507268,2.906602192,3.22048606,3.121082587,3.086315793,3.589469164,3.798883003,4.132631685,4.155080466,3.800246625,3.627274368,4.078152144,4.347775432,4.59017902,4.610893534,9.57420864,17.93999621,18.58098528,18.63823162,23.42919445,24.94690779,23.11886409,21.93194541,25.38524224,25.88096044,25.88082947,26.74131128,26.06215926,381.8751049
Africa,        Tanzania,Neuclear & Renewables,3.004116987,3.12092173,3.148788081,3.279636607,3.34645848,3.409921694,3.271864782,3.547315254,3.736095447,4.378445793,4.678615503,5.227829353,4.955874078,5.084419624,4.472956166,4.607557143,5.244765632,4.338712063,6.190933538,6.456543019,6.389944412,7.868458744,8.111071827,7.582854943,6.95959677,5.233459641,4.304152713,7.361348701,7.628391245,7.752639067,7.949518366,6.039047905,5.294660602,5.200936055,7.624761854,6.20757711,6.899668015,6.882010077,6.530309285,7.10275071,8.702923916,8.356993466,237.4848467
Africa,        Togo,Neuclear & Renewables,0.29360944,0.317326618,0.38053375,0.276502928,0.31618216,0.447572736,0.462546208,0.48993702,0.489820992,0.577293212,0.575458446,0.805084304,0.673785144,1.00463547,0.762253564,1.08037304,0.9255284,0.628194637,0.939767028,1.008118654,0.577820319,0.527942929,0.583964529,0.702664103,0.643358852,0.655743083,0.660350801,0.739101876,0.84298444,0.926930405,0.891361963,0.996223147,0.926419413,0.877995889,1.190471013,1.01662503,1.002084612,1.211992742,1.23690243,1.61089935,1.223116487,1.247381868,32.74685962
Africa,        Tunisia,Neuclear & Renewables,0.701797702,0.728888482,0.676156686,0.564356969,0.836517344,1.050336731,0.846428655,1.230844948,0.916876403,0.982140688,1.036886273,1.149619488,1.089946229,1.239757129,1.079358088,1.033960082,1.286003663,1.142467944,0.57134707,1.309213658,1.185255613,1.092575904,0.854029368,1.035404865,0.734855427,0.637394837,0.409407728,0.268458906,0.218931358,0.570845454,0.588483175,0.455485787,0.851939106,1.175543835,1.584934276,1.506554725,1.59279195,1.596037218,1.629676548,1.976345944,1.586291452,1.994107311,43.01825414
Africa,        Uganda,Neuclear & Renewables,1.637734634,1.392231106,1.487038581,1.363315229,1.656120384,1.707350848,1.727899524,1.692343388,1.647516732,1.960390336,2.209396386,2.236382272,2.836422246,2.779706822,2.899552612,3.01219822,3.238822,3.59561982,3.570640691,3.59029308,4.561486409,4.614521753,4.820149153,5.111152651,5.487675524,5.476163554,3.534547486,4.210595176,5.053374516,4.441391276,4.665403547,4.638275556,4.630936492,7.175000408,7.444622817,7.555044555,9.90696874,10.14659352,10.81912257,10.82727705,11.08598931,10.9507077,193.397975
Africa,        Western Sahara,Neuclear & Renewables,0,0,0,0,0,0,0,0,0,0,0,0,0,0,0,0,0,0,0,0,0,0,0,0,0,0,0,0,0,0,0,0,0,0,0,0,0,0,0,0,0,0,0
Africa,        Zambia,Neuclear & Renewables,24.68537951,26.64882144,27.18065482,27.42879095,26.87028226,27.07756101,26.59414793,24.02018307,23.60013153,19.00559267,22.08285389,22.11094614,21.7408889,21.67585696,21.6976251,22.06329379,20.06797434,22.19206934,21.19966223,21.32656463,21.7247194,22.72379813,23.34954504,24.01199138,24.86441598,26.10296859,27.57304833,27.59025124,27.48973407,27.55469628,29.1553084,32.63953108,33.4612153,35.93048628,37.69242918,35.05085662,31.12143714,33.61389291,35.69951321,31.91013219,32.26084528,40.69831384,1131.488411
Africa,        Zimbabwe,Neuclear & Renewables,14.19437152,14.78707536,13.75591109,13.59108247,13.11183175,11.98968453,12.4535841,8.630391766,9.263214338,11.88540524,13.41886264,12.37005888,10.63288855,7.236025862,5.927667471,5.875847491,6.524211662,6.99142829,6.645332002,10.35186111,12.95947937,11.56128835,13.87729278,17.45260887,17.3669096,16.20093983,18.72316148,17.78872646,16.90865613,15.92402319,16.35866993,14.28927715,14.70489121,14.0674448,14.59719642,13.08872342,9.970473853,12.91025566,14.57308574,11.91504776,10.98220666,10.95274082,526.8098359
Asia & Oceania,        Afghanistan,Neuclear & Renewables,2.16405991,2.208228195,2.165557433,2.299444662,2.31560244,2.35694767,2.182263414,2.307891852,2.250549408,2.292432,2.304126216,2.213406384,1.564250234,1.51962399,1.539512244,1.364789312,1.20366158,1.063527298,0.9962879,0.998837,1.032506216,1.607700962,1.754253995,1.96894535,1.75807032,1.83349731,2.283169391,2.77504402,2.316689763,3.374069628,3.719150671,3.940055091,5.12781058,6.088002345,6.49537636,6.601229642,7.199043988,7.5469475,7.558694456,7.232761842,6.906060982,7.158103391,133.5881824
Asia & Oceania,        American Samoa,Neuclear & Renewables,0,0,0,0,0,0,0,0,0,0,0,0,0,0,0,0,0,0,0,0,0,0,0,0,0,0,0,0,0,0,0,0,0.00250808,0.005591026,0.00557286,0.005460934,0.008114928,0.013497045,0.01333736,0.013045825,0.012852445,0.012852445,0.09283412
Asia & Oceania,        Australia,Neuclear & Renewables,39.25873715,43.73889643,42.69201124,38.21587075,37.73603871,42.54966129,43.50387674,40.98995812,36.25735649,39.64100136,39.39550369,43.18581938,42.40259141,47.12852172,46.85340293,46.63484133,47.2871654,50.91503778,48.87741557,52.73687779,51.52942509,53.29249399,51.45917658,52.91099773,52.09269883,56.85091921,60.76257235,55.96333812,47.55261461,50.1766684,57.51554518,70.97923242,68.21737926,88.46900043,95.04276777,84.81267306,100.1002446,108.0954727,111.8973698,138.3638679,161.8172407,181.2275499,2669.129834
Asia & Oceania,        Bangladesh,Neuclear & Renewables,1.98453295,1.659368582,2.085282465,2.114532948,2.793189217,2.262057569,1.3773051,1.563016704,2.020654576,2.784540736,2.66681275,2.53793084,2.387802328,1.818363274,2.535951332,1.824935264,2.21768184,2.13065498,2.557638606,2.472179589,2.802087334,2.979127896,3.150588273,3.31668675,3.574449984,3.764673495,4.025179795,2.206761144,2.774620342,1.34118992,2.38568511,2.7832363,2.52935766,3.000854725,4.456583326,5.568874614,7.175084792,8.147712942,8.409777123,9.671113995,9.952051771,10.06077909,147.8709074
Asia & Oceania,        Bhutan,Neuclear & Renewables,0.0232642,0.0274248,0.031502188,0.0286554,0.033468804,0.045481804,0.67327298,2.520928636,3.239514652,3.292896908,3.305033554,3.366309816,3.418859952,3.428343776,3.559863272,3.711146204,4.133275992,4.141555,3.982488523,3.975647852,3.978487608,4.432353105,4.95537715,5.596014618,5.232343604,5.980314004,10.512346,13.45722161,13.98452609,14.47237988,15.29202277,14.62483247,13.97070177,15.60955478,14.93639109,15.51756011,15.64082286,15.04577122,13.93314503,17.30612411,17.11012264,17.93234334,316.4597019
Asia & Oceania,        Brunei,Neuclear & Renewables,0,0,0,0,0,0,0,0,0,0,0,0,0,0,0,0,0,0,0,0,0,0,0,0,0,0,0,0,0,0,0,0,0.005576376,0.005591026,0.00557286,0.002730467,0.002704976,0.005398818,0.005334944,0.00521833,0.005140978,0.0062702,0.049540733
Asia & Oceania,        Burma,Neuclear & Renewables,2.505322577,2.729728054,2.899245255,3.087526176,3.128815443,3.115607003,3.237788882,3.174682835,2.883316896,3.545330472,3.68166513,3.837144408,4.623289192,5.154215447,4.858963449,4.894054301,4.96800545,5.010703754,2.825397242,3.094420173,5.604811064,5.475898389,6.604664481,6.609890722,6.997100477,8.701589301,9.589171271,10.40193833,11.66594443,14.88471087,14.46666609,21.20013454,21.97986175,25.02015369,25.02493457,26.05916978,24.41707355,28.89846313,32.17043603,27.11619863,27.84390574,22.71818219,456.7061215
Asia & Oceania,        Cambodia,Neuclear & Renewables,0.149140516,0.162324637,0.16846621,0.123294693,0.0917676,0.107133985,0.12242712,0.137374515,0.1512466,0.165055104,0.188962732,0.195695872,0.203023802,0.208417053,0.214603748,0.220563368,0.23328074,0.170567313,0.14938605,0.131833592,0.140477971,0.095854071,0.096418682,0.139671342,0.106915993,0.201844477,0.242892019,0.291211528,0.45492938,0.854337604,1.664617091,2.014223519,3.588554711,5.141796642,7.000015827,7.131184895,8.81276317,9.027739614,14.39424118,14.16230091,15.27892626,15.05121486,109.1866961
Asia & Oceania,        China,Neuclear & Renewables,173.5614683,197.2534846,222.2519375,261.3483205,260.7378643,278.1918626,283.9171442,299.298289,320.1414596,346.8029879,373.1598794,373.119734,390.234924,441.7769282,507.354487,529.7937766,537.9606711,527.8381326,555.7248072,594.8419386,586.8529224,773.6263977,819.8249433,844.5335427,1056.867103,1208.07802,1305.954656,1460.837376,1843.572164,2060.39574,2419.376138,2474.005298,3051.483695,3377.521517,3902.85003,4236.976166,4685.190397,5151.606282,5682.279751,6232.78119,6668.60709,7242.245947,74560.77646
Asia & Oceania,        Cook Islands,Neuclear & Renewables,0,0,0,0,0,0,0,0,0,0,0,0,0.00030179,0.00030179,0.00030179,0.00030179,0.000302962,0.00029886,0.00029886,0.00029886,0.00029886,0.00030179,0.00029886,0.00029593,0.000293,0.000293,0.000290656,0.000289484,0.000288605,0.000285968,0.000285968,0.000284796,0.000278936,0.00223559,0.0040434,0.0094932,0.0126576,0.018895863,0.042679552,0.039137475,0.033416357,0.04076802,0.209499395
Asia & Oceania,        Fiji,Neuclear & Renewables,0,0,0,0.151035933,0.8717922,0.890742561,1.068176622,1.117312722,1.049651404,1.060631872,1.222162186,1.226156948,1.230263636,1.226338022,1.287622488,1.34453012,1.35121052,1.346643822,1.30868743,1.408072737,1.515667611,1.644272636,1.660541754,1.299678559,1.382531634,1.292293787,1.316829607,1.74658472,1.744170693,1.575969648,1.381516975,1.506235648,1.642242732,1.640966131,1.350014201,1.317136378,1.485099507,1.520871291,1.760779691,1.749706049,1.772609273,1.774801206,53.24155066
Asia & Oceania,        French Polynesia,Neuclear & Renewables,0,0,0,0.04931776,0.07341408,0.097951072,0.10712373,0.106846845,0.175446056,0.195620864,0.210297234,0.226273352,0.27271854,0.283930478,0.290168448,0.377677,0.40293946,0.397990397,0.451145871,0.260670966,0.346711588,0.317894745,0.390470259,0.45686025,0.522374464,0.524417553,0.5812534,0.645810676,0.612091064,0.60339248,0.792664327,0.655615335,0.589144183,0.476075776,0.542111237,0.543395749,0.586990633,0.572512331,0.538943907,0.574277363,0.570905519,0.578616986,16.00206198
Asia & Oceania,        Guam,Neuclear & Renewables,0,0,0,0,0,0,0,0,0,0,0,0,0,0,0,0,0,0,0,0,0,0,0,0,0,0,0,0,0,0.000285968,0.00057135,0.00056842,0.00167303,0.005591026,0.0072957,0.084316903,0.179456347,0.163670679,0.18395419,0.179933351,0.177266172,0.215698982,1.200282118
Asia & Oceania,        Hawaiian Trade Zone,Neuclear & Renewables,0,0,0,0,0,0,0,0,0,0,0,0,0,0,0,0,0,0,0,0,0,0,0,0,0,0,0,0,0,0,0,0,0,0,0,0,0,0,0,0,0,0,0
Asia & Oceania,        Hong Kong,Neuclear & Renewables,-0.262184311,-0.206219846,-0.251200913,-0.357592143,-0.719322911,-1.017212788,-1.180027614,-1.337692379,-1.42382764,-1.76524589,-1.784944573,-3.055825334,-4.952685066,-4.131206826,2.009999631,4.399493741,7.078948562,7.314921972,6.40817956,8.364623772,9.020437468,8.816495404,8.004726012,7.386901524,6.748083,6.501153148,6.370097471,6.924929596,7.249325718,7.235665472,8.01695466,7.909590084,9.440822148,8.428457924,9.190388602,10.76224834,10.8025584,11.61782475,12.42102828,12.78812242,13.10253046,12.96555999,214.8348799
Asia & Oceania,        India,Neuclear & Renewables,151.6244027,161.7802377,154.6463317,165.2817008,176.2630396,170.5689608,179.4543698,160.5472211,193.0593112,202.9177342,237.2356845,240.9499725,234.3537608,235.652006,271.3259957,254.2005667,247.269117,280.9614671,300.3740828,307.6257091,301.2978151,316.4980046,318.2747865,328.3115666,355.5764747,416.1044742,474.2210643,468.2647907,473.3685278,482.5618177,512.0005713,621.0661243,599.5549532,680.7871537,703.2045172,667.1731194,735.4075703,805.9666184,886.0924512,945.4863183,977.2985105,1035.270779,17429.87968
Asia & Oceania,        Indonesia,Neuclear & Renewables,7.070951127,9.133599342,8.751574808,9.872896649,10.62846659,13.09358517,17.89551822,16.25540003,20.38715653,24.39935525,24.12599709,25.25419154,30.8206615,28.02052321,28.48173099,32.02420999,34.0832751,25.33919084,39.51682708,38.98256414,44.66788838,53.83475582,48.5001479,45.9181185,48.15897225,50.9232617,47.49769176,53.2260703,57.5192613,59.49195382,76.99828659,63.22440347,87.68043986,100.5201174,97.78893283,93.68225099,112.4794902,120.9812831,134.5053899,130.3496457,143.1658888,151.6632114,2266.915137
Asia & Oceania,        Japan,Neuclear & Renewables,500.9862109,513.549011,552.2385368,593.1087754,624.9131879,722.1609301,748.0188575,822.7395672,837.4737291,852.1241065,871.4501204,922.241313,899.1388642,1007.243161,983.9547934,1098.129461,1134.684149,1228.122245,1248.837591,1202.496608,1207.248577,1190.975221,1111.416324,997.6703033,1125.068933,1121.54865,1177.29821,1075.426401,1000.842697,1057.531645,1132.751899,763.6462185,326.7485677,356.4353254,382.8589057,422.8874341,460.857368,534.882605,606.5433964,667.246539,610.9684008,712.6759523,35407.14078
Asia & Oceania,        Kiribati,Neuclear & Renewables,0,0,0,0,0,0,0,0,0,0,0,0,0,0,0,0,0,0,0,0,0,0,0,0,0,0.001172,0.00116321,0.00115735,0.001443611,0.00142984,0.00200119,0.0019924,0.00222973,0.00223559,0.0035453,0.0106652,0.0130971,0.0130678,0.012892,0.0126283,0.0124232,0.0124232,0.105559403
Asia & Oceania,        Laos,Neuclear & Renewables,2.073396627,2.604520364,2.746930377,2.465122391,2.187580192,2.027421411,1.93985631,1.352095673,1.21921402,1.66449784,1.98318515,2.042767872,2.003086296,2.063963199,1.966441372,2.48650348,2.8875736,2.797638715,4.0559404,5.127562116,6.966015814,7.302806129,7.03919315,6.374227892,6.633739457,8.08389637,8.60308944,8.3199694,9.2758819,8.896332044,18.47696324,26.78768439,27.0097989,31.70908468,31.77348725,28.47903275,28.64900879,29.96662833,32.8236766,28.96938085,44.18774284,42.41044469,496.4333826
Asia & Oceania,        Macau,Neuclear & Renewables,0,0,0,0,0.0249929,0.046986652,0.041988072,0.03998864,0.038988924,0.051985232,0.088974724,0.0999716,0.113967624,0.0999716,0.13996024,0.346901452,0.173950584,0.168952004,0.161953992,0.173950584,0.0999716,0.191945472,0.188946324,0.178949164,0.150957116,0.340903156,0.96472594,1.682522028,2.310343676,2.2260675,2.785708634,3.163901314,3.854205212,4.057447299,4.097636058,4.591250521,4.464170854,4.187925766,5.39508518,5.540875534,5.337044224,5.680519627,63.30458673
Asia & Oceania,        Malaysia,Neuclear & Renewables,4.336048693,4.91396453,4.016281678,5.233691111,10.4701288,11.60521315,12.265675,14.81050862,16.92680338,15.68927686,12.06065118,13.31796106,13.06237364,14.59204314,19.57085882,18.71080537,15.53601325,11.46991718,14.32503106,22.23286403,21.91448144,19.20066709,15.65912189,16.86885736,17.10300391,12.99517028,16.3943002,16.55917745,21.00499596,22.8798341,21.72323594,25.43326142,31.30978457,37.66343683,41.24116431,50.52340812,60.61908292,81.06672344,84.37387304,86.51686742,84.11492462,83.61384569,1123.925329
Asia & Oceania,        Maldives,Neuclear & Renewables,0,0,0,0,0,0,0,0,0,0,0,0,0,0,0,0,0,0,0,0,0,0,0,0,0,0.0000293,0.000087314,0.0058893,0.00586,0.0058014,0.0060065,0.0062702,0.011152752,0.013977565,0.02229144,0.024574203,0.035164688,0.048589362,0.072021744,0.086102445,0.107960538,0.130580724,0.582343067
Asia & Oceania,        Micronesia,Neuclear & Renewables,0,0,0,0,0,0,0,0,0,0,0,0,0,0,0,0,0,0,0,0,0,0,0,0,0,0,0,0,0,0,0,0,0,0,0,0,0,0,0,0,0,0,0
Asia & Oceania,        Mongolia,Neuclear & Renewables,0.29491622,0.461868792,0.773780184,0.693802904,0.416881572,0.152956548,0.086975292,0.06998012,0.0749787,0.157955128,0.15995456,0.083976144,0.115967056,0.0499858,0.0999716,0.380891796,0.39488782,0.33490486,0.292916788,0.142959388,0.155955696,0.177949448,0.148957684,0.164287151,0.164164091,0.165161756,0.222135899,0.199138329,0.20793331,0.164197786,0.366605995,0.425082642,0.5121933,1.516540751,1.871273214,1.96723423,2.07827537,2.216209515,2.816005713,3.39072199,3.388658098,3.429848624,30.98904186
Asia & Oceania,        Nauru,Neuclear & Renewables,0,0,0,0,0,0,0,0,0,0,0,0,0,0,0,0,0,0,0,0,0,0,0,0,0,0,0,0,0,0,0,0,0,0,0,0,0,0.002699409,0.002667472,0.00521833,0.007711467,0.0094053,0.0277178
Asia & Oceania,        Nepal,Neuclear & Renewables,0.569679021,0.678036281,0.680968625,1.021847462,1.080722296,1.087222208,1.354203808,1.667649641,1.736872356,1.738296336,2.704899234,2.725039468,2.576053656,2.651753429,2.824862224,3.462565004,3.512634016,3.143022427,3.482208896,4.340672526,4.931022404,5.520485371,6.312468766,6.589255904,7.108651144,7.469781848,8.122099468,8.369473508,8.353712452,9.380233264,9.750403018,10.60917225,10.57574329,11.06491353,11.88121651,11.17586238,13.58740708,15.30765462,16.05120804,17.94440264,19.0223845,18.49363582,280.6603964
Asia & Oceania,        New Caledonia,Neuclear & Renewables,0.840057077,0.820811665,1.249713562,0.856897545,1.21439124,1.466205109,1.218149844,0.775402818,1.594139164,1.577193216,1.389790416,1.03963432,1.036330452,1.033023654,1.136493088,1.26899472,1.1815518,1.07726724,1.174174353,1.399233806,1.330057385,1.12020053,0.968723925,0.964153125,0.977334316,1.042975692,0.915474105,1.233701112,1.394528226,1.23538176,0.894713004,1.187110596,1.274201916,1.435017896,0.978649886,1.117869715,0.77859769,1.171651623,1.094298451,1.39329411,1.077034891,1.179083861,48.11350832
Asia & Oceania,        New Zealand,Neuclear & Renewables,64.20329186,65.51082399,61.44711147,66.30505264,68.1224581,65.75941457,73.20620031,72.49096944,75.01115942,75.96545456,78.96165088,78.83318444,72.57507538,79.92077642,86.5847315,91.46861635,87.51001085,78.08136724,84.8309044,78.73346892,83.59352936,75.86644166,83.77050019,79.33453235,90.00467438,80.32978244,81.13066718,82.39599529,80.55544049,88.10343488,92.79898285,95.30650938,88.15717929,89.6322497,95.55483186,96.22857247,99.13307443,96.34710943,97.83338269,94.84308388,90.24129883,91.77929656,3458.462292
Asia & Oceania,        Niue,Neuclear & Renewables,0,0,0,0,0,0,0,0,0,0,0,0,0,0,0,0,0,0,0,0,0,0,0,0,0,0,0,0,0,0,0,0,0,0,0,0,0,0,0,0,0,0,0
Asia & Oceania,        North Korea,Neuclear & Renewables,32.18711974,32.8708874,33.36103538,34.05715533,34.28635165,37.52013375,39.63761575,41.34914477,45.19099886,45.53992319,47.0987875,45.51833934,42.79141852,40.05349409,41.6659815,43.26629827,38.31428535,32.10048433,30.86178581,31.15247111,30.61902623,31.98097051,31.79874443,35.1383095,36.50027898,38.30338047,36.45773011,38.13755624,40.27594525,35.42472111,37.94753197,37.2385546,37.30201986,38.5078807,35.90564984,27.08324668,34.33157151,31.85963013,33.86203256,28.74520479,32.94497098,30.88802396,1530.076691
Asia & Oceania,        Northern Mariana Islands,Neuclear & Renewables,0,0,0,0,0,0,0,0,0,0,0,0,0,0,0,0,0,0,0,0,0,0,0,0,0,0,0,0,0,0,0,0,0,0,0,0,0,0,0,0,0,0,0
Asia & Oceania,        Pakistan,Neuclear & Renewables,26.26475557,27.93966898,29.4550222,35.46777921,39.96350294,38.20838372,43.20863382,47.82761474,50.60198134,51.56918606,52.22027367,56.66552962,64.98892887,59.34322497,70.15721447,71.00469588,63.65454622,66.70678582,67.78209582,57.8110767,52.68792863,63.19735107,71.73313666,85.06108432,81.25901993,97.90913579,100.8442252,90.52649536,85.88500208,92.23188223,102.6329981,97.2833584,103.9950625,109.1957782,112.27252,116.8417849,117.1359083,117.9498992,147.4695637,138.5241905,144.4222049,168.6830045,3318.582437
Asia & Oceania,        Papua New Guinea,Neuclear & Renewables,0.949629701,0.940258096,0.921969915,1.174381211,1.24192152,1.273363936,1.383426456,1.321848111,1.33097008,1.3754592,1.38674263,1.39127534,1.37874373,1.374344335,1.39039048,2.604460592,2.82966508,2.103663527,2.566452339,2.72655838,2.791626062,2.827749446,2.780982837,2.916192375,2.77328016,3.490746037,3.387254335,3.667799198,3.633568887,3.60176696,3.631734414,3.941377986,3.904857294,3.968208289,4.027762297,3.932620509,3.883755727,3.324951108,3.263353132,3.24058293,3.192547338,3.193325839,107.0415678
Asia & Oceania,        Philippines,Neuclear & Renewables,17.96337907,20.68288231,23.13836324,22.19247427,29.95214241,31.96485346,32.31881914,29.9456967,33.81349594,36.37460601,36.33033664,34.17675558,30.92468148,33.22464534,38.10305344,38.55285767,41.93345856,41.02369092,42.37624221,55.89572486,58.97638663,53.61116459,51.92066623,52.83002982,55.60961006,53.79227815,59.51328247,54.59379518,59.57573131,57.77954873,51.09013341,56.61605129,57.80923636,55.5943685,55.19843232,57.23873753,59.56022136,62.66472747,62.30449628,57.68430087,57.41502772,59.00571212,1921.272097
Asia & Oceania,        Samoa,Neuclear & Renewables,0.0213011,0.0214476,0.036756264,0.03698832,0.04894272,0.052036507,0.06121356,0.054949806,0.054448776,0.06113152,0.06095572,0.06115496,0.07575515,0.075513425,0.0755647,0.078556816,0.0908886,0.098749497,0.113533398,0.128837374,0.104611255,0.145323312,0.184802718,0.16019775,0.1467344,0.14648535,0.148219617,0.151171885,0.153600269,0.154994656,0.152072567,0.157142639,0.103162956,0.089456416,0.089723046,0.107116112,0.126279191,0.150546037,0.17323625,0.167325854,0.164845316,0.164845316,4.450615209
Asia & Oceania,        Singapore,Neuclear & Renewables,-0.059081985,-0.0246413,-0.035539142,0.00090244,-0.0154118,0.0075887,0.082229864,0.087992002,0.101977185,0.148018619,0.567535726,1.551507371,1.541810536,1.45310127,1.380727633,1.50735022,1.466202472,1.465331383,1.463460578,1.467686224,1.463689704,2.863024009,2.898887209,3.038722045,2.885341819,2.710929174,2.830495149,2.847289909,3.081481586,3.3673904,4.440047285,4.454885098,4.428056846,5.177921198,5.305197175,5.265343608,5.452977878,5.394847264,5.731825392,5.999365743,5.980017195,6.478319951,106.2547837
Asia & Oceania,        Solomon Islands,Neuclear & Renewables,0,0,0,0,0,0,0,0,0,0,0,0,0,0,0,0,0,0,0,0,0,0,0,0,0,0,0.002906267,0.005792024,0.005774444,0.00857904,0.005717016,0.011387152,0.011152752,0.0113977,0.0152653,0.0150602,0.0165545,0.0194845,0.0184004,0.0179902,0.0177265,0.0177265,0.200915667
Asia & Oceania,        South Korea,Neuclear & Renewables,15.22640044,15.47928288,16.13258938,34.51512077,41.73120154,58.73070935,91.959871,126.3624188,122.9168818,147.2841553,163.7997004,169.9005121,169.4069047,177.6209428,172.7493643,198.0723212,216.0469497,224.324953,263.7842832,302.2389229,318.6415185,327.2256066,343.7033552,378.2990563,380.0186806,414.588312,424.6565998,414.9574167,436.3763358,425.860136,434.5030517,454.5236843,438.2665476,409.4780817,457.5092421,484.0324632,488.2036513,459.2473274,430.2869856,469.7345232,518.8139482,544.7588512,12181.96886
Asia & Oceania,        Sri Lanka,Neuclear & Renewables,4.455954841,4.765607496,4.873270053,3.711167886,6.32890548,7.25450127,8.009794326,6.575660118,7.77407524,8.475885248,9.490805604,9.43315258,8.699721426,11.35117805,12.23543622,13.31538031,9.75234678,10.21309192,11.5804066,12.37737656,9.492724168,9.35518821,7.98824652,9.721630125,8.645590848,10.06061384,11.24144076,11.37263912,11.88091853,11.17562944,16.23918395,13.41975863,9.602519472,19.93200769,13.51139907,17.31389125,12.56461352,12.2067275,18.61626043,14.70223516,15.05882671,15.44355182,450.219315
Asia & Oceania,        Taiwan,Neuclear & Renewables,31.7988423,45.72258056,54.66204396,72.63316322,87.42565117,104.4986144,99.57233974,116.0951664,106.0260635,101.4565102,119.9052793,116.8147334,120.581382,115.6611455,119.7265753,120.6127207,127.7730289,124.7002858,129.7181883,130.6055558,132.8485677,127.4839868,134.6450222,134.0394021,136.1137357,139.0963661,140.474721,145.398562,144.8320213,143.3517827,146.7917178,149.1014764,148.3552657,152.2178809,151.7717495,135.7340268,127.7606095,100.5647123,116.693921,136.9253592,132.4882697,127.7725247,5050.451551
Asia & Oceania,        Thailand,Neuclear & Renewables,4.59282774,9.744406187,12.36908993,11.84013527,13.33058731,12.2822922,17.73074352,13.15788344,12.22235319,18.01977923,16.18713045,15.1403103,13.74840589,12.36763255,15.186282,22.39748403,26.18628255,23.73676769,18.47553282,15.80331012,22.56195723,23.3724175,27.21473951,27.60319246,24.73672131,25.55873779,32.39137913,32.55405361,29.85659892,30.31644249,31.36601654,44.89234338,46.47233416,49.31641806,51.08657844,50.30354268,86.94539252,93.03552967,106.0349385,110.5119832,102.6601164,113.7795977,1467.090266
Asia & Oceania,        Timor-Leste,Neuclear & Renewables,0,0,0,0,0,0,0,0,0,0,0,0,0,0,0,0,0,0,0,0,0,0,0,0,0,0,0,0,0,0,0,0,0.002788188,0.002795513,0.00278643,0.002730467,0.005409952,0.005398818,0.005334944,0.00521833,0.005140978,0.005140978,0.042744598
Asia & Oceania,        Tonga,Neuclear & Renewables,0,0,0,0,0,0,0,0,0,0,0,0,0,0,0,0,0,0,0,0,0,0,0,0,0,0,0,0,0,0,0,0,0.002788188,0.008386539,0.01114572,0.013652335,0.01352488,0.016196454,0.018672304,0.02087332,0.02570489,0.02570489,0.15664952
Asia & Oceania,        Tuvalu,Neuclear & Renewables,0,0,0,0,0,0,0,0,0,0,0,0,0,0,0,0,0,0,0,0,0,0,0,0,0,0,0,0,0,0,0,0,0,0,0,0,0,0,0,0,0,0,0
Asia & Oceania,        U.S. Pacific Islands,Neuclear & Renewables,0,0,0,0,0,0.048975536,0.09182034,0.09158301,0.09074796,0.09169728,0.09143358,0.09173244,0,0,0,0,0,0,0,0,0,0,0,0,0,0,0,0,0,0,0,0,0,0,0,0,0,0,0,0,0,0,0.597990146
Asia & Oceania,        Vanuatu,Neuclear & Renewables,0,0,0,0,0,0,0,0,0,0,0,0,0,0,0,0,0,0,0,0,0,0,0,0,0,0,0,0,0,0,0.01429254,0.0145328,0.022854,0.0260184,0.0290656,0.034846197,0.0274834,0.0252566,0.0290656,0.030597697,0.030144133,0.034004701,0.31813647
Asia & Oceania,        Vietnam,Neuclear & Renewables,3.615897764,3.941733102,4.095262172,4.272158285,4.4660232,4.62206621,4.848113952,5.061487686,5.345054844,11.48661261,16.24774717,19.15373347,21.68415414,23.75954404,27.57649284,31.66447484,36.02010619,34.53568966,32.85485795,40.99887763,43.15819504,54.72531467,53.86270129,56.11316631,51.8680821,62.32431245,60.87230085,68.37307536,78.65631148,90.40383707,84.0099102,120.9047632,148.8054573,148.5282814,171.6296358,160.9305152,182.0460211,242.685674,234.1207001,199.3625546,225.9148583,238.3803567,3113.926112
Asia & Oceania,        Wake Island,Neuclear & Renewables,0,0,0,0,0,0,0,0,0,0,0,0,0,0,0,0,0,0,0,0,0,0,0,0,0,0,0,0,0,0,0,0,0,0,0,0,0,0,0,0,0,0,0
Middle East,        Bahrain,Neuclear & Renewables,0,0,0,0,0,0,0,0,0,0,0,0,0,0,0,0,0,0,0,0,0,0,0,0,0,0,0.002999148,0.012996308,-0.18994604,0.167952288,0.172950868,0.11996592,-0.152725371,0.0192208,0.0259891,0.0145328,0.00532088,0.065257839,0.226948424,0.23103343,0.23064667,0.236301863,1.189449615
Middle East,        Iran,Neuclear & Renewables,16.925932,18.87866624,19.54208915,18.9195585,19.17331056,19.19228817,18.78032021,19.34233171,19.31721575,20.27426861,18.35376729,21.35836978,28.58999361,29.18177714,22.0825521,21.60328262,21.81110518,20.9166673,21.77576762,15.79353827,12.35527586,17.16306159,25.87031282,36.05551934,34.96525609,52.19340528,57.97833575,56.11848045,18.02905502,23.03173527,31.24768146,37.80595496,40.12966471,53.01572794,49.62107389,48.00602537,61.00562581,57.2489017,61.62661734,59.79313233,57.84649981,48.06509505,1350.98524
Middle East,        Iraq,Neuclear & Renewables,2.078836758,2.091844493,1.850066167,1.830925063,1.84758768,1.848826484,1.818042732,1.843871268,2.126527196,1.815606144,1.840862744,0.938728636,2.099932758,1.794198978,1.674513752,1.704078624,1.70870568,1.720635175,1.753792227,1.794734582,1.808280265,1.852872228,1.526112768,1.272682125,2.749753432,18.64310714,20.22667427,18.64078599,12.93350462,14.71931941,18.9278671,16.80469387,22.29015314,25.49119895,20.49256709,20.13942239,21.14229048,17.75269361,27.59341711,48.31986148,32.21044694,32.1681855,433.8882067
Middle East,        Israel,Neuclear & Renewables,-0.16495314,-0.180948596,-0.200942916,-0.193944904,-0.198943484,-0.232933828,-0.296915652,-0.326370942,-0.34464418,-0.370722352,-0.380745882,-0.341551272,-0.262024626,-0.22929301,-0.23922864,-0.838205024,-0.904011652,-1.092858063,-0.976008491,-1.160766966,-1.363930529,-1.338051304,-1.291224044,-1.342017645,-1.344132812,-1.552267999,-1.770819629,-2.010904708,-3.572567752,-3.498817308,-3.478927296,-3.363917764,-3.060952248,-3.08022989,-2.153719354,-1.858893378,-0.919421987,-0.609218785,-0.768597307,1.307466792,3.796532557,6.344149977,-35.86647603
Middle East,        Jordan,Neuclear & Renewables,0,0,0,0,0,-0.021993752,-0.20475719,-0.041969027,0.081673164,0.051961792,0.057907934,0.184416544,0.208437856,0.209432591,0.192808064,0.666728825,0.367806123,0.509644493,0.455943746,0.699504684,0.556428096,0.447249557,0.510697828,1.125930731,0.97652798,0.9322967,0.636423249,0.252905587,0.444019818,0.450741238,0.842047133,1.836960277,0.880833594,0.50337986,0.559022025,1.190903188,2.639297413,3.785497884,5.857890986,7.8609556,11.16089623,13.2094362,60.07788643
Middle East,        Kuwait,Neuclear & Renewables,0,0,0,0,0,0,0,0,0,0,0,0,0,0,0,0,0,0,0,0,0,0,0.000040727,0.000229126,0.000256668,0.000262821,0.00046587,0.0005274,0.000275713,0.000251394,0.000253738,0.00205979,0.00185469,0.0194845,0.0267509,0.031228819,0.051445233,0.112927181,0.162619102,0.183200594,0.21111822,0.212577067,1.017828967
Middle East,        Lebanon,Neuclear & Renewables,2.832788167,2.843806139,2.315876395,1.998547726,1.970058164,2.100209057,2.06850968,2.15578266,2.151708788,1.8928972,1.295081682,1.63355118,1.76143103,2.243617321,2.545245292,2.45511732,3.07820526,3.277056156,3.375159881,2.235400722,2.729659785,2.09878537,2.899786719,4.533826037,3.470507648,3.490047232,2.92824786,2.6485149,1.626225594,2.91623486,3.622925076,3.111498264,3.13618996,4.080539801,0.732257396,1.652270657,1.23482506,1.891246145,1.260760834,2.999235021,3.109240406,2.989486032,105.3923605
Middle East,        Oman,Neuclear & Renewables,0,0,0,0,0,0,0,0,0,0,0,0,0,0,0,0,0,0,0,0,0,0,0,0,0,0,0,0,0,0,0,0,-1.76E-37,0.002795513,0.00278643,0.010921868,0.010819904,0.043190544,0.042679552,0.044355805,0.329022592,0.401407656,0.887979864
Middle East,        Palestinian Territories,Neuclear & Renewables,0,0,0,0,0,0,0,0,0,0,0,0,0,0,0,0,0,1.030707196,1.682522028,1.522567468,2.262357308,2.082408428,2.306344812,2.31434254,2.597262168,2.861187192,3.095120736,3.187094608,3.862902624,3.981868828,4.157818844,4.620687352,4.910394032,4.73824657,4.94195775,5.436036911,5.587759636,5.698590109,6.075104485,6.568972686,6.456552395,6.720473024,98.69927973
Middle East,        Qatar,Neuclear & Renewables,0,0,0,0,0,0,0,0,0,0,0,0,0,0,0,0,0,0,0,0,0,0,0,0,0,0,0,0,0,0,0,0.002846788,0.030670068,0.222944872,0.302344356,0.34268987,0.355336336,0.370801755,0.382419498,0.329704403,0.365944987,0.368690104,3.07439333
Middle East,        Saudi Arabia,Neuclear & Renewables,0,0,0,0,0,0,0,0,0,0,0,0,0,0,0,0,0,0,0,0,0,0,0,0,0,0,0,0,0,0,-0.001999432,-0.068980404,0.0188106,0.069425178,0.077889948,0.074915998,-0.594566734,0.15362869,0.549652471,1.154501454,1.649938377,2.156742235,5.239955744
Middle East,        Syria,Neuclear & Renewables,7.670385763,8.033661227,8.883747108,8.494624063,10.09463348,10.07221986,8.611020071,8.629612386,8.456197992,8.424396651,8.236661882,8.210406738,8.013582816,7.855848317,7.750841512,7.558257886,7.685601546,7.732759017,8.01832297,7.448813889,9.700398173,10.35017431,7.339883521,7.977230599,11.68429414,11.99612467,10.71007002,10.50094742,8.265861969,5.321194682,7.08997298,9.075552233,9.043502721,7.879922662,6.417426347,0.964334492,2.549408529,1.571479716,1.551742943,1.728372426,1.749565409,1.728644037,311.0776992
Middle East,        United Arab Emirates,Neuclear & Renewables,0,0,0,0,0,0,0,0,0,0,0,0,0,0,0,0,0,0,0,0,0.0058014,0.0042778,0.0167889,0.022268,0.044043467,0.033002934,0.035189886,0.036517176,0.040345514,0.082856005,0.114521687,0.143245649,0.032730737,0.216039448,0.827732032,0.833203514,1.510597246,1.921852925,3.499771902,9.927564882,18.69923627,22.48224424,60.52981374
Middle East,        Yemen,Neuclear & Renewables,0,0,0,0,0,0,0,0,0,0,0,0,0,0,0,0,0,0,0,0,0,0,0,0,0,0,0,0,0,0,0.005717016,0.005693576,0.008364564,0.013977565,0.0278643,0.316734172,0.41927128,0.523685346,1.291056448,1.26283586,1.25953961,1.536638207,6.671377944
Central & South America,        Antarctica,Neuclear & Renewables,0,0,0,0,0,0,0,0,0,0,0,0,0,0,0,0,0,0,0,0,0,0,0,0,0,0.005859414,0.005812534,0.005792024,0.005774444,0.01143872,0.011434032,0.011387152,0.001394094,0.00139761,0.001393215,0.002730467,0.002704976,0,0,0,0,0,0.067118975
Central & South America,        Antigua and Barbuda,Neuclear & Renewables,0,0,0,0,0,0,0,0,0,0,0,0,0,0,0,0,0,0,0,0,0,0,0,0,0,0,0,0,0,0,0.00057135,0.001423394,0.001394094,0.00167596,0.001671858,0.0146207,0.01352488,0.0165838,0.02667472,0.033919145,0.041127824,0.050175957,0.203362217
Central & South America,        Argentina,Neuclear & Renewables,61.12166407,60.06377321,64.3620876,68.47570418,77.70678579,81.65318287,82.57154566,87.7238484,62.38810851,56.63455512,79.39678899,77.11054046,85.0292446,98.95299546,110.5182894,106.9805813,96.97096297,114.9167565,112.1263812,93.72353644,109.044517,137.136146,133.1582758,131.7085976,121.8755419,129.2938264,145.0094574,126.6653301,121.399148,132.5671866,129.4296799,121.8041762,114.497835,125.1861293,123.1852839,124.009601,121.6092676,121.7465068,126.1180477,130.0948046,135.5988102,135.2445749,4474.810077
Central & South America,        Aruba,Neuclear & Renewables,0,0,0,0,0,0,0,0,0,0,0,0,0,0,0,0,0,0,0,0,0,0,0,0,0,0,0,0,0,0.0857904,0.303287816,0.323110438,0.379193568,0.427713489,0.44304237,0.477831725,0.404426435,0.387937567,0.391350138,0.38279571,0.377121472,0.377121472,4.7607226
Central & South America,        Barbados,Neuclear & Renewables,0,0,0,0,0,0,0,0,0,0,0,0,0,0,0,0,0,0,0,0,0,0,0,0,0,0,0,0,0,0,0.005717016,0.008540364,0.008364564,0.011182052,0.0278643,0.038226538,0.062214448,0.086381088,0.088026576,0.11480326,0.169652274,0.206975786,0.827948266
Central & South America,        Belize,Neuclear & Renewables,0.12174736,0.12250916,0.12252088,0.123294693,0.1223568,0.12243884,0.12242712,0.12211068,0.12099728,0.12226304,0.12191144,0.12230992,0.12120824,0.12082148,0.12090352,0.24171328,0.302962,0.323180172,0.314308132,0.345164255,0.32937595,0.481614941,0.495241492,0.418426561,0.474860705,0.496434295,0.779373847,0.79140472,0.882104921,0.797025632,1.137278328,1.136018135,1.079995949,1.173259314,1.218274076,1.231413661,1.261695211,1.279016785,1.263470498,1.604762465,0.96681796,0.96681796,23.62183228
Central & South America,        Bolivia,Neuclear & Renewables,3.395708264,3.574142041,3.724572636,3.695672874,3.719586948,3.623128125,3.567689302,3.55542022,3.922311304,3.933698456,3.882782088,4.315306344,4.19761762,4.254163983,4.190564524,3.985588756,4.517379947,4.810064679,4.631198434,5.484212264,6.014971509,6.555621848,6.671222654,6.004703031,6.411560194,5.862351911,6.380101663,6.829135883,6.883162153,6.846320626,6.403267415,6.866570442,6.814369269,7.343834333,6.712569642,7.255104557,5.19355392,6.508275099,7.845035152,9.707320005,9.20235062,10.57242126,235.864632
Central & South America,        Brazil,Neuclear & Renewables,401.1565327,404.5814118,435.9172268,477.5264753,525.6274772,561.8520103,576.5803796,598.2675704,632.6394036,667.2753881,671.6388375,714.0503675,726.3377072,758.551361,790.3914762,834.4225894,880.3003106,912.3976662,946.1052187,952.8703792,995.2011621,924.9681014,970.9721524,1034.129582,1058.622208,1098.928408,1140.254093,1214.255213,1214.256672,1255.822002,1340.673234,1418.418873,1371.539319,1326.70368,1299.642367,1272.70461,1355.287174,1354.211129,1415.476535,1425.18673,1418.717918,1373.687596,40748.14853
Central & South America,        British Virgin Islands,Neuclear & Renewables,0,0,0,0,0,0,0,0,0,0,0,0,0,0,0,0,0,0,0,0,0,0,0,0,0,0,0,0,0,0,0.0031644,0.0038676,0.003809,0.003809,0.0037797,0.0042485,0.0042192,0.0042192,0.0041606,0.0040727,0.0040141,0.0041899,0.047521084
Central & South America,        Cayman Islands,Neuclear & Renewables,0,0,0,0,0,0,0,0,0,0,0,0,0,0,0,0,0,0,0,0,0,0,0,0,0,0,0,0,0,0,0,0,0,0,0,0,0.005409952,0.024294681,0.04001208,0.044355805,0.048839291,0.053980269,0.216892078
Central & South America,        Chile,Neuclear & Renewables,23.88802454,24.52033612,26.30830768,28.40352519,29.77204498,32.41756981,35.74718138,37.83411753,36.2886568,30.9511473,39.27615161,42.76956805,55.3304464,56.71177351,56.24320293,65.17928951,62.11126688,61.66701881,50.84458095,43.45846261,62.34253998,70.83720477,73.26145894,70.44998506,71.67181791,83.98678195,89.97628033,75.50540764,79.18338214,85.33632413,69.90400856,74.4903906,70.31169257,72.59591237,83.4741137,88.09362671,91.07683844,92.37478976,100.9661718,98.15441957,100.7939159,103.792233,2648.301968
Central & South America,        Colombia,Neuclear & Renewables,43.72860129,44.33946175,55.95057123,56.31243414,62.2993931,66.46329638,77.03078264,65.32624864,74.22028767,81.58700208,83.09607426,83.58027258,67.18083463,84.37320969,97.46538143,96.95841935,106.9693304,94.56362956,91.59405317,100.3853415,94.45060627,94.51104749,99.1222264,103.1063452,109.6604891,106.5425824,116.0276701,117.6890334,122.8738509,110.0029367,102.2616432,126.4749868,119.6410305,125.0452461,118.0766414,118.320483,120.5932626,146.4088796,135.8692108,118.0989794,103.3807019,143.1113343,4084.693811
Central & South America,        Costa Rica,Neuclear & Renewables,6.385651083,6.924832027,7.127891575,8.161172483,8.671647924,8.355626035,8.84888128,9.248880778,9.331238976,10.1899247,10.36694124,11.11656181,12.13344175,13.27311096,13.21893673,11.96500924,13.19298747,16.02261857,14.65925001,17.83102863,19.83035134,20.52008682,21.55818523,21.63618916,23.41479292,23.40091702,23.58568341,24.06169912,25.12024278,25.15008805,25.3884125,25.2958787,25.87965278,25.15991791,25.63010849,28.9738031,28.48895959,29.6184869,29.35773565,29.20174479,29.00019361,31.67453968,778.9733022
Central & South America,        Cuba,Neuclear & Renewables,3.467328891,3.422314715,3.688113181,3.73395977,3.722250318,3.74947412,4.054090984,4.183097126,4.390431251,4.466414648,5.256435529,4.503695968,4.458261923,3.014332725,3.032051021,2.478023181,3.209661761,3.145653567,2.795161693,3.134710896,3.244062305,3.149908513,3.23024003,2.602336049,2.671880771,1.49870379,1.5371073,1.608105302,2.041000789,1.977705464,1.632772093,1.664509853,1.975870991,2.698271574,2.410157935,2.47621039,2.505394948,2.184842107,2.089471486,2.42213138,2.390698047,2.436838222,124.3536832
Central & South America,        Dominica,Neuclear & Renewables,0.0273955,0.03062729,0.0275713,0.0462354,0.04894272,0.042853594,0.039788814,0.042738738,0.048398912,0.048905216,0.048764576,0.048923968,0.048483296,0.048328592,0.051383996,0.057406904,0.05756278,0.05984818,0.080668467,0.095878976,0.095644576,0.081744363,0.08942067,0.086032125,0.099779392,0.079688089,0.079050521,0.061684997,0.058610548,0.068346352,0.068318224,0.102199572,0.076396234,0.104552069,0.087374065,0.069236486,0.10104984,0.076547129,0.067161753,0.05525687,0.105847715,0.105948214,2.82059087
Central & South America,        Dominican Republic,Neuclear & Renewables,1.96622045,2.704390293,2.545372454,2.660081368,1.95464988,3.287482854,2.87703732,3.02223933,2.63169084,1.904246848,1.270926762,1.777635102,1.693416354,3.493105859,1.738243889,1.947385824,2.719003375,2.123169416,2.277775261,3.393029658,2.496534335,2.345965444,2.843943263,3.781597761,4.887143603,5.798959017,5.305187213,5.1489476,4.222576532,4.398128068,4.319937502,4.615079332,5.465532928,6.189486411,4.620364173,3.63461519,5.360776931,7.73523809,7.199933536,6.069970246,7.496796155,7.696105303,159.6199215
Central & South America,        Ecuador,Neuclear & Renewables,2.685351739,2.408114553,2.726090752,5.277009403,9.67536396,11.51231193,13.06909506,13.69471276,14.34120261,14.87635539,15.04691948,15.3651837,14.92073434,17.37412882,19.64379941,15.43641434,19.02904322,19.35789382,19.24391096,21.31312179,22.53532529,21.2179759,22.26111743,22.14130182,23.14005737,21.81614126,22.28082432,29.48417306,33.35321726,27.83681015,25.98629599,33.45799494,34.83850165,32.18297995,33.77553398,37.34901589,43.73603499,55.02648937,55.91296058,64.04358869,62.96499856,65.97079707,1058.308894
Central & South America,        El Salvador,Neuclear & Renewables,4.696405877,4.719666561,5.090744908,4.555735991,5.23687104,4.882248745,5.021787944,4.779472549,5.24107852,5.710626256,5.689168108,3.912800524,4.27306219,4.766272606,4.934401866,5.728171389,7.037196941,5.844211988,6.090486106,7.359336084,6.680258774,7.13060329,6.770877228,7.80682385,7.566401528,8.509102072,9.426809716,9.483889046,10.75929988,9.446040478,11.2008333,11.05979336,10.64627513,10.78141992,10.78324911,10.40602304,10.49413986,12.60014915,12.79689747,12.38581379,14.23204165,14.85167835,331.3881665
Central & South America,        Falkland Islands,Neuclear & Renewables,0,0,0,0,0,0,0,0,0,0,0,0,0,0,0,0,0,0,0,0,0.00059772,0.00060651,0.00059479,0.00074129,0.000733672,0.0007325,0.00087314,0.00087021,0.005774444,0.00571936,0.01429254,0.017080728,0.019517316,0.019568591,0.01950501,0.0174628,0.0197482,0.0175507,0.017873,0.0174921,0.0172284,0.0172284,0.231771497
Central & South America,        French Guiana,Neuclear & Renewables,0,0,0,0,0,0,0,0,0,0,0,0,0,0,0,0,0,0,0,0,0,1.60461157,1.636398261,1.693942875,1.740269984,1.804699512,1.857104613,1.920055956,1.989295958,2.03323248,2.138163984,1.989904812,0,0,0,0,0,0,0,0,0,0,20.40768001
Central & South America,        Grenada,Neuclear & Renewables,0,0,0,0,0,0,0,0,0,0,0,0,0,0,0,0,0,0,0,0,0,0,0,0,0,0,0,0.000289484,0.000288605,0.000285968,0.0048638,0.0048345,0.0070906,0.0070906,0.0070906,0.0041899,0.0067976,0.0088779,0.0093174,0.010958493,0.0107824,0.0130678,0.095831803
Central & South America,        Guadeloupe,Neuclear & Renewables,0,0,0,0,0,0,0.09182034,0.09158301,0.09074796,0.09169728,0.09143358,0.09173244,0.09090618,0.092730398,0.092793393,0.092757354,0.09391822,0.104734315,0.11950884,0.11984872,0.376600518,0.326977452,0.381528192,0.63485775,0.686716992,0.638676126,0.651003808,0.657394724,0.609203842,0.62626992,0.623154744,0.663301604,0,0,0,0,0,0,0,0,0,0,8.231897995
Central & South America,        Guatemala,Neuclear & Renewables,1.725769414,1.206715519,1.654032759,2.635422488,2.00971044,2.231447859,5.380671924,5.336236716,5.765520392,6.589977856,7.348212046,7.509829088,6.53009393,6.859639527,7.278391904,7.059812439,6.951857175,6.960894174,6.601115372,8.942677026,9.108078163,8.73278296,7.81647527,12.29136787,11.8118344,12.33456457,13.30428909,13.51937775,13.77036243,12.00800611,14.40914023,15.12917835,17.42428574,18.85477356,19.7752064,18.13986001,19.23964107,23.41258223,21.6943271,20.11346025,24.11677931,24.49931689,458.0837169
Central & South America,        Guyana,Neuclear & Renewables,0.0152067,0.0153239,0.0153239,0.0154118,0.0152946,0.015304855,0.01530339,0.015263835,0.01512466,0.01528288,0.01523893,0.01528874,0.03514535,0.027099277,0.03010868,0.0351014,0.03014384,0.028958069,0.017926326,0.017977308,0.122544613,0.142295743,0.166918584,0.151297875,0.164342528,0.132422815,0.131653983,0.137271086,0.131079996,0.13011544,0.135058643,0.154674407,0.196305019,0.238985743,0.221668857,0.177352021,0.231005009,0.235928288,0.243807058,0.246305176,0.242654103,0.242654103,4.382162205
Central & South America,        Haiti,Neuclear & Renewables,0.697003929,0.716678879,0.790259969,0.826073945,0.85037976,0.939718097,1.022266452,1.013518644,1.004277424,1.014783232,1.121585248,1.05492306,0.963605508,0.818565527,0.698217828,0.755354,0.81496778,0.592496982,0.905279463,0.79399777,0.83689004,0.84771932,0.766037073,0.7475895,0.754214816,0.767583234,0.778879556,0.440193824,0.516812738,0.5862344,0.5002389,0.34161456,0.613122424,0.393887811,0.250500057,0.22982334,0.195542633,0.347494777,0.528239445,0.461822205,0.280440262,0.343571507,28.92240621
Central & South America,        Honduras,Neuclear & Renewables,2.345726063,2.510502231,2.58731892,2.557446691,2.6459658,2.650800886,3.901180144,3.459677489,5.263355896,5.581250348,6.299725024,6.419644943,6.5763264,6.791071081,5.462972694,4.983846788,5.965861193,6.293901356,5.736729626,6.470562776,6.966584234,6.042281746,5.218047255,5.553981131,4.634608368,5.507025244,6.39012783,6.78019873,7.106401783,8.348760166,9.147982419,8.931227758,9.853942772,9.560683467,10.92407722,12.3557221,14.58536596,17.04105141,18.40631889,16.46019678,15.76494411,16.64360335,316.7269997
Central & South America,        Jamaica,Neuclear & Renewables,0.523513941,0.523726659,0.572785407,0.628802612,0.40989528,0.379560404,0.498890514,0.567814662,0.556587488,0.654107264,0.630891702,0.507586168,0.6060412,0.649415455,0.728443708,0.658668688,0.69075336,0.715185751,0.642360015,0.650179306,0.648589781,0.435969936,0.369605436,0.436093875,0.589872288,0.691410852,0.744004352,0.715314964,0.744903276,0.63770864,0.637447284,0.765785972,0.800209956,0.738015432,0.81921042,0.802757298,0.979201312,1.284918684,1.456850498,1.412111449,1.438396772,1.561006431,30.50459449
Central & South America,        Martinique,Neuclear & Renewables,0,0,0,0,0,0,0,0,0,0,0,0,0,0,0,0,0,0,0,0,0,0,0.044710335,0.044499375,0.04402032,0.049805019,0.093000544,0.098464408,0.095278326,0.09436944,0.0714627,0.045548608,0,0,0,0,0,0,0,0,0,0,0.681159075
Central & South America,        Montserrat,Neuclear & Renewables,0,0,0,0,0,0,0,0,0,0,0,0,0,0,0,0,0,0,0,0,0,0,0,0,0,0,0,0,0,0,0,0,0,0,0,0,0,0,0,0,0,0,0
Central & South America,        Netherlands Antilles,Neuclear & Renewables,0,0,0,0,0,0,0,0,0,0,0,0,0,0.003020537,0.021158116,0.021149912,0.02120734,0.020946863,0.020914047,0.020973526,0.08966679,0.09082707,0.08942067,0.08899875,0.08804064,0.08789121,0.08718801,0.08688036,0.08661666,0.1858792,0.194867268,0.253850805,0.268142759,0.444486567,0.52106241,0.548823867,0.476075776,0.596569389,0.775860777,0.680992065,0.611776382,0.700138443,7.183426502
Central & South America,        Nicaragua,Neuclear & Renewables,1.634592502,1.605806424,1.494646912,1.405651678,1.8953291,1.904151623,1.61316131,2.015500706,1.977680852,3.067011488,2.59245521,2.479719944,2.222798792,2.62216834,2.220696224,2.154269608,2.18526432,2.035202026,1.387462238,1.62800176,1.234101643,1.334593318,1.816189214,2.053697065,2.064965845,2.654610472,2.38763063,2.341066191,3.463092111,3.043557424,3.815418751,3.659300147,4.834984036,6.115064997,6.714579915,6.270841377,6.719896693,7.147068425,7.506860705,7.241000709,7.899125296,8.42497767,138.8841931
Central & South America,        Panama,Neuclear & Renewables,3.028466459,4.483836428,3.749140686,3.076200554,4.9554504,6.162301578,6.69221083,6.552145989,7.043448096,6.875917728,6.962342766,6.425690412,5.957893644,7.079497058,7.272088888,7.425549396,9.110579504,8.610039107,6.431689294,9.307203014,10.36809566,7.486860525,10.07563624,8.177066268,10.9981148,10.87321183,10.49445865,10.61361003,11.47561866,11.07337625,11.9634033,11.67887686,14.91027542,14.3757312,14.40329107,18.07942758,19.08358693,20.94113544,23.03086974,15.84887836,21.05782327,20.9475744,435.1586143
Central & South America,        Paraguay,Neuclear & Renewables,2.184321446,2.411269284,2.327466889,2.640093494,2.958149096,9.895570747,26.50137886,40.87956657,43.37789875,53.54160815,58.11801383,63.00455532,57.68129557,65.91024071,76.19555947,88.18183318,95.04430104,104.9868174,105.2674455,108.114513,110.9382563,96.70297052,100.5031506,106.8812622,105.8859609,104.6238147,109.0537034,108.9328983,112.2566994,110.563121,109.6331015,116.2995067,118.6101867,120.1062711,111.4808803,109.9668801,122.8291406,116.2579886,114.5260079,96.29459562,91.54878819,74.87703867,3377.994123
Central & South America,        Peru,Neuclear & Renewables,22.84815289,25.6881389,27.2941009,25.88172839,27.29909099,30.12347152,32.61572337,34.4342516,32.60232243,32.72851694,32.51554696,36.33366776,30.44916505,37.1229286,39.83430694,40.41037951,42.14586949,41.15044038,42.65138239,45.26361305,49.94560538,54.86594266,55.541821,56.88066545,53.51073797,55.83724557,59.96680838,59.56827974,58.00142649,56.30943705,57.2246914,61.50752426,60.25651183,63.82625243,64.16130086,67.76875583,69.6742699,82.72638121,88.37049237,88.71762353,86.63039555,90.33786167,2121.022829
Central & South America,        Puerto Rico,Neuclear & Renewables,0.620911829,0.379778396,0.318554288,0.339060186,0.4129542,0.560157693,0.682531194,0.784561119,0.822781504,0.831388672,0.416647465,0.364046347,0.409426187,0.363458296,0.203852406,0.26263348,0.409074587,0.305013293,0.308407405,0.475529624,0.454311736,0.402666677,0.339798546,0.305562375,0.413791008,0.405132565,0.412689914,0.474945968,0.450406632,0.499872064,0.459648145,0.432142477,0.342947124,0.819085309,0.96410478,1.05958762,1.049168247,0.996081921,0.633868582,1.218480055,1.184995429,1.263717497,23.85377343
Central & South America,        Saint Kitts and Nevis,Neuclear & Renewables,0,0,0,0,0,0,0,0,0,0,0,0,0,0,0,0,0,0,0,0,0,0,0,0,0,0,0,0,0,0,0,0.01423394,0.022305504,0.022364104,0.02229144,0.021843736,0.021639808,0.013497045,0.016004832,0.01565499,0.015422934,0.015422934,0.200681267
Central & South America,        Saint Lucia,Neuclear & Renewables,0,0,0,0,0,0,0,0,0,0,0,0,0,0,0,0,0,0,0,0,0,0,0,0,0,0,0,0,0,0,0,0,0.000278936,0.000279522,0.000557286,0.003223,0.003516,0.003516,0.0084384,0.0082626,0.0081161,0.0081161,0.04429574
Central & South America,        Saint Vincent/Grenadines,Neuclear & Renewables,0.051742628,0.052066393,0.055134396,0.05548248,0.06729624,0.079585246,0.085698984,0.094635777,0.10587262,0.110036736,0.073146864,0.039750724,0.06060412,0.069472351,0.063474348,0.063449736,0.06362202,0.062840589,0.065729862,0.065916796,0.074722325,0.057523811,0.065575158,0.062299125,0.079236576,0.076172382,0.06673075,0.065121594,0.067664834,0.06577264,0.074321208,0.0711697,0.0697047,0.064296799,0.034273089,0.04887533,0.045443714,0.05614759,0.0666868,0.070447455,0.110531027,0.110531027,2.888806837
Central & South America,        Suriname,Neuclear & Renewables,2.687573851,2.526752011,3.219237587,2.200808849,2.58784632,2.944654102,2.313872568,0.986043741,1.46709202,3.322498112,3.568957406,4.259442964,4.354406022,4.37977865,4.422046244,3.864391064,3.88094322,3.857215201,3.866110974,3.928041798,2.12211403,2.194987525,2.208690549,2.230902,2.242101632,2.405289447,2.505202154,2.496362344,2.491672586,2.46790384,3.425064227,2.935010007,2.372063247,2.63915062,1.998844535,1.447044374,2.577486133,3.409811233,3.497785362,3.351274521,3.355049533,3.427744005,122.4392669
Central & South America,        The Bahamas,Neuclear & Renewables,0,0,0,0,0,0,0,0,0,0,0,0,0,0,0,0,0,0,0,0,0,0,0,0,0,0,0,0,0,0,0.001429254,0.00170819,0.00250808,0.005591026,0.00557286,0.005460934,0.005409952,0.005567,0.0055084,0.0091123,0.0089658,0.0089658,0.065846183
Central & South America,        Trinidad and Tobago,Neuclear & Renewables,0.0760921,0.055129122,0.052071374,0.0462354,0.03670704,0.048975536,0.07651695,0.088530243,0.078648232,0.0764144,0.094481366,0.0764437,0.09090618,0.084575036,0.096722816,0.099706728,0.05150354,0.053863362,0.053778978,0.053931924,0.05977786,0.087799501,0.077497914,0.0355995,0.067497824,0.070312968,0.084281743,0.063712264,0.066406106,0.06577264,0.011434032,0.011387152,0.011152752,0.011182052,0.01393215,0.016382802,0.016229856,0.016196454,0.016004832,0.01565499,0.015422934,0.015422934,2.240295287
Central & South America,        Turks and Caicos Islands,Neuclear & Renewables,0,0,0,0,0,0,0,0,0,0,0,0,0,0,0,0,0,0,0,0,0,0,0,0,0,0,0,0,0,0,0,0,0,0,0,0,0,0,0.002667472,0.002609165,0.002570489,0.0031351,0.0109875
Central & South America,        U.S. Virgin Islands,Neuclear & Renewables,0,0,0,0,0,0,0,0,0,0,0,0,0,0,0,0,0,0,0,0,0,0,0,0,0,0,0,0,0,0,0,0.0019631,0.00246706,0.0034867,0.0200119,0.0362441,0.036057459,0.0195431,0.037344608,0.03652831,0.035986846,0.043903999,0.273533373
Central & South America,        Uruguay,Neuclear & Renewables,6.878237995,7.753069191,7.435573805,18.33505075,18.27730367,16.86399942,18.93880801,18.98302288,14.13532909,10.64876739,20.04672188,16.88623343,20.5798301,19.76122795,20.85875204,17.63207313,17.29538097,19.16306376,25.04781201,16.95508726,21.35596366,26.6378105,26.50945394,24.47322348,16.25271498,20.25947885,13.32225644,23.33896569,16.22860694,18.9271012,27.57298182,22.24917006,19.5153277,26.97876522,32.76300275,33.40913953,35.33962306,36.43944984,36.60667051,38.15095338,32.09722119,33.98919134,914.8924165
Central & South America,        Venezuela,Neuclear & Renewables,45.45250224,47.11210376,49.08557391,57.57191281,60.6926353,68.61184516,78.1495211,94.96331818,103.9991654,106.1457426,112.5108676,135.4641755,142.2063821,142.5015178,154.2371186,155.0292071,162.6274182,170.7922075,172.0131713,179.8949255,186.5723999,181.8501591,176.3207345,177.8137128,204.4424919,223.8411886,234.5964468,238.0781948,248.0244338,243.2468432,217.4050519,236.3343215,227.3713171,232.3685132,176.8511349,201.8401388,167.8028574,162.5821216,154.3582483,128.8972623,160.2805281,156.4241664,6576.363579
North America,        Bermuda,Neuclear & Renewables,0,0,0,0,0,0,0,0,0,0,0,0,0,0,0,0,0,0,0,0,0,0,0,0,0,0,0,0,0,0,0,0,0,0,0,0,0,0,0,0,0,0,0
North America,        Canada,Neuclear & Renewables,865.0068418,908.6421757,884.0443454,942.9978628,1004.207761,1080.514869,1144.736801,1168.497593,1164.114866,1139.361634,1140.877925,1200.883052,1196.804497,1257.209906,1302.916683,1296.919075,1339.948743,1285.144269,1202.17166,1254.04697,1281.59241,1248.959655,1280.083362,1250.700248,1293.213121,1344.835492,1336.048438,1347.515225,1375.185919,1334.12682,1305.646813,1376.077516,1364.500995,1443.622203,1442.599236,1404.2771,1415.02152,1443.480182,1419.997511,1384.129885,1365.732288,1358.257586,52594.65105
North America,        Greenland,Neuclear & Renewables,0,0,0,0,0,0,0,0,0,0,0,0,0,0,0,0,0,0,0,0.512353278,0.511100703,0.478355902,0.542485398,0.5339925,0.563460096,0.594730521,0.569628332,0.590786448,0.583218844,0.7578152,0.837542844,0.95367398,0.953560296,1.045521862,1.09228056,1.144065673,1.073875472,1.036573056,1.103853181,1.043666,1.2852445,1.2852445,19.09302915
North America,        Mexico,Neuclear & Renewables,55.23543002,79.11980876,74.8144946,67.78927198,76.35322541,85.38016074,71.81987843,68.50703349,76.75102418,89.70026759,94.48305134,98.50587248,113.7792572,121.9966655,99.77506791,134.3720198,142.3063156,134.6958715,127.2219258,149.9081206,149.7590475,137.7910409,127.9128034,117.0583506,128.7480283,142.6031856,146.3521247,137.6360345,164.5101272,129.0336518,147.904267,157.2702297,146.138099,145.7952489,176.5596339,165.4011801,168.0249201,177.5747479,193.485734,185.2447935,210.8762093,243.9298572,5462.124078
North America,        Saint Pierre and Miquelon,Neuclear & Renewables,0,0,0,0,0,0,0,0,0,0,0,0,0,0,0,0,0,0,0,0,0,0,0,0,0,0,0,0,0,0,0.005717016,0.005693576,0.005576376,0.005591026,0,0,0,0,0,0,0,0,0.022577994
North America,        U.S. Territories,Neuclear & Renewables,0,0,0,0,0,0,0,0,0,0,0,0,0,0,0,0,0,0,0,0,0,0,0,0,0,0,0,0,0,0,0,0,0,0,0,0,0,0,0,0,0,0,0
North America,        United States,Neuclear & Renewables,2393.080746,2467.43421,2669.460127,2841.561264,2927.185517,2976.756808,3073.935978,3040.092049,3235.810654,3468.192769,3558.307287,3659.552022,3603.837204,3660.202584,3715.546821,3995.007256,4131.037923,3988.068576,3972.831243,4138.348596,4092.226903,3864.346197,4064.388525,4073.8381,4189.204277,4217.60431,4351.567672,4389.750008,4571.324798,4677.557082,4893.843124,5122.3556,4957.962714,5188.506664,5303.039192,5300.026159,5519.439493,5731.254461,5804.937222,5837.897642,5793.919367,5947.951524,175409.1907
Europe,        Albania,Neuclear & Renewables,8.46688839,8.80069743,9.006317505,9.269244278,9.396359984,9.646514301,9.756588834,11.61281562,10.77840524,11.42338965,8.7996983,10.00232032,9.201396026,9.851398653,11.28532044,12.65111181,16.9949669,14.76824835,14.93506908,16.03111469,14.67117921,12.38452371,12.50524733,16.09595998,16.3564613,15.95400617,14.99975439,10.83018713,13.28637624,16.35077593,19.48600397,15.12158936,16.27403835,21.58457105,16.10037989,17.3364751,22.62952508,15.00917698,21.67350534,15.91023314,15.93236167,22.49130204,585.6614994
Europe,        Austria,Neuclear & Renewables,92.03561999,96.63133935,96.14165753,96.79623242,96.96137338,104.4229635,102.178263,81.63545197,114.0620251,113.7776229,105.0468435,107.2694506,114.95555,118.1556766,114.9642497,120.2487259,114.5690853,118.2293163,121.0531993,129.7870559,135.860775,136.7290908,134.0904336,119.9679651,130.2160914,133.2634103,136.9183597,144.3973028,146.0965997,143.1069736,137.5950942,130.5625624,151.9640791,155.0492759,154.2872057,144.1675876,148.6844808,150.0246737,145.1650384,153.9231184,152.9821392,149.219277,5293.193237
Europe,        Belgium,Neuclear & Renewables,39.54157767,42.18644355,47.67333471,69.81106896,82.32596536,99.67632573,115.116012,119.3878213,123.8844624,117.7109044,121.9207653,125.4749834,128.0530259,125.2265569,130.3354892,133.4508298,135.2210579,144.8953451,145.703137,152.7121845,155.4829332,156.0331933,151.4713788,149.7127614,152.8523203,153.0612641,154.769397,159.9662232,164.3013844,151.932612,158.4139446,166.4403283,154.9475976,166.1573372,150.653742,137.9638655,174.1904247,174.3255446,149.285665,179.1201099,162.0610949,197.0762923,5720.526705
Europe,        Bosnia and Herzegovina,Neuclear & Renewables,0,0,0,0,0,0,0,0,0,0,0,0,10.32388664,7.651954891,10.54928451,10.62632476,13.78765646,11.49267302,11.20225582,12.90228254,14.1042626,14.43971068,14.43060951,12.22056472,13.81212958,12.65647371,11.14136075,7.018909346,8.203342801,11.63279177,14.8364696,7.548854051,10.10433852,14.32944862,10.85912732,10.65104986,8.608049051,5.664977442,8.58581709,9.525557455,5.886582718,10.31503072,325.1117766
Europe,        Bulgaria,Neuclear & Renewables,37.45572591,45.46153983,48.56153608,54.19246663,55.48261478,56.69524831,51.60063727,51.65224131,62.49207927,60.71360472,53.86709248,50.49623589,44.41301882,48.79193634,51.82304156,60.46324238,66.62012375,58.74410883,58.83150194,56.59217121,60.51309691,58.53723852,66.60671167,57.11176627,54.7795437,61.86653335,64.49513129,50.34538513,51.51547711,51.90218555,54.36682742,50.06739142,54.78366621,56.4742891,60.161104,60.67812125,61.50518759,58.97427205,64.23013564,61.7871494,64.48213498,66.26330688,2366.396823
Europe,        Croatia,Neuclear & Renewables,0,0,0,0,0,0,0,0,0,0,0,0,12.88807702,12.4608546,16.27078488,19.47896963,23.62418039,19.89134076,21.09466509,22.09163305,21.45282067,22.95077175,19.10836125,17.81972821,23.44401469,23.11167944,22.59624409,18.48857161,21.30677746,24.48501585,30.51771415,22.28701629,22.20799243,29.77471362,31.61818465,27.32256117,28.21232569,26.27888169,31.50768585,28.20587442,26.78800259,30.15298512,697.4384269
Europe,        Cyprus,Neuclear & Renewables,0,0,0,0,0,0,0,0,0,0,0,0,0,0,0,0,0,0,0,0,0,0,0,0,0,0.002929707,0.002906267,0.008688036,0.04330833,0.08865008,0.211529592,0.509575052,0.716564316,0.92251929,0.87493902,1.09086244,1.148638231,1.175484649,1.273806073,1.343281061,1.53462266,1.998390678,12.94669607
Europe,        Czechia,Neuclear & Renewables,0,0,0,0,0,0,0,0,0,0,0,0,0,35.98105544,39.72500768,38.19926908,38.7922961,41.92961,39.67636324,40.85519483,37.60817293,42.73062014,53.81831442,68.9333274,73.63442801,70.51116228,76.83005185,74.76941332,79.80091656,84.4463126,89.31511148,92.16335246,100.1050132,105.0440271,102.371437,96.23103367,89.35413029,98.65511232,101.9558262,104.8949824,107.9089167,108.1229406,2134.3634
Europe,        Denmark,Neuclear & Renewables,-0.149958865,6.252581324,2.900595399,4.858793509,5.573288366,1.330862549,0.966481889,3.443126212,5.504001484,11.16630442,9.838779436,1.886540858,8.520424471,6.936195153,1.489707518,5.996096156,-7.743797792,3.061467928,8.971424428,12.67391248,19.38230365,19.18065431,20.34533195,17.67595516,27.34168733,32.81195894,22.5322986,31.49343668,33.40379609,31.55431299,36.71608345,44.08194024,48.78736994,47.87370188,55.09998374,59.7902832,56.77956229,65.44947594,62.59368552,68.17134867,69.38270267,72.42698058,1036.351681
Europe,        Estonia,Neuclear & Renewables,0,0,0,0,0,0,0,0,0,0,0,0,-3.271413855,-1.354967952,-1.082309477,-0.74872927,-0.852898974,-0.900464301,-0.358530622,-0.561874966,-0.82668485,-0.726662268,-0.594611563,-1.746313402,-1.622269215,-1.270044246,-0.37840657,-1.996787968,-0.368278439,1.631342253,-0.26735957,-0.201210425,1.882573345,-0.004102,1.330763808,3.542716033,2.434033333,2.51055878,3.665103598,7.91371025,10.28047752,10.73711509,26.79448609
Europe,        Faroe Islands,Neuclear & Renewables,0.149140516,0.150073721,0.150088078,0.151035933,0.14988708,0.149987579,0.149973222,0.149585583,0.187545784,0.217016896,0.225536164,0.226273352,0.251507098,0.221776974,0.228522713,0.228328454,0.212509677,0.226273938,0.230194864,0.209780089,0.226513319,0.229184014,0.286408379,0.260537944,0.296262555,0.317340096,0.333964916,0.345106241,0.311502364,0.304518709,0.230853235,0.304606316,0.30670068,0.310301943,0.43468308,0.513327796,0.424681232,0.45889953,0.455604159,0.404420575,0.403566773,0.403566773,11.42758834
Europe,        Finland,Neuclear & Renewables,62.7747771,95.10232237,99.77239194,106.4712178,109.6127085,107.0807434,107.3121691,112.5477791,109.7634458,110.0516181,121.3644673,124.3626176,129.6887693,126.4564519,120.4114242,122.6075626,114.7126852,129.2884355,148.9107278,144.7740879,149.6763781,143.9403637,138.4497011,130.3890604,149.0816933,157.0050409,146.9113585,155.2105741,163.4627891,144.0850908,148.9576055,153.1909969,165.9161967,158.25493,162.2898485,170.1063288,170.8515303,172.0599452,174.0926755,173.980993,175.916711,183.4898266,5790.386039
Europe,        Former Czechoslovakia,Neuclear & Renewables,12.63809968,13.67789134,13.37539169,16.92422527,23.69646319,45.10419644,64.75795404,77.33248825,79.2440809,86.5296683,92.03392118,83.82088477,85.05796182,0,0,0,0,0,0,0,0,0,0,0,0,0,0,0,0,0,0,0,0,0,0,0,0,0,0,0,0,0,694.1932272
Europe,        Former Serbia and Montenegro,Neuclear & Renewables,0,0,0,0,0,0,0,0,0,0,0,0,38.3086114,31.30120729,34.37671695,38.62859084,46.27338686,42.17461309,42.77754937,46.03181715,41.73239639,41.71745193,39.11630429,34.53766888,36.84276815,38.97235866,0,0,0,0,0,0,0,0,0,0,0,0,0,0,0,0,552.7914409
Europe,        Former Yugoslavia,Neuclear & Renewables,83.31312309,77.41636302,77.8701749,78.6073459,90.67480493,87.68484365,97.43584088,90.71378477,86.17374831,84.79430372,71.78965899,63.43656419,0,0,0,0,0,0,0,0,0,0,0,0,0,0,0,0,0,0,0,0,0,0,0,0,0,0,0,0,0,0,989.9105569
Europe,        France,Neuclear & Renewables,442.5986675,525.1257636,527.0314907,614.3845341,732.37363,807.1021704,887.149052,932.9250077,973.2959817,972.3471689,1038.271305,1088.193843,1141.011331,1206.23139,1220.568202,1248.506558,1283.537695,1280.328944,1261.060705,1303.162557,1342.106806,1387.828866,1382.539847,1402.561246,1423.241187,1421.117048,1428.836841,1412.307713,1442.796796,1367.492268,1446.608783,1423.804656,1433.033743,1464.046089,1468.086445,1462.529836,1401.233271,1372.010439,1445.288308,1403.390902,1301.401228,1377.241895,50494.71021
Europe,        Germany,Neuclear & Renewables,0,0,0,0,0,0,0,0,0,0,0,478.4708734,522.1614861,522.9943708,529.1110069,546.4747319,564.9109233,585.1949822,582.2886042,609.6100027,650.1124109,677.8788064,674.8688543,658.9064171,686.9865541,671.1302789,703.1114282,683.8497886,713.9709487,672.3508108,725.7364782,688.3707438,689.7062847,700.6890887,725.9621615,753.971655,723.1916449,766.9362135,778.0820065,823.5421091,819.1376877,789.3597183,20719.06907
Europe,"        Germany, East",Neuclear & Renewables,40.75783972,38.4215629,37.69231462,40.83883078,34.75460637,41.21017224,39.70642767,43.01676629,39.92139621,36.34994654,21.42983072,0,0,0,0,0,0,0,0,0,0,0,0,0,0,0,0,0,0,0,0,0,0,0,0,0,0,0,0,0,0,0,414.099694
Europe,"        Germany, West",Neuclear & Renewables,185.9503967,220.3922431,262.6398,266.4072139,323.8920808,427.992047,426.6117293,468.0262295,503.3487999,478.5824095,482.838589,0,0,0,0,0,0,0,0,0,0,0,0,0,0,0,0,0,0,0,0,0,0,0,0,0,0,0,0,0,0,0,4046.681538
Europe,        Gibraltar,Neuclear & Renewables,0,0,0,0,0,0,0,0,0,-0.000999716,-0.000999716,-0.000999716,-0.000999716,-0.00499858,0,0,0,0,0,0,0,0,0,0,0,0,0,0,0,0,0,0,0,0,0,0,0,0,0,0,0,0,-0.008997444
Europe,        Greece,Neuclear & Renewables,11.26155931,10.99892964,12.14663554,9.421035858,11.68208668,9.753510869,11.41332188,9.495282644,7.832662055,6.527177701,6.477840896,10.52901536,7.872801883,8.243945862,8.668294246,11.89344662,15.00970907,14.4978788,13.44858456,15.05633533,13.03539361,11.82297309,13.92643123,19.96984278,20.56165737,22.81825019,26.50486761,17.84560772,22.20592092,27.7156948,36.10409112,26.91230608,28.45802026,42.28906826,43.01196695,49.59990318,49.64647465,43.50230977,47.4666027,51.80640267,53.86510389,59.36486273,940.6638055
Europe,        Hungary,Neuclear & Renewables,20.2136097,18.93039334,19.02421136,27.94071323,33.24930686,44.26577489,45.46498111,51.56660884,60.56062649,61.80048793,59.44039901,49.44229379,44.88656805,44.22845255,43.20879966,43.3282036,43.23252152,40.35738109,39.10815478,40.34878242,42.27360812,44.3600494,46.70093012,40.20158215,44.52771748,51.60209758,47.47360657,48.67998016,49.92234206,54.9920607,55.30194453,55.54531971,56.70872924,58.31093997,62.34817994,64.61397267,63.27803536,65.65264771,67.16633728,68.66973112,69.24809906,71.54064533,2059.716827
Europe,        Iceland,Neuclear & Renewables,9.568984157,10.05499996,11.13695315,11.86937667,12.31287642,12.04302957,12.73130562,12.92394784,13.56202478,13.88509596,13.83252678,13.87943344,13.76681977,14.24370423,14.53792369,15.02045719,15.60125585,16.7577875,18.81693027,21.55203575,23.12593242,24.43515985,25.23223529,25.40005573,25.49010957,25.48434304,28.83764688,34.70089185,47.42895396,48.02347557,48.09616067,48.2143847,48.55053716,50.51523137,49.83953645,50.8477348,49.3400699,51.03932076,51.99395637,49.99640455,48.36538196,49.62162034,1182.676612
Europe,        Ireland,Neuclear & Renewables,2.61157053,2.685292553,2.511618268,2.458573841,2.156246772,2.543189897,2.79579721,2.054722565,2.607901877,2.195446949,2.379128942,2.408980075,2.656046758,2.497799509,2.965578697,2.266161327,2.226866804,2.458524617,3.625528088,3.651275756,3.678287133,2.957966264,4.705353218,4.575024474,5.697838857,7.566136656,8.963200797,9.4118046,10.78910032,12.4942777,11.11783548,15.91242742,15.29991561,18.29795548,20.29798989,22.5235798,19.93671825,23.87078589,27.43687072,31.6601402,34.47200143,30.94467698,394.3661376
Europe,        Italy,Neuclear & Renewables,156.4703739,154.8341711,163.9681367,165.7705227,178.7416227,178.096386,185.8514951,153.7201233,162.6045458,145.5041328,139.1963585,176.958604,174.8068642,177.2453233,183.6783416,168.4063012,180.3114461,181.5985345,185.3338725,199.4911737,199.8781783,218.134902,200.3970207,195.2447097,213.7509431,199.5629622,199.9962427,190.1990859,213.2903134,244.8696328,265.4648152,284.2521398,305.6240834,363.7785942,390.0401294,353.5004669,337.4822603,324.456783,354.5682257,292.0097335,338.0204591,342.1191476,9439.229157
Europe,        Kosovo,Neuclear & Renewables,0,0,0,0,0,0,0,0,0,0,0,0,0,0,0,0,0,0,0,0,0,0,0,0,0,0,0,0,0.628424642,0.834161624,0.908936396,0.722487604,0.427198688,0.063446513,0.914397916,0.51868911,0.158838523,0.850580172,0.954621542,0.832076636,0.61515643,1.280326788,9.709342584
Europe,        Latvia,Neuclear & Renewables,0,0,0,0,0,0,0,0,0,0,0,0,11.6553642,11.1836679,11.81750102,11.15139805,8.906895573,10.66602831,10.56419645,10.10617329,10.35408733,10.44027796,9.566154949,9.554854818,11.4334419,12.11340641,10.58162761,11.12698558,11.70396704,11.7654818,11.19586402,9.936913633,13.10544786,11.02982883,10.00741236,9.34682013,10.42602674,14.60560288,10.20020519,9.411269582,10.95351024,10.97675042,325.887163
Europe,        Lithuania,Neuclear & Renewables,0,0,0,0,0,0,0,0,0,0,0,0,38.96528183,36.73955655,25.42345618,32.62750958,36.12401307,31.8302979,35.56720876,27.90992479,25.32047488,30.79930122,36.66432148,39.53135607,39.00182772,28.31375761,25.87960326,28.83696067,29.46040197,30.42092629,8.710566528,10.03356877,10.05534599,11.42021793,12.07273098,12.05057139,14.32708118,15.84775763,15.86406249,16.12028953,14.87507528,15.92924005,736.7226876
Europe,        Luxembourg,Neuclear & Renewables,22.23882365,18.27705198,17.56249061,17.20460664,19.52675236,19.24696021,17.88806225,14.88525527,16.10704095,16.43890447,16.27310954,15.68608697,14.07859667,14.59190982,13.23021723,9.754334492,8.969244801,7.637530501,5.920374994,6.033876748,6.326515772,6.263828715,4.001902703,4.221872453,4.054981704,3.972880467,4.382057311,4.848830044,5.175167291,4.187291128,4.954338758,5.360939546,5.132723018,6.139398354,6.151042174,6.950165979,7.715130086,8.001317543,8.182841591,8.157137287,8.158408907,8.404841245,422.2948413
Europe,        Malta,Neuclear & Renewables,0,0,0,0,0,0,0,0,0,0,0,0,0,0,0,0,0,0,0,0,0,0,0,0,0,0,0,0,0,0.00285968,0.005717016,0.02846788,0.080857452,0.100638468,0.20898225,1.333764714,1.895703554,1.327629001,1.149495842,1.163778127,1.041768532,1.188384267,9.528046783
Europe,        Montenegro,Neuclear & Renewables,0,0,0,0,0,0,0,0,0,0,0,0,0,0,0,0,0,0,0,0,0,0,0,0,0,0,6.692090407,5.739246496,5.862710836,6.841065964,7.785716716,4.954927688,5.290774836,6.58797022,5.100954786,4.563942628,5.251314768,4.129822987,4.718720757,4.335799936,3.139496758,4.139642589,85.13419837
Europe,        Netherlands,Neuclear & Renewables,16.01674626,14.91245211,13.02596517,14.6645287,13.05353471,13.76537235,12.63862034,11.72287843,15.42275351,16.07157242,18.34828292,16.93091857,17.01239601,20.73298531,23.0165397,26.06716253,26.3032587,23.33582239,26.59808409,37.32393011,41.63936039,40.31805521,41.50128151,43.97809196,45.91193533,54.88765513,55.73486024,54.80984957,58.45556917,51.176736,50.71640253,61.22001215,68.62413417,63.24663397,60.75890487,60.50251551,58.98648048,61.32084224,71.82299653,74.08803362,88.29231675,112.3778362,1697.334309
Europe,        North Macedonia,Neuclear & Renewables,0,0,0,0,0,0,0,0,0,0,0,0,2.716609858,2.165446093,2.68043725,2.850554808,2.894581574,3.019346834,3.914260543,4.659815744,4.216486527,2.92288596,3.412424207,5.238432144,5.590519403,6.043212314,6.654533374,5.858848217,5.506432212,5.047520083,8.518111236,7.065389108,5.660651883,6.861196529,6.544692655,8.003382607,7.577583287,5.493047386,7.115936296,5.307759753,6.123729007,6.685669019,156.3494965
Europe,        Norway,Neuclear & Renewables,255.4163052,279.3550674,277.3442277,312.3238712,316.7529993,314.8655188,297.8840694,315.0755476,324.7733932,349.4414186,354.7600056,335.3827445,345.9444085,353.4284434,339.0240963,362.2027579,326.50379,334.0619386,351.5983985,364.2000812,406.0809445,369.7213893,376.3142649,322.7710095,333.3815515,387.296861,350.7626807,380.7915478,391.3933092,351.6818147,347.308419,346.5975814,385.2920671,361.9670341,371.4100535,370.2147178,378.7738713,379.555847,373.3061136,341.287083,373.0739803,387.2224961,14596.54372
Europe,        Poland,Neuclear & Renewables,-6.42280612,-4.795463903,-9.895768522,-9.913915184,-13.54129738,-8.3245109,-6.322418753,-10.73383261,-12.55689502,-15.90665737,-25.87637763,-25.26841464,-19.4013091,-12.28164232,-21.46431096,-22.92833351,-13.76770785,-20.51821367,-21.2112035,-20.34107525,-29.46904459,-30.16424892,-33.11330622,-46.32471021,-41.64038267,-36.77313904,-49.28666655,-40.32581092,-30.76567038,-16.10010915,-20.37321149,-19.30442132,-20.52884664,-14.81471962,-4.005134786,4.112609823,7.032283331,15.1005376,10.52172903,27.27330933,35.70347662,22.82247994,-611.8951504
Europe,        Portugal,Neuclear & Renewables,27.59509658,19.66742723,25.21171006,27.15415385,31.36230921,37.3706475,29.65214146,32.4137737,40.85152002,20.75784167,29.84574444,29.81786021,17.71589311,28.39378323,35.85068861,29.05188936,48.2371218,44.66442249,41.60289391,24.57558889,39.26960804,48.25817531,31.62915926,55.89884677,43.2497341,31.95118032,51.84398813,55.15347997,52.59330164,57.80896593,83.92124518,72.09087061,62.3565281,85.56406834,89.01626583,69.34281482,82.67056325,58.4822266,76.07435006,75.01920315,79.3425459,84.88624214,2008.21587
Europe,        Romania,Neuclear & Renewables,61.85722299,63.55271495,56.75315039,44.47630652,49.95766614,53.89238219,51.05440968,50.89466608,56.19506186,55.0156768,51.21231353,53.97452474,40.4101709,42.79608279,39.86753665,48.42051372,50.19372686,70.3860381,73.18044063,71.40001998,63.69096876,65.67552691,66.64707506,61.30567451,75.14784831,78.40020838,70.53920561,74.372144,87.24877556,84.08244762,100.8805888,88.05419711,84.20027464,96.78644183,111.1842916,107.6965734,109.7211688,104.8106107,108.727697,107.8877943,107.6057803,112.2007104,3052.35663
Europe,        Serbia,Neuclear & Renewables,0,0,0,0,0,0,0,0,0,0,0,0,0,0,0,0,0,0,0,0,0,0,0,0,0,0,39.38299025,36.50343899,35.70817282,33.94433861,39.972479,29.50624827,27.44148254,27.31508644,34.45381843,30.58223715,32.79889818,31.71581049,35.48114558,34.33467994,29.58195683,37.92703985,536.6498228
Europe,        Slovakia,Neuclear & Renewables,0,0,0,0,0,0,0,0,0,0,0,0,0,55.44507914,58.36482619,54.58348304,55.42084804,53.30009528,54.77573177,57.8959462,66.29908101,67.52234605,71.3318295,69.1440612,68.45136818,68.23358363,72.43349895,67.86510038,69.5056525,61.86336954,64.73491604,65.87427232,66.40420384,68.47390281,69.20725661,69.34723268,69.69930909,71.80121667,69.66696248,70.40547543,69.00338897,70.42429921,1897.478337
Europe,        Slovenia,Neuclear & Renewables,0,0,0,0,0,0,0,0,0,0,0,0,19.87232886,18.97489916,21.80786665,21.87698564,22.64132214,22.11700333,22.86124062,23.38572029,24.23243725,25.08852202,25.01663622,24.28442688,27.2739677,27.06027636,26.70155206,26.32148887,28.58878499,27.11685407,27.35555121,27.16127228,26.56363081,27.90624998,33.57478122,27.77432615,28.56939571,29.19430728,29.66489693,29.31578098,30.36918073,29.81143736,782.483124
Europe,        Spain,Neuclear & Renewables,109.8975546,100.5430317,108.7948133,120.1384258,174.5686236,185.3502559,199.8074669,213.7723892,258.408904,228.7205404,232.7243104,241.7362298,217.9107868,235.5393835,246.9524555,241.1474504,288.1863824,264.7470425,278.4276169,253.4110747,283.4187538,329.3335523,284.3219574,338.8758301,319.2209553,283.0949689,311.3198112,312.3553468,332.8160973,353.4254436,441.1614981,401.2709733,398.7953284,460.4074961,461.7662142,422.2233408,450.1047503,405.7788017,443.9666335,434.9231642,460.7600944,479.9062318,12610.03198
Europe,        Sweden,Neuclear & Renewables,258.7252119,286.6285495,282.3078973,319.2152069,355.0806718,384.4947402,383.14037,407.3318119,406.6041552,410.5006995,414.8864108,413.8341927,407.9072882,403.467378,394.8460156,409.2770104,379.3040228,410.2502806,430.0068563,422.2587124,414.8077095,448.6982436,411.8025028,379.0836848,424.4088794,439.5419347,407.4937814,418.0703621,417.2529873,379.9992322,405.9624072,407.8376145,438.094254,411.4824856,409.259986,419.6267291,412.1232625,427.6626016,425.3847118,426.878289,400.6153951,415.1383363,16721.29287
Europe,        Switzerland,Neuclear & Renewables,132.0606075,141.0133204,142.7824544,143.8413646,139.5954193,152.3773503,155.3674329,161.0158661,166.3031498,156.4994017,160.0544496,163.930197,165.578952,171.2393032,180.0005333,172.6872187,160.8883337,171.1069956,171.598581,179.9190664,175.2070623,187.9132839,175.6239937,176.1574284,173.2300577,163.29037,171.2836485,178.3560558,181.0777835,177.958148,178.9096316,172.6870948,179.7358092,181.8703555,182.8797719,173.2337513,163.4590442,162.6121131,171.3616958,176.3338199,177.0578836,166.0215115,7034.120309
Europe,        Turkiye,Neuclear & Renewables,35.69773499,39.6332058,44.07284904,36.5260958,43.14561626,38.57268615,37.13181089,57.35363133,87.36348477,55.37063458,70.44234889,69.6342672,81.1077786,103.3442791,93.6277442,109.4679049,125.4536992,126.398144,133.6113267,109.1523129,101.3278305,81.82522309,109.0767786,109.1872751,137.0694422,117.6893487,130.4429507,106.8621736,100.0150718,109.497781,158.7639205,165.3865359,184.3671618,200.4893083,152.1028764,233.1559674,251.7089612,239.9328983,264.2870917,346.9856423,333.9893891,305.7482612,5437.019445
Europe,        United Kingdom,Neuclear & Renewables,123.1088367,125.9328448,152.0198074,178.6140347,196.9012719,192.9756536,189.6580954,196.9266129,227.468167,253.0343552,245.9366242,277.025722,304.1627225,346.9905984,349.1627607,349.7128251,367.8716624,383.9122773,389.4205581,375.9145739,338.8136113,355.2331185,348.3141957,330.1791969,290.9698288,298.068718,282.3243168,238.73532,221.4658909,259.7528578,239.4190015,284.0011645,303.1144968,348.803233,371.3595795,438.2667671,438.3780705,470.2557008,488.7290082,487.7271405,508.7429235,448.4713526,13017.8755
Eurasia,        Armenia,Neuclear & Renewables,0,0,0,0,0,0,0,0,0,0,0,0,9.402933146,12.81726654,10.53557797,5.75568614,11.92848122,8.90624775,9.03872477,10.46126028,9.636438324,9.355705941,11.71145114,11.79707013,12.62813856,12.93360073,13.17564363,13.35310465,12.90990699,13.55007507,14.29408323,13.94265727,12.1204935,12.30766278,12.1829734,13.554364,12.88962289,13.2384977,11.27522571,12.30420274,12.68218387,11.62289218,352.3121725
Eurasia,        Azerbaijan,Neuclear & Renewables,0,0,0,0,0,0,0,0,0,0,0,0,4.696411444,7.236778872,5.763824508,5.05286704,4.80905588,6.387759511,5.667318219,5.211149742,5.061980219,4.133442416,7.4359591,8.878968864,9.367506516,9.929255785,8.132071723,6.538735672,5.784929884,6.27016484,9.394190612,6.86433368,4.48825604,4.132880442,3.72001004,4.793381259,4.89348676,4.110776522,4.11221105,3.589056327,2.613247955,2.636683853,171.7066948
Eurasia,        Belarus,Neuclear & Renewables,0,0,0,0,0,0,0,0,0,0,0,0,6.494683122,6.060684783,4.009988917,7.276991364,8.690241704,7.986261738,8.935769551,7.84013795,7.968247512,5.48304671,5.553924289,5.81765271,4.095437093,4.889673658,5.2733847,5.23996219,2.718892621,5.319465982,3.689165637,6.635127105,8.829702965,7.795343524,4.574279961,3.826631861,4.537888189,5.094148396,1.536451566,0.682095503,4.281844279,20.80534869,181.9424737
Eurasia,        Former U.S.S.R.,Neuclear & Renewables,785.5834631,761.2986521,845.4830315,899.2315603,1073.712088,1170.04443,1135.792967,1225.137618,1336.054527,1351.79795,1337.046904,1388.21923,0,0,0,0,0,0,0,0,0,0,0,0,0,0,0,0,0,0,0,0,0,0,0,0,0,0,0,0,0,0,13309.40242
Eurasia,        Georgia,Neuclear & Renewables,0,0,0,0,0,0,0,0,0,0,0,0,20.48022124,20.45302791,21.21316015,16.33309514,18.28627943,18.17940036,18.89589845,19.33374681,17.67447346,17.03661832,20.56487158,20.40349538,19.29643736,19.94432922,16.38281519,20.15752012,21.1125041,21.10758317,26.07041131,22.88348957,21.14205081,24.2114022,24.36133879,23.93815743,26.18359897,26.81481473,28.80296564,25.91463845,23.58950091,29.25803918,650.0258856
Eurasia,        Kazakhstan,Neuclear & Renewables,0,0,0,0,0,0,0,0,0,0,0,0,53.45623352,57.28754576,40.15370975,36.74600255,32.56431036,28.33888265,26.99537832,25.96563861,30.31519841,31.94508006,32.70997649,30.88514084,28.62032438,29.86411173,28.57842421,29.38573414,27.95890882,27.23229636,32.25270691,31.91380143,29.42551593,27.32906899,28.88653364,32.52324553,37.08043012,33.27403284,33.10286517,36.962243,38.9445011,41.0376386,1001.735479
Eurasia,        Kyrgyzstan,Neuclear & Renewables,0,0,0,0,0,0,0,0,0,0,0,0,25.75734227,26.14400031,32.64120001,32.54666063,34.75161514,30.79805714,28.84175972,35.26476918,37.70600035,35.42631473,31.17381997,38.13877454,37.6430786,34.41881665,33.39939523,34.14748664,28.17347214,27.72724632,29.72818756,37.17620039,37.47540291,36.18735703,36.89739155,30.55012757,30.91140185,36.74226036,37.05651018,35.75833208,38.09433992,33.4680756,1004.745396
Eurasia,        Moldova,Neuclear & Renewables,0,0,0,0,0,0,0,0,0,0,0,0,0.874800724,-0.834963272,1.561016393,2.961957803,2.713334997,3.165597784,3.212682591,2.53291761,3.02301871,2.659258917,3.392520717,4.618530286,4.070327286,4.297414299,4.64696242,4.074945552,4.149680183,2.542457983,2.67930334,1.67867904,1.608398302,2.34637916,1.681929289,0.816291554,0.677015176,1.981588593,1.834153044,1.622337777,1.092480972,4.553600607,76.23461696
Eurasia,        Russia,Neuclear & Renewables,0,0,0,0,0,0,0,0,0,0,0,0,855.5802905,856.8719013,796.0251442,804.0517031,767.72044,774.9789592,762.052886,806.9254677,867.1549189,907.5342014,889.3091441,881.5227766,923.2052373,923.7888107,949.9762916,959.0793501,933.0224502,968.9900132,960.0220424,961.5446705,973.0203053,1002.018203,1015.133087,1021.777441,1062.351882,1081.089548,1064.8212,1096.278441,1202.337039,1228.271065,28296.45491
Eurasia,        Tajikistan,Neuclear & Renewables,0,0,0,0,0,0,0,0,0,0,0,0,48.68015713,50.05121606,49.10240969,44.32944613,44.80087698,41.63312799,42.45915388,45.49231039,42.62072229,43.77954989,46.07573961,47.99431211,47.8314797,49.46946983,48.66679047,49.17796999,48.92735508,45.07176632,46.55963702,45.63313821,45.98982879,46.30386678,42.85391689,44.62508812,43.23862589,44.49247133,46.2119307,47.15237632,45.10844406,44.90884748,1379.242025
Eurasia,        Turkmenistan,Neuclear & Renewables,0,0,0,0,0,0,0,0,0,0,0,0,-2.937041376,-3.133002999,-2.587171248,-2.007340656,-2.1842271,-1.734540955,-1.481647674,-0.58484851,-0.984771535,-1.840391893,-1.046758029,-1.055797665,-1.163862804,-1.250853039,-1.330900639,-1.450897324,-1.46691915,-1.558975648,-2.400740036,-2.540735436,-2.710862956,-2.840804061,-3.20072907,-3.191899515,-3.191975988,-3.191576922,-3.191677714,-3.191861718,-3.191983606,-3.191992982,-65.83678825
Eurasia,        Ukraine,Neuclear & Renewables,0,0,0,0,0,0,0,0,0,0,0,0,242.3640846,259.8530673,244.7131667,242.0591428,265.3892476,269.1091694,270.6211232,251.1219038,251.1010636,258.7177035,261.5987523,262.5505147,276.2217125,292.336592,304.9669805,311.9657048,299.0206944,273.5797669,294.3692086,285.4252612,278.2579541,271.4857314,289.8791357,296.4728223,275.7242591,292.1105376,291.5918013,284.0207671,287.6500257,320.5026958,8304.780591
Eurasia,        Uzbekistan,Neuclear & Renewables,0,0,0,0,0,0,0,0,0,0,0,0,18.23799244,21.5947071,21.01212699,17.21856106,20.65903621,18.03132636,18.09170809,18.06138025,18.6620282,18.35348924,18.17076301,22.29724257,26.10443769,25.81077375,13.43788449,14.33233643,12.92789895,18.3074393,22.01383188,15.3391735,17.69319645,14.91009229,15.98451216,17.82411588,18.13887992,21.8983304,15.19710425,18.19402076,15.39130113,15.39725167,549.2929424
