Continent,country,Energy,1980,1981,1982,1983,1984,1985,1986,1987,1988,1989,1990,1991,1992,1993,1994,1995,1996,1997,1998,1999,2000,2001,2002,2003,2004,2005,2006,2007,2008,2009,2010,2011,2012,2013,2014,2015,2016,2017,2018,2019,2020,2021,Consumption
Africa,        Algeria,All,228.7983326,194.420095,279.0577712,313.7495593,331.399662,306.6737956,312.5008229,333.6070479,355.5288923,344.4400276,356.8639281,396.8232818,381.5236703,350.860529,361.40023,377.8671247,370.3431497,352.7779951,366.5717649,365.1934793,373.4124765,373.8338912,383.1757088,387.7671825,379.6457791,436.8109319,457.0980362,454.1841294,491.6015128,522.8736257,521.008241,567.9668096,614.9204039,597.1549313,674.0283039,689.3438795,684.6063561,693.3997822,739.1574599,769.2715582,727.0512135,756.4498096,18975.16318
Africa,        Angola,All,17.10536699,16.95811104,18.17265496,19.42966384,17.55334002,21.6188056,21.35110374,22.01995483,22.71153262,21.9753994,23.33090237,24.45408669,24.81372168,24.36090479,23.76852094,25.49548368,24.50408678,27.52409664,24.77252688,27.65079783,32.44793845,35.23382084,37.54619795,41.66594624,46.07675642,39.22956008,49.46300794,56.85450678,66.63663475,75.82437603,83.1784381,87.19885002,91.0685674,101.9183977,112.1765652,116.9990273,106.7511921,101.8297942,105.2786411,118.6538952,117.9072003,96.31113046,2169.821506
Africa,        Benin,All,1.912728682,1.926821539,1.359877624,1.972819461,1.95572674,2.256291419,2.198334189,1.741528911,2.159367602,2.225166506,2.556774038,2.988302909,3.320252161,3.650980484,3.819897239,4.122776292,4.500542936,4.868546832,5.248362328,2.576536628,6.864781414,7.813109336,8.951897004,10.39354145,10.95882131,10.28773585,14.04931509,16.58964966,16.96578303,18.8422484,21.6095399,20.14509607,19.11946888,19.48068791,20.5955385,22.77837955,27.77864229,29.45833842,32.67916043,29.69559206,31.84311553,32.29481553,486.5568922
Africa,        Botswana,All,4.322419679,4.531547398,4.228185072,4.23803369,4.233288007,5.529055982,5.879220414,6.196744175,7.172216534,8.102678615,8.951358341,9.369385769,11.36523907,11.02786802,10.97762293,11.10994931,10.52610346,10.84872986,11.63054977,11.00361853,14.34893814,15.08408694,15.82882998,16.17962246,15.93510595,16.93707741,18.09309964,18.57820171,19.32572803,18.07212961,18.61840945,19.52909985,19.30076814,19.15966636,19.24346094,23.44802486,25.79266194,23.72958717,23.52655414,23.66708062,22.51804107,24.29330146,592.4532905
Africa,        Burkina Faso,All,1.769058441,1.764224837,1.764224837,1.764224837,1.769058441,1.705417411,2.018143909,2.107587408,2.210243968,1.980865112,2.038907333,2.358848628,2.385641087,2.647105246,2.952011464,3.018414093,3.210543458,5.068002068,4.552649024,4.688174556,4.259098682,4.733475851,4.958958341,5.487210862,4.942557558,5.248747422,5.175377055,7.331432966,8.006494507,7.52199763,8.210054774,9.353005501,11.02761891,13.22158929,12.31267811,15.64876631,15.03632327,17.42728446,19.38091634,19.84023352,18.91792494,19.99499822,289.8100907
Africa,        Burundi,All,0.467200178,0.528222041,0.46408543,0.588006563,0.757343288,0.78420755,0.821566941,0.947939604,1.360947915,1.510912714,1.590880673,1.793876195,1.65739203,1.857514587,1.946185846,1.878809053,1.957201175,1.957645762,1.980521048,1.95148631,1.65234009,1.406994195,1.331065912,1.07872004,1.24362203,1.078673442,1.24989959,1.955959731,1.2866365,1.299396475,1.822363185,2.142862192,2.017740645,2.201239978,2.058336408,2.078425478,2.272569699,2.754302046,3.341929376,3.673355499,3.532442461,3.68864584,71.96946571
Africa,        Cabo Verde,All,1.199928517,1.196650236,0.512849934,0.512849934,0.628534041,0.626816651,0.192427124,0.204320784,0.282172778,0.343846136,0.343846136,0.343846136,0.407134895,0.412199145,0.490310799,0.480347005,0.541837487,0.540324953,0.543280564,0.543355004,1.366286772,1.52091783,1.652869667,1.642860448,1.796488328,2.801937351,2.977243912,3.318118318,3.362745552,3.185194661,3.410191241,4.058200662,3.641056547,3.583368648,3.864755413,3.8184568,3.988151071,4.231120461,4.281633714,4.260784421,4.049189053,4.262224567,81.4206737
Africa,        Cameroon,All,13.79852806,15.14569612,17.68703914,17.64919648,17.9488034,19.10423188,20.46466487,19.42509429,19.44820726,22.57318219,22.77579789,22.98368006,23.08487127,20.42413446,21.80393352,22.32822491,22.2348613,23.35513662,23.35679539,22.89068837,23.77787397,23.7016491,23.35330376,25.01653404,26.07801628,25.16806793,28.51888876,30.06768136,30.521604,32.76058963,37.4928513,39.49094453,39.40212732,34.61882429,43.29543097,43.45676865,42.34241833,43.01581758,43.80277617,44.35189528,46.5743632,43.34411225,1178.635306
Africa,        Central African Republic,All,0.804333253,0.981404388,1.050790176,1.099948566,1.05587875,1.026156763,1.255647864,1.162747019,1.166227225,1.166082449,1.239994117,1.300003423,1.250451733,1.36390675,1.430763637,1.433558646,1.502991618,1.502661621,1.496295554,1.496988372,1.446225717,1.485407418,1.468430459,1.380503304,1.478703441,1.481970586,1.537569482,1.528394632,1.235630597,1.189491708,1.211697622,1.322511492,1.348518524,0.993109018,1.143239401,1.431359155,1.507075548,1.507345759,1.540960595,1.558521642,1.499987064,1.561463186,55.64494827
Africa,        Chad,All,1.208014318,1.144477914,1.144477914,1.144477914,0.543606458,0.662592585,1.144477914,1.016519743,0.617526039,0.677153768,1.419116742,1.38760058,1.391402285,0.667667385,0.729977877,0.729977877,0.731977786,0.790630179,0.790630179,0.790630179,1.032109015,0.990625836,0.977890772,0.966628385,1.018407993,1.096100263,1.112656081,1.227899411,1.287626198,1.403829918,1.557126922,2.228691259,3.859255368,4.002830654,4.160330868,4.218677295,4.182083403,6.732137346,7.132948084,7.388994844,6.200311423,6.204634206,87.71473118
Africa,        Comoros,All,0.191594219,0.191125601,0.191126187,0.191164872,0.191624699,0.191122084,0.106965568,0.225384018,0.225670348,0.225391638,0.266586729,0.257332751,0.257789647,0.257258311,0.257262414,0.257084228,0.257788475,0.257202042,0.31338444,0.31340642,0.438372934,0.457553193,0.460440812,0.588462287,0.646031492,0.620536161,0.722190714,0.477226689,0.486494149,0.593332231,0.704704692,0.633074281,0.658123853,0.785302459,0.701458942,0.756782352,0.887315437,1.136778966,1.236898125,1.333395526,1.272179064,1.342364054,21.5652831
Africa,        Congo-Brazzaville,All,3.32849241,3.982908928,3.632640749,3.289372254,3.371467316,4.873418828,4.474523009,5.41799945,4.38368567,5.079124661,5.644260334,5.163084527,4.938614887,4.450374627,4.219910241,4.313729568,4.586255068,4.473840156,4.168137374,3.487881753,3.846986872,4.722327762,4.370219982,4.997136863,5.300821858,7.165573223,8.544927107,10.51465439,11.96820803,14.52519454,19.79296924,23.77716387,24.38869692,30.83146896,29.33168382,29.58127777,28.26798039,21.17071563,19.61644497,16.00923273,13.56861259,13.70250836,433.2745277
Africa,        Congo-Kinshasa,All,26.25614394,26.69186488,27.07860738,28.17067178,28.03655532,28.49262441,30.10903441,28.67273117,31.44988066,32.58343732,31.18575073,28.94371219,31.92774301,30.71138529,26.88584498,29.41058706,30.08917013,27.0721783,25.52364361,27.725145,21.32982803,20.97611569,21.55978833,22.43644452,25.43030667,27.59225886,29.11285343,29.99652777,28.38758959,27.77471985,30.71864844,33.24259424,32.71245054,39.53311202,47.35871962,36.5237579,33.67942592,36.64226749,38.71626761,39.83919375,41.20915737,39.40152418,1281.190263
Africa,        Côte d’Ivoire,All,21.42922184,23.80945461,22.59048563,21.81158968,19.08258749,22.63684813,23.05741765,25.31258778,26.26608106,26.34818667,22.70632917,19.19835688,18.64104324,20.95660573,21.62049427,23.5898769,27.44228146,28.01081118,28.27480336,36.54684771,36.7586535,36.41764048,35.39787821,31.91300687,34.13879058,37.92054945,32.36808714,34.64939267,38.11680026,37.21059763,38.05650169,35.4143631,43.20626384,47.84726995,50.55033428,50.24981795,57.06234235,56.87025255,57.00400706,61.71113533,61.19361269,65.13959861,1458.528807
Africa,        Djibouti,All,6.345310443,5.062378934,5.062378934,3.796784274,3.172655368,3.163986944,2.847588279,2.909631198,2.850166122,6.698346082,6.881961178,6.881961178,6.968252416,7.011256335,7.201471367,7.134219129,7.153764846,7.201471367,7.201471367,7.201471367,3.533735779,3.520603898,3.530904722,3.66267808,3.56242909,3.368768727,3.148088775,3.276814791,3.664306963,3.181930448,3.623639983,2.737265008,3.611875567,3.728348912,4.138313691,3.64967808,3.489037035,3.158306075,3.312716159,3.059582808,2.945378997,3.079058482,187.7299892
Africa,        Egypt,All,209.269401,243.399284,270.5648086,310.5238416,338.5940701,357.527419,363.655661,378.1121277,382.0883364,394.2693364,416.5347101,417.2493097,418.1602343,443.7865694,467.0512901,479.4566621,518.8620355,536.9356029,555.5546234,568.8900548,587.767219,657.3694432,654.9809432,713.548952,770.7434384,806.4330294,855.0089291,907.973468,941.5451069,986.1293401,1027.296119,1061.301434,1106.80568,1096.071656,1092.647637,1093.047502,1103.81655,1174.710193,1199.421973,1188.000757,1060.872847,1115.950968,29271.92856
Africa,        Equatorial Guinea,All,0.249774476,0.249147013,0.309902475,0.309941161,0.310726588,0.370653249,0.309897786,0.32177562,0.322553721,0.50871413,0.508696546,0.508716474,0.510007448,0.508642035,0.508646138,0.508613021,0.510006275,0.573889381,0.790599406,0.790629886,3.254542057,1.851767191,28.25796971,30.61730542,6.217284572,22.61715383,27.63165304,30.56396316,30.27900475,32.08199865,30.8142892,33.12823071,32.2163434,33.2391366,31.28917865,27.94348303,27.59881044,30.99514445,28.10697799,27.40276038,18.08026406,20.26631011,563.4351042
Africa,        Eritrea,All,0,0,0,0,0,0,0,0,0,0,0,0,0,0,3.88372642,4.44914051,4.547494802,4.597363886,4.882059704,5.067341782,2.59923021,2.847400714,2.596248516,3.111801141,3.388849883,3.391000138,2.332298244,2.395009949,1.711339184,2.06776066,2.061410713,2.102086191,2.233751112,2.280531825,2.381363731,2.364190122,2.406287576,2.643777143,3.018654117,3.276556889,3.134798051,3.310756693,85.0822299
Africa,        Eswatini,All,2.788044075,2.71358671,2.392503028,2.091021626,2.447259055,3.076642412,2.957134328,3.276142195,3.311355142,3.55490188,3.448717051,3.527908082,3.454521888,3.442614161,4.457673243,4.364774449,4.173333505,4.289415308,5.30966085,5.41180864,6.269463341,6.323217948,6.514851145,5.9918352,5.821913214,6.024258999,6.129463509,6.387166115,6.173340191,6.025164292,5.661251946,5.787812174,5.738247004,5.651188802,5.737578804,5.688399021,6.018622091,6.394661673,6.757827569,6.760673279,6.629268604,7.131092365,206.1063149
Africa,        Ethiopia,All,8.831842343,8.909496808,9.744537936,11.13532126,11.32953581,13.34455032,13.07943305,14.69685004,14.42496313,15.16837446,15.47632919,13.4179456,18.05055233,17.27072031,12.93699048,13.87924775,11.6533978,11.74291398,15.27297964,18.11317406,19.30452149,21.01941092,21.59528233,23.35692845,24.97405383,28.67837716,31.47096294,34.8362119,36.46915573,37.70734542,41.78652784,47.21674421,52.61895012,61.41857938,69.58600448,73.31066013,84.99657053,86.01458522,91.52402309,105.2177889,100.7955291,104.8364345,1467.213804
Africa,        Gabon,All,8.335283585,9.276685384,8.8576369,11.90705633,10.87694987,9.401630503,8.43317805,9.75825156,10.29933615,12.84027298,12.64366433,12.99901786,13.35525353,12.64880244,12.98391596,12.16505553,12.68345181,13.31139268,12.99980798,15.01212155,11.47737146,12.38496148,12.38809293,12.05023949,12.27999348,13.14728872,13.4848189,13.40043467,13.67639202,13.53004282,15.76728616,16.13383672,20.21494022,20.43038271,21.33144782,20.50524715,20.32106907,21.51430914,19.27939308,16.65861021,19.18212608,18.7519887,588.699038
Africa,"        Gambia, The",All,0.654753548,0.652964649,0.652964649,0.652964649,0.714276652,0.712325098,0.643888564,0.783930892,0.786045098,0.783930892,0.787653467,0.783930892,0.786045098,0.846241383,0.97535894,0.902432867,0.904871795,0.902432867,0.963085169,0.963089565,1.265601694,1.378625019,1.372794098,1.372794098,1.448686333,1.463887874,1.590675817,1.650011649,1.714066786,1.8415707,2.008681265,2.11158752,2.058532179,2.048781154,2.265068572,2.318151169,2.33682852,2.376965922,2.392943512,2.440300108,2.330355483,2.458479826,58.09857603
Africa,        Ghana,All,25.33155879,24.36232501,24.29973024,16.1092757,14.96354344,17.37522819,22.72319652,24.92386999,27.31093598,30.13436035,29.3549102,30.49712239,33.17036567,32.64513265,33.61868306,34.18385302,36.12089215,35.55778306,27.81636773,33.79781184,41.62720151,41.86766925,38.32363382,35.09292392,41.45493379,42.6027105,41.44512825,39.11306593,46.21521851,53.15612896,54.77667858,68.86327686,70.66626959,74.27857538,75.37220301,82.19589689,83.19497164,83.35139981,96.07808735,98.84078732,112.1211495,114.3689477,1989.303804
Africa,        Guinea,All,3.98553337,3.915742559,3.978737956,4.059968461,4.072330739,3.829380692,4.631903944,4.941046489,5.007600634,4.845794636,6.392930508,5.045435971,5.200088424,5.438082365,5.500689737,5.471484139,5.498581685,5.80348761,5.929939695,6.184291338,7.780229813,8.524315493,8.8811713,8.628741024,9.330806914,9.430189588,9.588970225,10.17965603,10.27903519,10.78994295,12.34925705,12.57966664,12.20365226,10.85713394,11.22102342,13.61669981,15.34021342,15.4381325,14.08776529,15.47603466,17.91482692,17.34141612,361.5719315
Africa,        Guinea-Bissau,All,0.358231477,0.357252916,0.357252916,0.357252916,0.477641969,0.535879081,0.460933462,0.795482832,0.914683193,0.925173047,1.131261923,1.131261923,1.20175786,1.316748857,1.316748857,1.316748857,1.263970759,1.316748857,1.316748857,1.31674915,0.996810199,1.015134401,1.037058967,1.205687635,1.247489089,1.263557824,1.292361623,1.373125267,1.337308596,1.385522714,1.421838483,1.442683673,1.471082742,1.505859308,1.582190268,1.636645605,1.703919237,1.37910155,1.385595689,1.385479047,1.323076238,1.395785439,47.9558433
Africa,        Kenya,All,29.38730206,29.52835489,29.51557675,28.94502309,28.65450016,30.14687063,31.65088711,29.0374981,33.02255611,35.62989059,35.93403482,33.32349094,36.08488733,37.2250832,38.04283554,40.41832732,42.28946439,39.3134883,43.31994569,41.10853238,45.62901902,46.44033818,46.86882352,44.62184997,48.01631156,52.1343196,57.20113327,57.5526889,56.80329807,62.04563459,67.37182019,69.64458917,68.86973876,72.58337849,75.85246679,89.57516533,94.18871401,94.94229222,102.2676024,99.16854567,98.8827482,103.5033505,2246.742378
Africa,        Lesotho,All,0.59791526,0.596281394,0.596281394,0.596281394,0.59791526,0.65590971,0.687983583,0.687983583,0.462991107,0.687983583,0.879974913,0.89397428,0.930790613,0.961769284,1.069166837,1.083166205,1.096245626,1.077166476,0.937149939,1.367558989,2.469333673,2.501634383,2.571520149,2.615822954,2.625378502,3.092995425,3.286820787,3.971566826,3.601711314,4.116399089,4.399593802,3.938087388,4.152652434,4.237322116,4.345667457,4.243065115,4.593149832,4.8917316,4.796123667,4.871747157,4.716764121,4.865919753,101.369497
Africa,        Liberia,All,9.254589664,8.553640664,8.596625534,8.578306607,7.660439209,7.752052012,6.124918873,4.799492507,5.973881731,4.992314103,2.40214679,1.353098915,1.418875546,1.565829636,1.565829636,1.565829636,1.626425375,1.622021412,1.678212895,1.678213482,1.890926032,2.016777031,1.989463786,2.178781731,2.363473859,2.766544166,2.833760357,2.644918651,2.343307126,2.138977256,3.367708693,3.749757383,4.158947285,3.678876058,4.84446527,4.862228243,5.590104222,4.83141838,5.488175941,5.487942657,5.240435078,5.528977733,168.7587112
Africa,        Libya,All,117.7406202,105.4414104,104.3012432,112.2888848,112.445381,123.6711935,129.3474893,133.001341,136.1786688,140.9012201,148.8898318,155.4357586,145.0502441,150.2677335,155.3591091,162.2190748,171.4449764,180.5352192,173.7407707,156.8411342,212.945494,214.6596713,221.282352,218.0154957,223.3465041,230.980387,211.7966163,210.3976583,218.430957,249.9860976,263.621274,173.0194197,215.5825525,231.8700969,226.4523061,180.2088678,176.3886652,199.0396821,205.1038417,212.9812456,186.5266781,190.4079146,7488.145082
Africa,        Madagascar,All,5.515521424,4.913275176,4.516492978,5.819631957,5.821365173,6.170858181,4.376469407,6.061623373,6.603330151,4.957428223,4.897059026,5.073107348,5.490993223,5.550792691,6.034767317,6.332822731,6.512624693,6.66374448,6.769634187,6.786705808,9.587129745,9.408160396,7.267412996,9.301101338,10.11644816,9.790668912,9.641731617,10.29004935,10.90227932,9.618955682,10.1972798,11.42812925,13.49709677,14.15963338,15.37769561,16.81758398,17.63118557,16.16492822,15.56020729,18.68677975,12.63083695,14.67879311,387.6223347
Africa,        Malawi,All,3.545433375,3.710873734,3.50879728,3.268204101,3.247545597,3.584775971,3.550799193,3.711428516,3.722084834,4.189192695,4.706534219,5.379829721,5.457056596,5.335795953,5.663635485,5.898020855,5.984418477,6.019346267,6.386227118,6.304743108,6.807817692,6.685958599,6.606099369,6.940207668,7.401365622,7.199473509,7.436010306,7.408091872,8.444313831,7.86264901,9.427544045,9.493622245,9.531839745,9.690469158,9.974334416,9.610863726,10.12328021,10.43194505,9.962427568,10.1471915,9.751612059,9.248348738,283.360209
Africa,        Mali,All,2.053845404,2.646187937,2.117932193,2.172376393,2.208092834,2.383068226,1.973921698,2.241336057,1.43374621,2.438134906,2.480011093,2.485133956,2.677334244,2.699985918,2.706479763,2.715288275,2.813190653,2.850353394,2.914445752,2.916402873,4.40294623,4.454895525,4.313811627,4.328548359,4.501901902,4.986445963,5.852104992,6.888552908,8.224629438,10.39628459,11.76104505,12.89697118,13.71373764,14.11756201,15.78315707,17.25747677,21.91999657,23.83385972,24.79355319,25.33312056,24.2565156,25.59735745,338.5417421
Africa,        Mauritania,All,2.65399796,2.545080839,2.572566115,2.579350686,3.789454007,3.767262454,2.166301052,2.987187777,3.849778071,4.430303435,3.980944187,4.164651892,13.49799679,13.81624268,13.77844603,13.98036627,14.14594848,14.15946838,14.2146901,14.21500867,5.046036179,5.266773572,5.655009849,5.923051377,6.369370904,6.647406413,6.473527103,7.310325185,8.993602623,8.931218864,8.872292451,9.551292267,10.56740435,9.612344609,11.50831203,11.66237248,10.89011252,16.32125557,17.40039851,18.18954136,17.47600383,18.40693365,378.3696316
Africa,        Mauritius,All,3.977669422,3.526801742,3.507058789,3.639858184,3.929098931,4.199437543,5.217557741,4.611394026,6.162096268,7.167040038,7.945081395,8.047751436,9.619892627,9.691693019,9.658974098,10.3435481,10.36307389,10.47092658,10.76220417,11.87080504,16.0691846,16.40058581,16.11128938,16.46079763,16.96429658,18.18013645,18.97744833,19.69678718,20.26997232,19.55505413,21.06662362,21.5938076,21.73973273,22.07685115,22.75323619,23.59685636,24.53061548,26.9134258,28.40722645,29.55537243,24.97688166,25.62077756,616.2289225
Africa,        Morocco,All,63.37571637,60.71241783,61.2960682,63.20952077,59.79099784,64.4544874,69.58721369,70.41105866,74.82227093,83.53918441,87.26992888,89.59112123,95.99710215,98.24091758,108.7274487,109.0887319,110.5872598,114.9411933,115.2127909,121.2894637,121.4022511,128.411002,130.7165365,132.9708664,152.800569,164.7985075,170.8202652,180.8866271,186.8999818,197.0177866,211.5378466,219.155128,223.5120288,228.8041242,234.5222514,236.2929927,234.028034,248.0212458,252.6783497,265.0917208,247.3453109,277.9850028,6167.843323
Africa,        Mozambique,All,48.80132094,16.99465335,16.75963466,23.57130358,8.840212716,8.552158609,4.518003754,4.562263185,6.621142652,5.351054643,5.464280186,5.607380698,5.534157452,5.969689658,5.773609123,6.086281403,6.361603963,7.567192248,9.394875239,22.797112,29.25860125,37.5125752,37.98390649,38.47283136,40.3226426,44.25291499,48.22107546,53.58179438,50.49246995,54.57892461,54.35215086,61.55019565,66.13140903,70.08032301,77.78195087,82.61761495,84.94989854,85.2861275,70.11757074,74.10589443,70.10879125,71.89171336,1528.779307
Africa,        Namibia,All,0,0,0,0,0,0,0,0,0,0,10.15846854,5.397081872,5.021504168,6.31494253,6.020435608,9.46562732,9.189544829,8.877076819,9.752643373,13.05933577,12.68243837,14.67831834,14.11341126,14.87951822,15.51138623,16.35002098,16.29682701,16.76988273,17.67502122,18.01550467,18.5466155,19.26838683,19.85098538,20.53252259,21.83743845,22.85872996,22.90988387,23.57429671,23.27646432,22.64228165,22.30312024,22.13436086,499.9640762
Africa,        Niger,All,2.639302257,2.723980731,2.826970218,2.731744155,2.843382724,2.844330513,2.408896778,2.604891736,3.680198683,3.771295976,3.730167411,3.775540216,3.685529334,3.881974448,3.920516963,4.040037063,4.060036746,4.080605864,4.235735728,3.943089507,3.317442206,3.248496902,3.454550316,3.798659336,4.167821738,3.928115975,3.952040744,4.252825812,4.726768358,5.565056408,6.88797937,6.914116232,9.193459951,10.34243151,9.814684826,10.36492668,9.681199061,9.415137806,10.38921193,10.98283635,10.76562723,10.34744154,223.9390573
Africa,        Nigeria,All,122.526778,150.7345278,151.8372646,151.8779668,164.0106574,175.4461357,171.5470082,181.1929998,194.2959705,210.3743543,204.3163231,224.6139764,230.2937879,233.7936782,217.9922778,242.4406162,248.4233642,248.5227328,238.3183341,239.1209523,224.4811521,254.0486527,265.2781678,279.638082,290.2101421,317.4341459,283.0117796,259.4415589,312.0443482,195.8101064,243.6985172,346.7458514,345.8556601,444.8748974,485.7323054,459.2211082,469.5724529,456.4180053,488.3929042,504.7690157,509.3722431,543.7348327,11981.46564
Africa,        Reunion,All,3.41408409,3.62133616,4.012188672,4.443851182,4.717035797,4.892371372,4.822864253,5.336350148,5.727976073,6.344173625,6.722191723,7.357136963,7.642301986,9.307166422,9.610027305,9.503035947,9.538126097,9.614327228,11.93725866,11.94793549,11.37197147,11.41898342,11.61170859,11.72777516,13.02956953,12.38732831,11.69769123,11.39447661,12.4746072,12.74012363,13.8685378,13.3502564,0,0,0,0,0,0,0,0,0,0,287.5847685
Africa,        Rwanda,All,1.061131737,1.899896026,1.903625634,2.127338861,3.203419512,3.267646389,3.263303092,3.279133268,3.266548256,3.366469593,3.521460542,3.585639648,3.602777209,3.298023974,3.371450611,3.431503584,3.394322087,3.44090527,3.492152662,3.384614143,2.90121071,2.854184405,2.918199685,2.904133205,2.798618333,2.713498789,2.632461711,2.691520005,2.832107442,2.983612909,3.349843732,3.722492787,4.085463206,4.33764027,4.586354125,5.078800526,5.124518273,5.611517088,6.15467808,6.745718796,6.532382007,6.345303996,151.0656222
Africa,        Saint Helena,All,0.013569141,0.012455475,0.012455475,0.012455475,0.012496212,0.012748545,0.012719238,0.025907388,0.025907388,0.025907388,0.025907388,0.012719238,0.012719238,0.012719238,0.012719238,0.012719238,0.012719238,0.012719238,0.012719238,0.012748545,0.051447266,0.051371947,0.0535688,0.052999658,0.034595448,0.043179175,0.03976872,0.050386646,0.041006647,0.038559806,0.043716666,0.042769757,0.047377989,0.045448123,0.043143714,0.03927138,0.03956445,0.042303775,0.039756704,0.053765743,0.051328573,0.054168421,1.306623288
Africa,        Sao Tome and Principe,All,0.140406613,0.140214359,0.143280165,0.137268713,0.143572942,0.143263753,0.152771823,0.155769929,0.155876606,0.155800408,0.280350762,0.295556699,0.296005096,0.29525894,0.357585551,0.357576172,0.358481466,0.357344061,0.354318113,0.360378801,0.292067114,0.272921438,0.308884936,0.344118398,0.38928283,0.411490209,0.437637914,0.455381837,0.49135618,0.522400499,0.562885775,0.582549599,0.615518802,0.615562763,0.615508252,0.643668762,0.664958246,0.676258439,0.665714073,0.733647406,0.701300391,0.738572155,16.52276699
Africa,        Senegal,All,10.24549743,10.21750427,10.21750427,9.616474845,12.05352656,11.41956369,11.72007855,11.86152586,10.16759357,10.51100127,10.63897439,9.823484253,11.89939695,12.40715039,14.96534963,16.19760143,16.33618866,14.92107936,15.8757203,17.48194817,19.90736032,21.69473798,22.51218524,22.69590496,24.01105277,24.91387191,24.46611898,26.3815398,27.04066185,25.88713921,26.8420234,28.11989212,27.66944031,28.78565309,31.94745871,37.05150868,35.84407699,38.03981077,39.58559119,44.05624509,41.62288048,42.27956859,909.9318863
Africa,        Seychelles,All,0.939173294,0.749285621,0.6868453,1.186369047,1.252230961,1.311249984,1.245631318,1.31549862,1.942163753,2.020986102,1.804965964,2.046559683,2.029207595,2.086107721,2.086107721,2.159606161,2.165351798,2.293500465,2.293500465,2.293505741,3.760941813,4.045654922,3.522894826,3.514227574,4.90491975,4.467853908,4.746763059,3.902430441,4.254005712,4.636956178,4.193384768,3.600605267,4.143026843,3.742282632,4.37640669,4.535689356,5.050305622,5.266569302,4.672106114,4.77847294,4.612645728,4.891274118,129.5272649
Africa,        Sierra Leone,All,3.138855019,3.130278912,3.380701072,3.130278912,3.138855019,3.443306686,3.635311789,3.983435282,4.334042249,4.214695939,4.27701962,4.530796259,3.274952917,3.269595891,3.103686326,3.56944841,3.517005878,3.697401599,3.697419477,3.697419477,1.876104896,2.354208157,2.368712778,2.433429375,2.428190455,2.199171197,2.660854918,2.513048288,2.472507035,2.482450021,2.949757463,3.733755467,4.145944941,4.824514823,5.30552065,4.3349282,4.432765517,4.404633141,4.466498167,4.128044226,3.956632858,4.147974158,146.7841535
Africa,        Somalia,All,4.825281494,5.603961744,5.543049196,5.421223807,5.619315095,5.543049196,5.915042654,4.37012239,4.383511879,4.490081216,4.06848361,2.424484878,2.253142089,2.371352459,2.371352459,2.371352459,2.377849528,2.371352459,2.371352459,2.371353339,2.966178175,3.015407487,3.259793871,3.259793871,3.262097988,3.293661627,3.318797948,3.366473696,3.330831988,3.321982153,3.405008591,3.405008591,3.416164007,3.416193314,3.416435683,3.544816169,3.626971017,3.627592325,3.641379217,3.636899056,3.507418679,3.710211689,151.8158316
Africa,        South Africa,All,769.0869998,830.787931,888.3807233,915.8114557,988.6598132,1006.993445,1021.583702,1059.062675,1082.422998,1086.940694,1118.32957,1118.13943,1123.413642,1138.213215,1166.424116,1232.593509,1275.723437,1323.661155,1351.60218,1315.001634,1350.321031,1338.845791,1391.109816,1456.824675,1482.274426,1511.339337,1533.102317,1621.189412,1641.236732,1612.318025,1648.026714,1624.831319,1647.44788,1657.398865,1642.200384,1640.016905,1630.091925,1679.998427,1618.458877,1702.797683,1642.313416,1588.932806,56473.90908
Africa,        South Sudan,All,0,0,0,0,0,0,0,0,0,0,0,0,0,0,0,0,0,0,0,0,0,0,0,0,0,0,0,0,0,0,0,0,5.968663327,6.313128427,6.531286218,8.003800021,7.728385144,6.772668927,6.983116926,7.809463252,7.457579965,7.867589584,71.43568179
Africa,        Sudan,All,15.19888657,16.53869915,17.85608192,17.24235202,15.97841555,18.30554403,20.1661341,19.4215206,21.0117656,20.4075678,18.62827975,25.89835646,23.91022614,22.67619952,20.84405102,19.22936603,19.54831235,19.94165303,19.96918813,21.59409071,31.09933318,33.41241248,39.55670709,41.01925007,44.98085251,52.21676224,62.25651516,66.08224976,72.02368308,77.5914791,87.87079008,84.76280353,81.78587409,85.83812191,88.0244921,91.00902086,105.6900982,107.9859429,107.2967598,106.3230159,105.6892163,105.8052808,2072.687352
Africa,        Tanzania,All,11.04134631,12.98573358,12.39710249,11.29497407,12.62015572,12.65829849,14.38258111,13.29238826,14.16265786,14.51422815,15.96520776,14.63441528,15.37139607,16.02297596,14.3909043,14.26834887,15.10745869,14.05611549,16.24233036,17.0735393,17.48680698,20.14251412,22.16268813,22.39947491,27.3072984,28.83543484,29.66612563,32.12240831,33.49878549,33.22059875,38.20542433,38.92018396,46.75288005,48.81991887,51.07289831,52.65869217,57.78295576,52.41665503,56.28353227,57.25149237,56.37227387,57.700087,1163.561288
Africa,        Togo,All,2.802629289,2.636416983,2.638612664,2.717636938,3.192370773,3.132854411,2.65961787,2.543371068,2.62739834,3.07541357,2.976609122,4.928385865,3.658170077,3.143535054,3.259139153,3.575944013,3.427898823,3.242159556,3.553806384,5.018514268,4.600110831,4.067221357,4.460951231,5.563377117,5.474330728,5.339465189,4.654161731,5.682770611,6.777537113,12.01876524,11.47699252,10.61776608,9.424548577,9.597897137,8.328383545,6.488716335,8.692335455,8.421534379,10.0850334,10.74943159,9.730198314,9.64503774,236.7070504
Africa,        Tunisia,All,37.69127111,41.11048276,39.33685008,44.36637909,48.90636397,50.30515309,52.95190284,49.31811941,52.85606543,59.12091263,58.76123368,48.5802389,56.07494439,64.00896561,69.32961805,62.61081012,67.27085552,78.15549085,84.01412808,84.64462452,89.07740762,98.87878824,97.87149845,96.47401701,98.36263981,106.7570878,100.6834204,89.71530847,103.7618541,86.54417853,88.80202293,84.71674934,93.10554341,98.60688727,108.6585599,112.2216772,112.0157398,118.5827841,121.8194412,122.036757,112.9905009,116.7931773,3407.890451
Africa,        Uganda,All,4.679550385,3.33375712,3.792560842,3.608145959,3.967998699,4.194912835,4.391386963,4.030225373,5.206069983,5.204796594,5.709984798,6.041340291,6.8360248,6.891853756,7.128571963,7.186443617,7.486996866,7.955277593,8.513045487,8.532707553,10.35157705,10.55387038,10.81812925,11.40776851,12.15215517,13.79069283,13.39972222,16.16619253,17.0026864,17.36683408,19.54887006,20.45246642,19.79935904,22.97760326,26.48746467,26.52425024,29.64458089,32.29795549,34.92281144,34.85852683,34.03220307,35.16266462,584.4100359
Africa,        Western Sahara,All,0.693267342,0.691373231,0.754225316,0.754225316,0.756291753,0.817077402,0.789259197,0.802432987,0.80434351,0.802432987,0.864743186,0.864743186,0.866824569,0.826210635,0.826210635,0.931995717,0.934261441,0.931995717,0.931995717,0.93200744,1.068924762,1.068924762,1.068924762,1.068924762,1.068924762,1.068924762,1.068924762,1.068924762,1.068924762,1.068924762,1.068924762,1.068924762,1.071853117,1.068924762,1.068924762,1.068017417,1.065607502,1.087903975,1.087903975,1.087903975,1.038764049,1.096071836,40.14488979
Africa,        Zambia,All,39.01249427,38.825406,39.67843753,39.51258013,38.23649942,37.87401286,37.69637493,34.939852,35.6430635,30.65615654,32.94940701,31.70515254,32.52147909,31.08708637,30.92532814,29.71348135,28.26574193,30.58024613,29.9392994,29.04415783,29.19227863,30.5524713,31.5912204,32.72955411,33.70945006,35.48290895,36.68636749,34.64301751,35.8165964,36.42340311,38.17822773,42.77105167,45.95507141,48.72933182,52.3025664,50.61415203,47.73258052,55.38941644,62.3279706,54.84496858,58.65834296,66.57572894,1639.712934
Africa,        Zimbabwe,All,41.46130865,41.72345478,39.53721061,40.82958337,40.837799,42.91421167,48.00077093,54.19980721,53.4801662,57.9178931,61.26500103,62.64121906,57.59658639,55.57160135,53.19112064,52.70948237,54.15166226,53.43122996,53.85561965,62.03536102,58.22075017,54.96846622,54.66466957,53.10137938,49.19342487,50.85984756,51.27963106,50.25927151,41.72800938,41.26352889,46.12893196,50.28964705,54.47984439,55.37818951,54.60376347,54.65088121,46.64853482,45.25637788,51.80923786,46.11977206,41.99660745,42.14523673,2122.397092
Asia & Oceania,        Afghanistan,All,7.790743406,8.777287656,9.348292642,11.43611981,11.48900048,11.21724282,11.46231909,18.48250586,32.59547605,32.05146544,31.74544234,13.90271269,9.167747162,9.10531358,8.815870615,7.428876982,7.285784382,6.937959821,6.752202384,6.748650962,5.91358463,4.664059584,4.428143803,5.20764289,4.810353974,6.15328629,7.745335433,9.176986486,16.06327983,26.70189579,33.34521241,42.00497519,40.34116492,33.45856221,28.41641918,32.74348783,29.88370754,29.55940302,33.90767059,30.31416026,27.39301551,27.13503097,741.9083925
Asia & Oceania,        American Samoa,All,1.727094334,2.029942614,2.829617226,1.783888955,2.035504204,1.906915931,1.968429273,2.043579748,1.986667019,2.287760396,2.406262372,2.406262372,2.475128253,2.407920562,2.34561007,2.283299871,2.289347663,2.34561007,2.34561007,2.345613294,2.296819776,2.296819776,2.334980128,2.334980128,2.334980128,2.480392377,2.522440595,2.522440595,2.529351186,2.522440595,2.522440595,1.439415943,1.445869637,1.445008304,1.444990134,1.444877595,1.451476359,1.452916212,1.452756489,1.452464884,1.384018093,1.596179379,86.9581232
Asia & Oceania,        Australia,All,874.9416787,893.8299725,947.0662872,910.4948567,922.9962189,964.0378736,978.6948362,1028.718397,1055.141998,1119.609611,1126.86911,1118.562537,1141.839306,1169.572279,1189.74606,1225.428938,1279.378146,1313.538799,1360.984067,1395.564407,1406.243573,1414.445797,1457.750596,1469.554135,1518.426211,1546.67313,1566.993931,1613.146523,1613.583233,1645.969338,1655.770555,1683.143523,1702.25261,1704.807981,1685.78655,1693.43832,1763.867711,1816.956525,1807.552773,1818.832503,1709.476696,1735.760221,58047.4478
Asia & Oceania,        Bangladesh,All,35.86406934,38.87043973,41.32970234,39.89248091,48.69262568,50.05195995,54.28946934,58.84092351,66.06202266,72.01802859,70.07538215,74.5960461,83.78392717,90.65232712,100.3571031,109.7761381,114.0075924,117.0226895,125.2633572,140.8408612,149.6147786,163.8404078,172.3648792,189.7154192,196.367648,208.76713,225.1099617,236.4097523,255.596127,269.0535928,283.7737695,298.4849923,321.9801164,330.554364,353.0815972,390.6963196,420.3440715,433.4286368,435.5372086,464.9926178,454.4260748,501.6845545,8288.111167
Asia & Oceania,        Bhutan,All,0.039571191,0.145018949,0.149381589,0.146799642,0.151762783,0.163828181,0.798902079,2.753687478,3.477373142,3.537497918,3.730463412,3.798479391,3.857848046,3.872902759,4.139605251,4.420681654,4.846524966,4.883519779,4.775493883,4.824508962,4.973093107,5.489944326,6.072970164,6.764055014,6.509476828,7.376114418,11.9483836,14.92992568,15.42963611,16.00133948,17.13296657,16.67037081,16.19714277,17.9418131,17.17813628,17.99024585,18.51351207,18.39456727,17.63381001,20.91462931,20.54338259,21.60303579,370.7224022
Asia & Oceania,        Brunei,All,24.12678348,24.94626171,27.2150637,21.38839191,18.89745253,22.55267022,14.94346785,23.86555231,20.67366862,24.28875506,20.55197541,16.42467441,16.06075679,15.26521505,14.6713043,18.14555595,16.89930215,18.07254606,16.34569146,19.28576618,19.66376112,22.35720865,26.10647866,27.00843646,29.99208336,33.78659165,52.0695441,54.66189009,56.14098859,37.24454217,42.42272918,43.57672278,42.36073931,39.39730485,44.30821407,48.95968132,51.14191395,51.34935212,53.40754375,52.70474108,55.35065353,45.99358638,1324.625562
Asia & Oceania,        Burma,All,20.25092833,20.87728457,22.96666911,23.49436509,25.53275134,25.78449877,26.25193369,25.95698306,24.96626315,25.90192342,25.12319247,24.87615145,26.0145552,27.79858395,32.5229676,34.49573958,34.84760704,37.12157938,41.13077199,41.69706471,48.04888922,44.3508077,51.47110278,58.02109184,60.84669811,78.40122565,74.00666972,79.87649138,73.32964168,67.53872004,68.49924348,74.95023672,89.36811929,103.4732361,120.9643565,112.8794373,129.8132385,167.5260693,172.2594279,169.5805876,170.0510057,164.8823672,2747.750477
Asia & Oceania,        Cambodia,All,1.322814526,1.394396874,1.523743318,1.663365676,1.821361765,1.83200636,1.847303149,1.862254115,2.009110027,2.017845857,2.041759197,2.166995921,2.179726295,2.179720141,2.185908314,6.207918348,6.822873284,8.03612066,9.392896724,9.669776658,8.96131305,9.493094133,9.473367591,10.27893555,10.58962316,12.05198443,13.04638735,15.30777936,16.06611528,19.81702355,22.85689124,23.66671721,26.37517227,27.99110427,30.90442581,35.44860276,44.19779028,46.7051155,58.89139691,65.95654677,64.25312985,66.93784008,707.4482536
Asia & Oceania,        China,All,5599.772926,5557.881196,5843.464394,6238.147584,6756.786708,7138.976713,7333.575284,7730.770209,8255.493346,8301.761277,8315.678864,8417.917722,8814.307643,9489.64088,10200.94387,10988.92792,11527.30456,10961.31952,11261.04577,11699.32002,12445.75587,13059.57165,13982.80593,16191.29008,19523.14722,21888.38352,24181.71967,26054.14326,27249.5156,29475.27042,32824.18459,35854.22199,38372.02,39714.88623,40309.71083,40154.60773,40399.71858,41651.60123,43142.40052,44491.5385,45727.05636,48402.97645,865529.5627
Asia & Oceania,        Cook Islands,All,0.122745336,0.244819834,0.244819834,0.244819834,0.245490672,0.244819834,0.183615096,0.183615096,0.184118004,0.183615096,0.183615096,0.126277709,0.184421038,0.183916958,0.183917251,0.183917251,0.184421038,0.18391432,0.183913734,0.183914613,0.273847246,0.261215049,0.14153464,0.130543342,0.221422884,0.354459959,0.377671103,0.318660872,0.327392893,0.30162823,0.35828335,0.402032254,0.426236905,0.425881704,0.450848337,0.422341126,0.440226601,0.473905327,0.499697831,0.501084052,0.47120879,0.492844682,11.93767482
Asia & Oceania,        Fiji,All,4.428909888,4.522139558,4.488539961,3.824603358,4.273037384,4.311221475,5.150058151,4.417350328,4.382850713,4.994613237,5.428202682,4.744124257,4.903732523,5.157786993,5.301895081,5.703018818,5.841381268,5.823320536,5.652977115,6.139424665,7.749826145,8.055644104,6.822717077,7.482167952,9.909737978,8.482494698,9.294543018,8.962397702,7.075811157,6.132566241,8.29816539,6.43576855,6.487951715,6.853595519,7.220594771,7.550200928,7.433734617,8.075700936,8.561932786,8.649798689,8.312011189,8.527551865,271.864101
Asia & Oceania,        French Polynesia,All,0.908923781,1.38987539,1.812880905,2.466504082,3.709127037,3.240301199,4.108497629,4.151146348,4.164478981,4.218885961,3.993448897,4.027571038,3.827006825,3.828577094,3.093008907,3.29738215,3.274273581,3.3177004,3.370868574,3.180353145,3.564079074,3.910735458,4.15565816,4.496442594,4.469594451,4.654975587,4.603795307,4.878553414,4.966035689,4.936268862,5.131592397,4.827806585,4.653998491,4.59164316,4.564833702,4.749959574,4.720286529,4.597486975,4.683045831,4.718387729,4.498379787,4.634221541,166.3885928
Asia & Oceania,        Guam,All,14.64137628,20.44192147,15.76948213,15.18542733,5.270895308,2.686652405,4.502017664,3.168340499,3.278424038,3.045269855,7.645327054,8.575615052,10.31102525,13.67643481,19.9138908,14.79110692,13.11272111,14.93768881,12.3475464,13.72563745,13.98234684,19.35929041,13.45642569,11.39233632,13.24362815,15.50828789,16.3552514,11.81504408,7.43985304,11.81931557,10.53575455,9.309894025,9.969162609,8.406365662,8.135710535,8.644270217,8.144514651,7.476250282,7.496538639,7.49251684,7.124217822,7.535599302,451.6693751
Asia & Oceania,        Hawaiian Trade Zone,All,28.02989355,32.30160157,29.81686296,27.95330908,33.6358722,32.3637201,18.94613175,0,0,0,0,0,0,0,0,0,0,0,0,0,0,0,0,0,0,0,0,0,0,0,0,0,0,0,0,0,0,0,0,0,0,0,203.0473912
Asia & Oceania,        Hong Kong,All,77.67945374,80.43655548,85.74610174,96.86174159,103.2282155,106.8566568,116.9950135,130.1116655,140.5103864,144.5179569,155.6866471,163.3292735,179.7967663,192.6032823,191.7772033,198.8675058,201.3888263,199.5108771,209.7583786,266.3150008,251.9338323,254.9988524,264.8417408,274.464524,305.8029566,300.4602463,317.5457361,338.7556355,318.3819524,367.7098,392.6558665,369.06613,348.1003433,354.3103996,342.8120557,373.8699734,382.6596014,391.9096312,393.7506266,375.2478285,282.1688906,360.6358425,10404.05997
Asia & Oceania,        India,All,1099.934876,1232.10923,1276.823986,1347.814172,1463.727997,1538.843024,1664.60278,1745.685657,1931.225148,2035.686916,2174.670771,2281.746729,2397.619118,2488.464761,2666.382522,2826.570141,2952.695393,3106.49156,3144.870876,3345.950109,3577.559122,3640.048721,3827.195773,3947.311749,4278.831874,4522.125868,4900.616287,5266.771688,5600.492824,6095.320086,6506.559591,6777.650317,7117.617833,7314.762628,7806.021544,7960.576824,8247.342557,8603.273428,9145.651213,9304.694755,8779.838534,9367.254596,185309.4336
Asia & Oceania,        Indonesia,All,339.1221459,369.0943696,379.5437632,401.5023706,426.2630982,454.0517297,482.2613883,506.2880661,547.7696315,614.3724386,677.1114607,754.3568716,779.0353899,826.1676256,875.6558912,921.29433,995.7934174,1051.501591,1005.828206,1115.719592,1216.616754,1167.190288,1199.109889,1232.759582,1285.943191,1340.827956,1385.930741,1512.743161,1582.082629,1657.380775,1813.084282,1786.137129,1871.27117,1916.390025,1979.030877,1986.889601,2012.752599,2083.269519,2256.054249,2354.877816,2179.732608,2386.30512,51729.11334
Asia & Oceania,        Japan,All,4633.115806,4627.637226,4475.722932,4412.749,4701.019726,4709.867785,4740.950042,4861.796314,5161.478632,5318.765104,5644.113694,5783.113873,5808.653689,5888.269165,6098.264663,6297.831547,6409.695768,6520.748291,6402.220827,6527.624818,6527.205822,6469.086184,6416.515967,6457.195077,6547.576971,6586.149106,6632.863421,6581.398266,6294.386855,6016.532985,6302.143659,6102.665358,5961.4996,5952.71432,5799.58101,5678.53851,5688.379104,5705.490335,5648.521698,5552.344151,5191.83732,5311.964655,242448.2293
Asia & Oceania,        Kiribati,All,0.124264025,0.12392465,0.12392465,0.12392465,0.062132012,0.061962325,0.064112286,0.075483988,0.075654262,0.075483988,0.075483988,0.07630224,0.075654262,0.075483988,0.075483988,0.075483988,0.075654262,0.075483988,0.075483988,0.075487798,0.145428954,0.124092579,0.181871915,0.189083782,0.202526317,0.265379574,0.295200619,0.269508344,0.301872357,0.263528544,0.262454149,0.242369476,0.23942002,0.242173119,0.243839808,0.263025929,0.282233444,0.318316222,0.320348663,0.322113823,0.305766965,0.315336579,7.26276051
Asia & Oceania,        Laos,All,3.798497854,3.293100105,3.378214373,3.153668828,2.820458203,2.715863278,2.800266852,2.212365794,2.081808385,2.643076999,2.983058421,3.247015433,3.238816214,3.331869456,3.313866459,3.922995749,4.473555878,4.533059639,5.771192468,6.822600729,11.33283666,12.04323219,11.97789868,11.67841543,12.11381311,14.00716313,15.86036343,15.5598137,17.62999541,18.50574865,29.25011599,38.47980057,40.1239221,47.30711146,48.08144343,70.62622538,120.1282166,121.9220251,126.8830443,131.6323416,143.9822481,139.9401311,1269.601257
Asia & Oceania,        Macau,All,2.020989033,1.95248392,2.078450682,2.897234337,3.182794418,2.629315311,3.758016095,4.091396408,3.979262258,4.237609031,4.469828614,4.405385452,4.556088493,5.000732246,5.337616797,5.52770405,6.106544849,6.261779925,6.691999358,7.10621717,6.900855694,7.108688629,7.657694315,7.861450354,9.338187295,9.59472231,10.21759893,10.46130334,9.313645321,9.939030031,10.25491231,10.31419978,10.39237152,10.53926289,11.38826851,12.95927757,12.78532675,15.74634484,14.9416306,15.27977769,13.96470256,14.69323003,327.9439297
Asia & Oceania,        Malaysia,All,121.0582954,126.7534154,132.3087222,149.6922346,179.6544837,202.8419635,218.7576644,219.6437777,232.4035039,251.7577447,247.2217084,271.7882102,290.0960203,334.0155755,392.695712,427.411653,452.3367269,477.0202894,479.1474563,481.0630688,532.8182293,565.8330311,612.4066865,611.3422074,623.5677956,692.6809838,749.9657417,794.9936668,811.5371767,830.6218734,872.3125638,898.8075235,915.0587822,967.8317702,1006.541496,976.9359807,979.0495303,1030.812115,1124.377427,1129.337432,1075.482836,1076.973011,24566.95609
Asia & Oceania,        Maldives,All,0.061894626,0.061725524,0.061725524,0.061725524,0.247577916,0.246901511,0.286115742,0.286115742,0.349277309,0.348426234,0.421924673,0.421924673,0.422940747,0.493508779,0.990474612,1.361136653,1.424278584,1.230484581,1.355105272,1.35510791,2.861842617,2.399651592,2.869188124,2.49442281,3.262917411,2.954110432,3.743623134,3.878887248,4.216971628,4.480174864,4.52869231,4.894280137,6.235243902,6.577668062,8.817231632,6.598762362,7.000505941,7.264248426,8.336350946,9.367803191,8.904387133,9.213993315,132.3893294
Asia & Oceania,        Micronesia,All,0,0,0,0,0,0,0,0,0,0,0,0,0,0,0,0,0,0,0,0,0.526003208,0.597611639,0.555876713,0.599511905,0.576919725,0.492331224,0.507043045,0.565441052,0.492235683,0.67969615,0.475060316,0.548789694,0.611065897,0.643521641,0.674007661,0.708516654,0.74948784,0.757322187,0.763549631,0.720888897,0.722651713,0.722651713,13.69018419
Asia & Oceania,        Mongolia,All,43.60062792,36.87758981,46.0620106,46.79963116,46.29477295,54.38575631,59.19962918,61.9016408,65.10401083,61.73650875,57.10084911,59.25366367,52.94007131,48.58211133,45.29005953,43.17195795,44.44801931,40.61339384,41.31383055,41.55954923,43.36175594,43.27594827,46.15476872,43.81484773,43.01093298,44.60266209,48.04109971,50.42736621,49.83148017,50.45652814,49.1920196,51.19998137,55.02192131,58.38812802,57.18411235,56.87150542,59.65813661,65.15163177,71.14584494,78.48126336,67.12823945,75.01572908,2203.651587
Asia & Oceania,        Nauru,All,0.585250239,0.58365125,0.58365125,0.58365125,0.585250239,0.58365125,0.558560648,0.558560648,0.559984675,0.558560648,0.558560648,0.558560648,0.559984675,0.558560648,0.558560648,0.625813179,0.627421547,0.625813179,0.625813179,0.625816403,0.457777978,0.414912973,0.389464533,0.349154513,0.32768186,0.321111231,0.233802747,0.227708649,0.231605015,0.225125237,0.237298193,0.233257051,0.24751813,0.289157516,0.312228572,0.332477951,0.364881821,0.286918168,0.337007934,0.272360208,0.260876261,0.270832435,18.28883582
Asia & Oceania,        Nepal,All,2.195224423,2.199826501,2.8583671,3.266864185,3.306190955,3.027724926,4.074738603,4.640640947,4.591289131,4.60916054,5.544558213,6.322293312,6.666383575,6.811321637,7.646097828,8.456451032,9.594278602,10.35537231,12.59624971,14.23405646,14.71246568,15.52458551,16.34655601,17.19468066,17.17466252,17.83373387,17.59407148,17.46712498,19.34016026,22.12621381,23.59434211,25.1434351,26.43431936,27.94495718,30.19296057,27.03305961,39.7335341,45.50921024,49.98921425,49.0318841,49.2408685,48.28510921,740.4442391
Asia & Oceania,        New Caledonia,All,7.825252692,7.50382729,5.985096641,5.225991416,6.246954979,6.61861082,6.661406953,6.580136298,7.119800964,7.762993194,7.509600183,7.579748246,7.802657288,7.694331289,7.935198195,7.955012658,7.993702587,7.461082444,7.610614964,7.768106093,10.02901805,9.590571853,10.37217929,11.22140793,10.88280306,11.94375514,11.75510511,12.61446518,12.66245188,12.73697899,14.83191633,14.66164178,15.58923939,16.70371515,19.21502582,19.67201632,20.98493006,20.32412286,22.70656392,22.56298072,21.26955203,20.14659102,487.3171571
Asia & Oceania,        New Zealand,All,141.5594724,139.0695549,142.6371713,149.9026395,158.3665234,162.606322,177.6222133,179.5982366,190.6367923,196.7426168,206.1734341,206.9570869,209.7210561,211.7976224,223.5638542,229.3955128,231.6010905,229.0480048,227.8212856,231.0352336,237.6142258,240.404603,247.7972064,237.5601878,245.3047759,237.9857998,239.2797065,240.0857959,241.4873976,240.0420974,247.7169161,247.2284645,245.9591229,250.9639652,263.595126,261.8500149,267.7567566,270.483989,267.6009653,272.5712693,243.3853379,242.0215604,9334.551009
Asia & Oceania,        Niue,All,0.012496212,0.012455475,0.012455475,0.012455475,0.012496212,0.012748545,0.012719238,0.012719238,0.012719238,0.012719238,0.012719238,0.012719238,0.012719238,0.012719238,0.012719238,0.012719238,0.012719238,0.012719238,0.012719238,0.012748545,0.028398483,0.029101851,0.028076106,0.026346993,0.026288379,0.027196896,0.026903826,0.024852336,0.039290136,0.025848774,0.024090354,0.026786598,0.026405607,0.028369176,0.029312568,0.031706364,0.030515328,0.029752759,0.030806932,0.032239458,0.030558702,0.031547813,0.887709323
Asia & Oceania,        North Korea,All,296.5170263,308.1469504,321.7860586,336.3493467,345.4897,293.2050985,295.7370012,290.9580286,342.2961505,283.12997,287.5789596,286.2618576,240.6165421,264.7461271,259.4670437,305.8977431,294.7354573,284.7986464,252.6103844,322.5747188,287.1170402,279.2342447,272.9136078,271.7878471,283.3587988,278.6299188,264.093723,242.1036306,260.7540351,220.6119863,210.6241053,157.3965918,150.4551849,118.5596175,111.5045299,98.72191901,114.2575966,93.33667775,96.75285876,98.32274301,99.8288485,99.57473835,10022.84305
Asia & Oceania,        Northern Mariana Islands,All,0,0,0,0,0,0,0,0,0,0,0,0,0,0,0,0,0,0,0,0,0,0,0,0,0,0,0,0,0,0,0,0,0,0,0,0,0,0,0,0,0,0,0
Asia & Oceania,        Pakistan,All,182.5885919,199.5322387,227.5483345,231.0113115,238.0828034,255.2217333,272.0394896,293.7380592,313.6060418,330.9067865,343.1756765,364.5768257,382.0826852,406.2532246,447.1202535,461.1688831,488.3602105,495.0841471,507.7225098,520.9991843,550.7883342,530.8115263,536.1614936,531.0993152,572.8870722,629.1109585,710.4618467,733.288637,729.0529549,737.7722619,762.3617844,753.7140155,801.0517092,790.3907618,826.386866,870.0911715,945.7886892,1001.12375,973.9101223,952.5987378,932.2709855,981.7570138,23813.699
Asia & Oceania,        Papua New Guinea,All,8.506185304,8.476165558,8.457873301,8.7103449,10.05793498,10.06529836,10.42657659,11.43277998,10.76781353,11.0424547,11.18330356,11.06321666,11.66013782,11.84592574,11.34797871,13.1681427,13.74480452,13.02694216,13.12041918,13.28056728,15.13313572,17.30748448,18.11185378,20.56347342,22.98111687,22.20689774,22.76225865,24.53117055,21.82044567,23.98292069,21.7455783,22.77524165,22.00717962,22.51820431,23.83838267,27.52690044,29.21959627,28.23881876,29.3883914,30.14955046,21.09688192,21.12753236,730.4178812
Asia & Oceania,        Philippines,All,160.3428638,154.5087627,155.4952419,150.4981874,142.12456,134.8037186,138.9152981,156.1235772,166.8532591,193.7481831,196.5714642,198.2519009,209.514435,227.7166842,243.2502473,260.9187102,280.3193976,299.900009,313.6145311,323.5196796,331.8871874,319.7088274,325.6670106,329.9481733,344.2941227,329.4082147,327.4102947,335.2067131,355.3919161,340.0250107,355.8857003,363.5288437,380.6458855,405.9197895,403.3634055,471.1689004,477.9502064,546.334451,567.9619215,610.5933089,517.670419,470.7477225,13017.70873
Asia & Oceania,        Samoa,All,0.438609148,0.437602453,0.512374574,0.512606686,0.64509484,0.527658468,0.477386412,0.471121162,0.471760054,0.595806328,0.595630486,0.595829773,0.555552577,0.610191669,0.610242956,0.613235787,0.627035281,0.633433292,0.648220725,0.663528357,0.929487624,0.993146238,1.048659557,1.057888625,1.057929947,1.071171143,1.106846261,1.181259079,1.211752133,1.268134405,1.265522272,1.280622118,1.239553632,1.203035645,1.223128231,1.419304014,1.512276955,1.525684028,1.513659659,1.631307042,1.552288629,1.597552412,39.13313068
Asia & Oceania,        Singapore,All,131.4857409,138.9539713,144.1385329,142.8761163,153.0194129,147.4288216,167.2462513,185.1446042,197.2576902,214.2328483,235.027662,243.9827427,280.8317253,304.604465,348.2352158,335.5129651,397.0021433,425.8928737,450.454639,478.5075285,484.6734124,512.2270922,506.1897792,561.6358701,606.0424154,627.3345833,678.9187876,737.3159009,760.9407827,761.327631,859.4334532,920.53319,926.5717696,938.9147734,947.3742856,965.5510239,1024.613965,1074.14485,1098.142101,1069.17533,970.2918332,984.3973682,23137.58615
Asia & Oceania,        Solomon Islands,All,0.43183718,0.615224853,0.553702426,0.615224853,0.616910299,0.553702426,0.50520403,0.588876102,0.705646033,0.703971724,0.703971724,0.703971724,0.705646033,0.703971724,0.703971724,0.703971724,0.705646033,0.703971724,0.703971724,0.703977879,1.056262379,1.104797116,1.141691405,1.193231867,1.26910769,1.300728185,1.349369599,1.438416281,1.459725107,1.51069848,1.55648715,1.616008788,1.620612038,1.614184134,1.519720639,1.388428796,1.334518863,1.326829878,1.389455127,1.368473367,1.297594387,1.339349829,43.12906305
Asia & Oceania,        South Korea,All,551.13327,577.2827063,588.1052925,630.9378561,659.4527655,703.2156942,783.3340917,889.4954543,988.2721358,1063.101469,1191.051308,1327.705556,1478.214377,1604.791244,1720.792509,1876.580203,2028.16584,2184.889169,2013.395856,2209.651305,2372.608257,2436.828803,2468.296277,2565.282484,2616.364591,2703.982049,2752.17741,2856.624915,2901.18743,2931.0234,3185.45392,3313.269466,3374.114945,3364.888099,3394.553404,3489.619192,3597.384226,3614.804834,3638.860477,3630.808719,3557.993704,3726.017977,93561.71269
Asia & Oceania,        Sri Lanka,All,25.89072638,26.14189089,26.87826004,26.34456081,30.91614011,28.00269871,27.65608218,29.3356007,29.02330033,28.10825783,31.17010578,30.64641108,31.16641778,36.81470431,40.18226325,42.56299277,43.25433406,47.54741626,49.22911141,52.26589045,58.01559473,56.55628578,57.1682133,58.66567674,60.90607878,64.07488878,64.35867842,65.90342988,65.46079131,62.17287708,71.89024714,79.28815101,82.61893289,84.04214909,90.18726547,99.60863658,105.0593043,104.4759809,108.2843374,109.3384284,99.14975666,101.2628898,2431.62576
Asia & Oceania,        Taiwan,All,320.8152745,309.6399879,312.7971976,355.8409096,412.3185087,428.3976647,453.3465708,487.5350446,528.1239452,558.475148,595.3169065,611.5523374,644.8163354,686.4375316,736.7612882,795.2916701,858.6910949,890.8089407,945.1698989,985.8091644,1055.573097,1086.89655,1135.913745,1192.832673,1239.307954,1261.626976,1287.404558,1347.3339,1297.078329,1277.493019,1365.463682,1354.959043,1335.376584,1342.281208,1380.598067,1376.830786,1406.723998,1313.852998,1387.531681,1114.014116,1106.057923,1150.842439,39733.93874
Asia & Oceania,        Thailand,All,145.2381661,156.3606893,153.7901984,164.799453,183.2885939,198.6052888,209.0729409,233.3623823,264.5917263,311.5598476,365.1832629,399.0873442,429.0632586,491.3306657,547.0221362,618.5895843,698.3907913,746.9350233,702.1445465,717.7422661,753.2849699,797.351092,889.9715943,971.344009,1049.334378,1079.469504,1100.954612,1137.633613,1146.628682,1191.220995,1293.45928,1327.114954,1411.412246,1491.83797,1500.052425,1507.917507,1546.538336,1584.39176,1616.713863,1580.440013,1471.373392,1536.430084,35721.03345
Asia & Oceania,        Timor-Leste,All,0,0,0,0,0,0,0,0,0,0,0,0,0,0,0,0,0,0,0,0,0,0,0,0.699118485,0.757022083,0.759657369,0.775028304,0.802212891,0.881656548,0.986570333,1.026887094,1.065489395,1.262735176,1.900693176,2.180858718,2.138332209,2.092948854,2.134663852,2.163830472,2.180480658,2.066715866,2.133974258,28.00887574
Asia & Oceania,        Tonga,All,0.123421448,0.184626187,0.184626187,0.184626187,0.185132026,0.184626187,0.114677412,0.254304752,0.317998827,0.392833373,0.392833373,0.399021546,0.379394648,0.378567604,0.514475593,0.465011531,0.528475547,0.553014005,0.562287912,0.562297583,0.438166026,0.394654216,0.427923816,0.52724436,0.488293305,0.519981792,0.584899142,0.500742333,0.540749611,0.5869266,0.534204772,0.505520253,0.515193907,0.50565741,0.548646676,0.573618584,0.606676001,0.720214836,0.628858469,0.720394781,0.688647973,0.710275953,19.12974274
Asia & Oceania,        Tuvalu,All,0,0,0,0,0,0,0,0,0,0,0,0,0,0,0,0,0,0,0,0,0,0,0,0,0,0,0,0,0,0,0,0,0,0,0,0,0,0,0,0,0,0,0
Asia & Oceania,        U.S. Pacific Islands,All,0.657410814,0.655614588,0.655614588,0.655614588,0.597646221,0.585399119,0.568652806,0.568415419,0.768224684,1.230449706,1.292496435,1.292795366,1.204190048,1.138730519,1.138730519,1.201041011,1.204190048,1.201041011,1.201041011,1.2010457,1.214596377,1.214596377,1.214596377,1.214596377,1.214596377,1.214596377,1.242167817,1.242167817,1.245570946,1.242167817,1.452745645,1.242167817,1.245570946,1.242167817,1.242167817,1.24169363,1.241156432,1.244806619,1.244806619,1.243605618,0,0,43.91888582
Asia & Oceania,        Vanuatu,All,0.519404444,0.453237151,0.453237151,0.453237151,0.454478889,0.517985399,0.482729957,0.426538474,0.552595208,0.483906633,0.483906633,0.404592513,0.212183266,0.211664825,0.211664825,0.211664825,0.212183266,0.211664825,0.211664825,0.21167479,0.381921204,0.425383192,0.405937118,0.476343962,0.383379521,0.383384503,0.355602932,0.576522908,0.568472568,0.656991724,0.679077186,0.785558016,0.659058747,0.63847351,0.729121233,0.6867184,0.692762676,0.772445771,0.994812341,0.960261732,0.911245775,0.943853036,21.44754311
Asia & Oceania,        Vietnam,All,35.81741084,40.11779781,41.77058014,42.63576469,38.50741216,40.99745445,43.28430516,47.99860163,50.97999424,57.24519898,64.82401145,71.58704453,78.93927961,92.09978256,103.0355747,125.3960845,149.0164228,152.3752541,161.7431517,180.6190873,195.1350519,224.4544464,258.5429479,283.493485,355.1149913,377.1834551,399.0169866,434.5359007,474.4288273,510.1641121,554.2769525,631.7465696,675.0506613,663.9143747,751.9212275,831.3159065,922.4976081,987.5843433,1073.378494,1187.361474,1201.84922,1249.950165,15861.90741
Asia & Oceania,        Wake Island,All,5.491397074,5.476393355,5.476393355,5.476393355,5.491397074,5.415544696,5.415544696,5.415544696,5.369563185,5.354892394,5.233587791,5.233587791,5.308744713,5.294240092,5.292849475,5.353501777,5.430649817,5.477854895,5.477854895,5.477854895,5.479669291,5.479669291,5.573419454,5.573419454,5.573419454,5.53282076,5.662165153,5.662165153,5.677677934,5.662165153,5.614806506,5.662165153,5.677677934,5.662165153,5.662165153,5.661863291,5.663478106,5.663586542,5.684687582,5.696122001,0,0,220.4890985
Middle East,        Bahrain,All,40.17381433,46.28477282,49.35321572,51.83019265,50.2996759,59.78592158,64.76488634,77.90361507,67.09940576,68.61068892,75.09337534,84.04982108,70.5120881,84.2084291,82.96640635,83.11316995,83.31564996,98.16034414,103.0405833,105.7193398,111.8766329,115.789846,123.5465786,129.0809641,133.7126324,150.0038946,160.0503333,164.3269371,172.080873,170.3704174,172.2341292,170.4143779,183.0694948,203.5913854,201.8228099,203.6046744,203.152072,209.0071833,211.6359128,232.1947569,230.6272617,235.7476682,5334.226232
Middle East,        Iran,All,469.5752927,438.0934619,506.4708981,616.3332009,653.3515616,705.7308496,710.0882317,741.9673805,791.9793894,869.5345264,882.6426609,944.4759443,982.8446198,1018.099662,1075.839522,1118.202319,1146.553472,1296.872549,1342.04963,1350.828261,1507.814414,1633.968523,1733.134681,1802.931767,1881.88418,2152.678132,2269.9464,2349.865391,2388.781661,2670.949542,2647.149043,2704.4273,2817.391879,2877.130886,3052.828303,3122.776314,3187.795912,3336.189583,3482.981775,3492.826436,3429.688373,3531.595365,75736.26928
Middle East,        Iraq,All,155.1434216,140.9752552,135.4962008,161.3563031,156.2316342,167.8364861,181.9692186,186.7995227,224.822261,241.7119818,268.1800543,175.5946085,245.3124581,282.0161153,322.531915,330.2987401,329.2421114,304.2917983,308.3465123,313.8093943,295.6300429,299.7142102,305.0202581,239.8886509,296.9370759,321.9918694,315.7831724,288.8062699,321.6115621,385.1651526,398.1596115,410.710955,476.6919335,506.5688498,487.5239089,420.4988831,518.2495192,692.9976533,771.0026108,741.9981311,634.075453,612.017074,14373.00884
Middle East,        Israel,All,104.1833084,105.7700087,110.2865433,108.242584,98.81605016,104.4741762,112.8090665,123.9245967,130.4104439,134.6209504,138.7567194,141.7207889,148.6781295,165.2388663,175.7488506,188.691337,193.3955968,203.5519898,206.3928374,209.5222972,228.3283553,226.0930389,239.6567801,246.807203,249.8106093,239.6449022,247.8255105,258.4214344,252.6151321,255.9585184,275.2889507,272.0900316,293.3109947,269.7966569,284.909004,296.9179801,302.7831018,313.8648123,307.8744853,297.6171692,284.3265927,302.0844343,8851.260839
Middle East,        Jordan,All,22.80803911,27.04896657,30.73746207,32.58170996,34.5202754,35.63345696,37.9711219,40.88540265,38.36436821,39.51502345,42.15581626,39.96577947,47.10327073,46.59765405,53.54932984,56.13151159,60.3256132,58.3027324,62.35423378,62.99795471,66.33962032,63.71796117,66.82494102,72.97140757,79.27647716,86.07102786,88.99354769,85.58646094,82.44887726,85.74323552,89.24537571,93.45341984,99.16937799,98.46741761,101.0334066,109.1562948,116.3458241,120.3707379,117.4996987,120.4479068,107.5168586,102.3760175,2922.605615
Middle East,        Kuwait,All,141.1659016,103.0364287,104.2838771,114.7667606,119.2375341,118.4288209,132.4561971,157.2910002,181.904422,203.4398714,119.3212135,63.09260782,102.6510883,139.2696303,167.3339684,172.7725651,183.3272159,234.0656563,247.7936978,269.0257151,241.6401632,246.752442,260.6030108,282.5186571,293.9478288,343.1535464,340.712807,362.1452002,388.6680862,416.7415792,410.6968102,430.197863,441.7670082,452.8993337,462.2003433,491.222187,497.099346,475.1642109,495.1253041,475.6876978,436.3766373,475.0891756,11795.07341
Middle East,        Lebanon,All,30.26880563,28.38084107,27.2447766,28.14338901,26.96717249,31.28511699,29.91579138,31.4066458,28.34889497,22.56104382,20.88088582,34.38425898,35.18498131,44.14302575,49.70832248,53.37430111,56.60389852,64.81206944,65.40041508,67.03949815,60.60583502,64.49313367,65.00066819,65.76588539,65.45066047,62.57505792,58.00819881,51.34329495,66.28667049,81.97142081,79.19224093,79.97844047,89.54087731,89.27307229,91.99876602,101.5174519,104.423864,111.5306568,105.1967063,106.6607694,103.8657673,105.318056,2586.051629
Middle East,        Oman,All,18.94360637,20.44954392,24.72612453,28.40184275,29.64516146,35.09469876,39.45445292,40.69178478,38.14784194,49.25785484,53.61662604,56.37621654,59.60521696,66.58690165,69.39078147,65.47521856,67.46236797,78.18342863,101.1188219,88.33173761,107.4026583,113.0245207,121.3622383,117.4462762,117.3344524,150.8403006,171.8338026,177.4233726,223.3386038,221.6965478,260.0051841,266.0418338,314.2191984,314.5993398,343.892152,344.5448362,338.0950882,355.9437754,394.8160893,392.6908526,359.0708507,383.1753501,6619.757553
Middle East,        Palestinian Territories,All,0,0,0,0,0,0,0,0,0,0,0,0,0,0,0,0,0,2.721751347,4.313490423,4.390865299,5.764299755,7.821075565,7.241872532,7.768317983,11.81506342,14.47978393,12.78512629,13.1675548,12.62950466,12.95371012,12.94738801,14.39642896,14.40427855,15.29920648,16.50417345,18.32248876,19.23913552,19.31246691,19.68907124,20.55220605,20.0282558,20.52936623,329.0768821
Middle East,        Qatar,All,66.12064399,58.37620974,68.97497024,65.85959745,77.76993119,72.77622647,74.90618713,76.78056672,78.5995133,81.4732783,83.70063257,98.3489467,152.9150539,163.1820316,163.6346287,164.8250488,169.4922214,178.7437163,182.215235,181.0014185,193.6811375,147.3718508,176.4365781,185.4413434,212.0710306,260.4848514,283.564752,308.5173035,334.5371733,352.1670324,367.7240473,402.6546925,560.736186,605.9278177,613.6428731,584.1519752,563.6458034,615.6084256,635.1319545,660.687577,629.7256075,615.3775559,11568.98363
Middle East,        Saudi Arabia,All,484.6871609,591.707925,581.833159,621.8903444,722.8188578,806.4322027,881.6927674,898.627983,932.7763563,914.4053126,979.6901723,1023.496095,1079.393353,1106.835137,1136.002334,1119.023697,1203.239394,1276.494802,1328.775376,1423.837539,1494.889258,1552.221377,1614.765244,1688.239952,1844.355373,1954.014989,2034.222661,2237.313752,2397.260384,2347.750273,2889.423133,3114.172321,3072.003393,3155.394187,3279.757949,2889.535773,3595.961611,3489.84803,3416.694933,3328.759192,2660.708601,2689.073185,75860.02553
Middle East,        Syria,All,80.6888697,84.73919147,86.26438871,96.95217566,108.1477442,112.9218428,113.0209925,126.339881,132.4939507,141.6083356,164.0206432,152.109413,156.7357503,173.9012787,184.8415156,177.8410325,191.7625295,203.7869334,219.3639058,225.8048382,217.7757645,215.2052938,232.9257359,226.1957435,251.6420181,284.3024396,296.2862768,305.6785059,310.2712091,290.3505173,300.481609,272.0038092,210.1961692,154.2818102,137.0322677,122.0030039,118.8585207,119.5926576,139.9776912,123.7032609,115.5938622,117.4374721,7495.140851
Middle East,        United Arab Emirates,All,80.60955851,129.2696795,123.1533168,151.7195965,172.6669262,234.7184052,265.8942944,313.2587658,343.1682005,371.6489791,359.6953266,436.0371629,472.8261327,442.4424516,436.3496077,470.2967733,489.3223854,518.140338,538.6156952,546.1534269,612.5931013,665.0068342,695.1728179,715.9187635,757.4023021,781.6942944,826.0080633,908.691886,1049.658563,1029.43331,1066.567387,1184.878932,1171.958065,1224.002552,1217.341057,1378.073697,1384.134333,1363.591624,1275.003349,1352.255186,1351.618208,1361.255935,30268.2473
Middle East,        Yemen,All,27.9859184,28.52966436,33.49134502,31.01050454,38.55837644,42.79449639,41.18195022,40.83846779,42.12188726,44.99042271,47.059768,48.70080321,51.04804392,42.06167602,39.83347947,44.17081436,44.43352553,45.84447558,49.63829311,37.26960933,60.13715308,64.71240161,65.27953016,74.84409205,79.02295959,83.28482984,83.21344736,88.35343328,92.77656588,102.7795614,99.73649599,83.80045631,72.6133493,102.4802748,97.00658704,52.38764579,41.93639563,38.71048095,36.04712409,46.56228432,35.25411155,35.62134086,2358.124042
Central & South America,        Antarctica,All,0.624810587,0.623103454,0.623103454,0.623103454,0.812253762,0.872344835,0.810034636,0.810034636,0.874734821,0.810034636,0.872344835,0.872344835,0.874734821,0.872344835,0.872344835,0.934655327,0.93721588,0.934655327,0.934655327,0.934655327,0.9296705,0.95514092,0.95514092,0.95514092,0.967875984,0.973736798,0.973689907,0.986404455,0.049270049,0.067394084,0.067389395,0.067342504,0.057500041,0.057350868,0.057346179,0.058241508,0.058167947,0.054660193,0.054660193,0.054660193,0.0460158,0.048968187,25.01927717
Central & South America,        Antigua and Barbuda,All,1.701228855,1.51480439,2.060133807,1.211843571,1.336679961,1.333027723,1.35527115,1.686886595,1.691398115,1.686886595,1.749197087,1.743078372,1.747743753,1.743078372,1.866040872,1.989484887,1.994825502,2.050137189,2.050137189,2.05014305,2.136275737,2.136275737,2.290244751,2.407211039,2.496710514,2.534894312,2.612591271,2.737976582,2.80084801,2.934511375,2.837379771,2.829402406,2.907668215,2.907951614,2.973240576,3.043336472,3.08763664,2.937482812,3.026644377,3.042714578,2.574903056,2.746919906,94.56484679
Central & South America,        Argentina,All,502.0547371,489.357557,512.7316098,519.7456746,556.7820046,533.8784892,572.0550678,573.7860055,569.2617174,565.8419551,549.883148,573.0920995,594.1293112,659.2147757,648.9248418,668.3863597,698.0178583,723.539754,768.2447544,743.5076752,806.9059366,794.0950925,747.6208962,813.8901094,876.7687899,916.8169223,966.82024,992.3987103,1030.872212,1008.324267,1048.789731,1071.074294,1087.573163,1103.153753,1107.013256,1123.157455,1124.439046,1074.955048,1067.594027,1085.630041,951.6682731,1038.90314,33860.89979
Central & South America,        Aruba,All,0,0,0,0,0,0,0.426085095,0.426085095,1.63244474,2.170036815,2.292005222,2.500269849,2.746363073,2.790369585,3.061581252,3.465095561,2.283770834,3.693370715,3.693370715,3.693375697,4.417353551,4.57069393,4.724763173,5.261479262,5.486854782,5.925279882,5.913991412,6.094232685,5.724873634,5.707514218,5.357840678,4.262472211,5.340357001,5.171760571,5.245480571,5.398884253,5.246332526,5.431895364,5.247591847,5.44081876,4.636626767,4.910583621,150.3919049
Central & South America,        Barbados,All,4.28099189,4.455312564,4.51720631,4.764782175,4.591309353,5.074251786,5.321827358,5.067143959,4.771376543,5.193141493,5.501579791,5.562921393,5.876400495,5.726834565,5.431263212,5.636783825,5.061032571,6.093057182,6.188755087,6.479077849,6.965392345,6.969544561,7.016450122,7.091271186,7.144120792,7.199388812,7.215735377,6.884451687,8.117614342,7.650482449,7.373251417,7.738325492,7.272995687,7.385971827,6.423312489,6.832734796,6.97113007,6.608833419,7.019246303,7.053000054,6.056960043,6.474978972,261.0602416
Central & South America,        Belize,All,1.052754038,0.992945192,0.934929641,0.935703639,0.995177506,0.992874855,1.208694827,0.989239908,0.757221078,1.089389253,1.433224253,1.623709202,1.361031734,1.35751167,1.295283237,1.601908311,1.430799978,2.210049076,2.173444633,2.2605043,2.413459585,2.656652001,2.570864551,2.522165402,2.429977596,2.601957227,2.993351625,2.824349,2.731469842,2.846680055,3.379761783,2.94823262,3.062961026,3.337774523,3.319573118,3.669991641,3.674291858,4.083098131,3.647302162,3.845777665,2.853932072,2.975292652,94.08531246
Central & South America,        Bolivia,All,21.84782105,25.06704494,21.82556941,22.67587304,21.86174802,19.68103877,19.97979931,19.64720384,22.56966301,25.57104475,27.03793249,26.60521082,28.72754639,28.34242457,31.65744397,36.27872412,35.53664509,39.85544213,36.96906106,41.52815792,43.58740724,37.30092239,40.68599372,54.69588035,56.72529104,55.57309923,61.17001528,65.72467447,67.46089442,66.48746886,67.46298459,69.82742617,82.85468631,83.9449196,84.83210814,88.92730508,92.0954882,90.77841169,93.88028216,93.07722171,78.06862461,85.30672035,2113.73322
Central & South America,        Brazil,All,1141.912362,1109.810932,1132.193745,1134.466907,1220.524967,1299.009246,1401.597426,1431.866258,1485.7995,1528.465889,1716.295861,1660.31286,1704.240597,1768.550147,1862.854708,1981.236695,2105.054467,2226.499289,2297.730386,2359.687379,2484.082082,2436.591522,2475.943001,2512.423494,2618.418719,2693.428395,2810.428376,2967.898297,3084.427228,3050.561193,3357.169881,3497.824467,3588.554279,3696.676975,3764.261153,3689.81936,3635.432012,3676.445611,3656.373528,3691.656484,3450.091945,3542.327228,102948.9448
Central & South America,        British Virgin Islands,All,0.124381253,0.186061937,0.186061937,0.186061937,0.124381253,0.124041291,0.075150475,0.19365245,0.194152427,0.19365245,0.19365245,0.19365245,0.194152427,0.19365245,0.19365245,0.19365245,0.250498066,0.249843933,0.249843933,0.249848916,0.437475846,0.447742089,0.473609326,0.505953703,0.531820941,0.547103076,0.596003564,0.617851639,0.663872421,0.69582262,0.717048801,0.734501705,0.731874919,0.731884883,0.743554638,0.746563294,0.756500712,0.710869713,0.882710135,0.70534124,0.594593897,0.63275337,17.95549947
Central & South America,        Cayman Islands,All,0.413379631,0.471142849,0.471142849,0.412250139,0.472433822,0.471142849,0.445324261,0.470337199,1.145404309,1.142416167,1.214305945,1.201924031,1.219118154,1.155311833,1.33280792,1.427915583,1.431827481,1.428172898,1.428172898,1.428179053,2.082782549,2.109091736,2.186296632,2.214556786,2.093178621,2.154816811,2.18555282,2.612076934,2.682360102,2.489060508,2.500605708,2.632597109,2.4322357,2.400937583,2.44141817,2.582457228,2.547731657,2.955272161,2.758874817,3.342761402,2.826469948,3.010262937,74.42410779
Central & South America,        Chile,All,125.1948887,123.5550917,110.326732,109.0654331,114.3839719,113.6687006,115.3403725,119.8433335,131.6579655,147.3767231,166.4647054,166.3941969,184.6639017,196.6935771,211.1579218,231.0997307,247.6400916,273.9060009,271.1802993,283.5182652,288.0745621,298.7443856,312.6598503,321.4675302,346.729865,364.246447,371.3464669,368.8716086,374.5636678,367.0495051,368.7281886,391.0110015,386.3934436,401.7878896,395.0823991,409.3120088,429.8572254,441.1238493,457.7996985,460.2600511,435.320469,471.378352,11904.94037
Central & South America,        Colombia,All,198.5551155,203.1432603,216.3600907,218.3152046,241.2686648,246.8699209,259.5065281,245.6579613,262.8898504,278.6868199,276.4480942,279.3619975,280.6086724,307.3141228,322.4632927,326.4777761,348.9235517,354.0951358,358.6963551,345.1490103,346.1086193,346.0227832,348.0100789,350.0463632,364.2901889,361.1211638,378.6232473,379.500286,377.990394,373.1084961,375.6512171,427.4158629,445.7334032,463.5155597,490.0292362,481.6381972,489.92952,492.3758161,490.4665078,493.534842,427.0439709,474.591143,14747.53832
Central & South America,        Costa Rica,All,16.15813926,16.67075239,16.2648437,17.90738822,17.22331184,17.49287148,17.07271988,18.88930812,20.43273226,22.23725393,21.78134661,23.2491754,27.45777959,29.87141501,30.26177634,30.76269774,31.05361074,34.86899881,35.77230913,41.07884556,42.57441664,43.34152649,45.11975421,46.03826255,47.46869883,49.33783511,51.48706337,54.40647812,55.11007882,53.60717073,54.48072184,54.76940868,55.2917195,55.67021325,56.80848131,59.28285637,60.83566813,63.17087714,64.53513617,66.16191264,58.84545438,61.62874339,1686.479754
Central & South America,        Cuba,All,133.393973,135.571678,146.7450128,135.0799801,139.9645227,142.3085511,146.0467105,143.8551108,145.9326307,148.8121973,145.7022592,135.5800112,120.6408526,117.9031128,119.1875563,121.5120905,125.3041675,137.9000409,131.1829126,113.5017706,109.7692384,101.0899519,102.2994787,103.8380458,105.1355637,103.4542595,100.8356896,101.8412814,116.4980928,117.3725773,133.3720493,119.8009521,130.3895782,125.37457,127.5679952,127.9135968,99.81274255,106.0888603,111.2333924,108.7102308,101.7870274,103.8907503,5144.201065
Central & South America,        Dominica,All,0.147488357,0.210275674,0.20721485,0.225887512,0.229087544,0.222504898,0.187271437,0.246413842,0.262732859,0.262757477,0.262616803,0.262776233,0.262817263,0.262180715,0.334274763,0.415279018,0.41641525,0.417897305,0.438722566,0.453944036,0.529279438,0.566646156,0.534000502,0.595739508,0.705774105,0.676320277,0.674406823,0.814792628,0.733577949,0.744911845,0.77906124,0.789241906,0.759429067,0.758620487,0.782789677,0.813064687,0.850160902,0.793983193,0.818758744,0.789466105,0.724157507,0.764024991,21.72676614
Central & South America,        Dominican Republic,All,25.28125039,25.34403097,26.40870446,31.46625272,27.19924671,29.13984782,31.82694305,34.96029334,38.74312513,37.68513306,40.65868018,39.30053226,42.02640945,39.41039131,42.87425539,46.2787936,50.29587859,53.19718748,55.06563944,62.54161043,86.21079382,83.80675146,88.52054121,81.21179655,75.58130699,83.07913954,82.92219029,85.24198265,84.75473033,83.73533821,87.79927513,86.39763474,95.89747007,91.43516017,87.78799165,97.34246372,103.5397571,102.1212716,112.9056079,120.7703397,104.4598129,111.040273,2816.265835
Central & South America,        Ecuador,All,54.41391507,56.01963622,60.54158323,57.46853825,61.18438655,64.68687785,69.40632473,68.51612578,70.85135648,69.39280805,74.09040363,77.93726126,86.83142494,84.16562095,91.60058587,89.94138589,97.46188389,100.2537496,102.7446863,98.61144129,108.1758649,115.0237572,117.1973956,121.3729728,131.9409044,140.0202529,146.2779413,156.659876,163.5887081,168.5746392,175.0642649,180.8831762,188.0124457,191.8467101,208.3389257,202.4418714,200.1949556,203.6152407,213.5958758,217.164521,186.4833878,189.8563176,5262.450001
Central & South America,        El Salvador,All,13.24415363,12.02645774,12.39762445,12.47129316,13.1742746,13.40668937,14.09418675,13.73464847,14.98224277,15.15964039,15.71770077,15.53475915,17.58086457,18.21807026,19.94459721,24.83650201,25.4048342,25.21626329,28.74783299,30.36462984,29.40255577,30.53108921,31.27229958,33.36580615,33.27599572,34.42661961,36.38682006,37.93923061,37.23422581,35.89617311,37.19061846,37.2439317,37.56222184,36.51425921,37.35029325,38.6335744,38.95052022,38.68467379,41.71036657,45.66659645,42.25937606,44.68160401,1172.436117
Central & South America,        Falkland Islands,All,0.051854927,0.051713081,0.051713081,0.051713081,0.051854927,0.064641571,0.050006534,0.050006534,0.087021275,0.124620691,0.062310492,0.062310492,0.062481059,0.062310492,0.062310492,0.124620691,0.075326024,0.137460674,0.075150475,0.075155457,0.115721327,0.128464304,0.141299891,0.15418061,0.167017662,0.16701649,0.19273602,0.192733089,0.197639667,0.19758457,0.189571157,0.187277005,0.193556616,0.193607903,0.193544307,0.198889611,0.20819517,0.20015245,0.207303065,0.206912402,0.176742604,0.187002399,5.431730366
Central & South America,        French Guiana,All,1.5149647,1.329526415,1.631691257,1.692124342,1.333168982,1.329526415,1.557884508,1.779392675,2.044694879,2.3514448,2.808300487,3.08470682,2.544558588,3.393255898,3.393255898,3.956851781,3.900175853,3.956851781,3.956851781,3.956852367,2.250569227,4.12351307,3.833702009,4.467694771,4.462807536,4.467182192,4.188182483,4.55369206,4.645335635,5.447773018,5.207069059,5.349372128,0,0,0,0,0,0,0,0,0,0,104.5129734
Central & South America,        Grenada,All,0.179820425,0.239105556,0.239105556,0.239105556,0.239760567,0.239105556,0.277236893,0.341320459,0.354408379,0.353587197,0.525656506,0.525656506,0.541935959,0.623,0.71448268,0.650724715,0.696818765,0.922133618,0.799643253,0.799650873,0.862857573,0.898057918,0.922797715,0.976160194,0.947933157,0.996789684,1.031344982,1.094900142,1.16423347,1.130384764,1.174532536,1.171875856,1.193682316,1.346874694,1.138639667,1.185042319,1.220725936,1.327158117,1.306751946,1.307850372,1.102949602,1.175456879,34.17925886
Central & South America,        Guadeloupe,All,2.068643973,2.888189024,3.654443106,3.831270993,4.196392253,3.831270993,3.987843934,4.609828739,5.074754694,5.591941771,6.043147067,6.281605231,5.955941744,6.784530642,7.013778202,7.202298997,7.162119686,7.332780794,7.347558849,7.34789881,8.722242076,9.097357902,9.355056698,9.710681024,9.537558713,9.430872441,9.744643441,10.13342072,9.444379158,9.351462487,9.944665474,10.8717889,0,0,0,0,0,0,0,0,0,0,223.5503685
Central & South America,        Guatemala,All,18.91009821,15.98025046,16.42767427,18.0002284,15.63881394,17.59615726,19.03243735,19.15514371,21.0026438,21.96530636,23.44220009,22.79085817,25.08883939,26.80569151,29.92889835,32.02270268,33.11582271,35.76844265,42.06482125,45.32558343,47.63046263,49.64518582,50.17855916,55.09377533,51.99170295,53.67550703,56.90746658,61.0048,56.65758455,59.24083746,58.23551768,59.40119335,63.60299421,68.00778766,71.68747786,80.04715747,87.28195618,94.63249848,97.29957293,100.1013919,99.56574139,100.5813684,2022.533153
Central & South America,        Guyana,All,6.102511327,7.448775263,5.776248805,5.156890492,5.792011575,5.900129494,5.605502706,4.260541173,4.211077404,2.832984308,2.726451311,3.213501706,3.56872863,4.55295792,4.551026002,3.864163411,4.210804263,4.480295609,5.793085969,6.954262133,6.931077365,6.774294294,6.852310407,7.05998948,6.892713037,6.221392241,5.567730379,6.889306684,6.550073763,6.745536214,7.264857133,7.556493434,8.567833751,8.391834665,8.370682338,8.493408038,9.590728645,9.509550307,9.717746942,11.3300733,11.01456381,11.01456381,274.3087095
Central & South America,        Haiti,All,4.7291856,3.561580066,4.300711398,3.80025774,3.855921111,4.438148333,4.467245788,6.499292938,6.876933269,6.398401539,4.109407611,4.158238055,4.495221664,3.40198235,2.9105784,4.557407015,5.295156229,6.411737103,6.299881663,6.820405634,6.989793061,7.604272637,8.329120323,7.705808496,8.873831655,9.256014277,9.474652996,10.21838289,10.29502011,9.786836436,9.076601219,9.542158154,10.49100569,11.03873007,11.89594488,13.57028632,14.08798656,13.98420197,14.59727012,13.21777733,11.04762651,11.80104236,330.2720576
Central & South America,        Honduras,All,9.653722283,9.191283027,9.268118068,9.845527806,9.95403375,9.331615201,11.00739562,10.61453411,13.34631578,15.41989505,17.285501,17.26316819,17.81522034,17.76675946,17.7554534,19.19575969,21.47431564,22.05050269,23.66121453,25.35222931,24.34612586,26.57610194,26.84498897,29.43693757,31.27549287,32.10189341,30.89619376,38.2579627,37.89815831,35.91235321,37.51772737,37.9965214,41.3879248,41.48003406,45.44747593,50.56013542,49.5958639,52.52568733,57.74583288,56.17325736,51.09902052,52.28506924,1194.613324
Central & South America,        Jamaica,All,34.01111434,29.50904158,25.14732238,26.4635783,22.52436376,19.91314845,19.78046218,21.73980775,24.55463842,28.55611422,29.88531474,31.19385881,33.7412212,34.25050564,35.31782877,39.372301,40.57761614,42.37495056,43.32834742,44.37112653,43.21126039,43.84361284,43.6486615,45.48934186,44.50098028,45.88658447,52.41934512,53.39042407,45.40514285,35.6979517,32.79611704,34.74536957,32.55847918,35.42034993,34.90121394,35.99766061,37.26721553,33.53906825,34.68404643,43.2960898,34.12359519,34.5990113,1504.034184
Central & South America,        Martinique,All,2.743492452,2.735996601,2.735996601,2.675196592,2.377693322,2.918396335,3.03999606,3.473440729,4.236022643,5.851278534,6.392495886,5.341831144,5.880127173,8.011452372,7.913681289,8.026064549,8.048053884,8.15041796,8.088107468,8.088107468,9.408854678,9.442873365,9.847662235,9.707299582,9.739732174,9.55784414,9.559489142,9.931048563,9.976606294,9.95989896,9.932674222,10.32479514,0,0,0,0,0,0,0,0,8.98730279,8.98730279,242.0912331
Central & South America,        Montserrat,All,0.062481059,0.062310492,0.062310492,0.062310492,0.062481059,0.124620691,0.05093879,0.063778773,0.063785806,0.063778773,0.075150475,0.131341958,0.131671369,0.131341958,0.131341958,0.19365245,0.194152427,0.19365245,0.19365245,0.193657432,0.116313329,0.116313329,0.167650987,0.167650987,0.167650987,0.167650987,0.167650987,0.186356472,0.239254142,0.202299773,0.270308425,0.186858208,0.181279035,0.228414069,0.213291071,0.240041914,0.136935785,0.123006168,0.136623373,0.136623373,0.115021183,0.122419149,6.038025083
Central & South America,        Netherlands Antilles,All,69.92954495,63.98025736,60.78124444,56.94242895,54.53221394,45.42598276,44.40229863,44.559492,42.09539314,44.06003566,43.10647878,41.08770917,40.61156185,40.59959669,41.98581691,44.68647278,44.18677202,46.81806438,47.38405553,46.30659012,54.72716645,56.20643874,54.64750006,54.26421139,56.30482205,58.36086841,58.75777135,62.14290511,62.0309424,59.61930718,51.43499684,58.01522546,53.91615443,54.18984664,54.75373061,56.1281826,56.58772135,57.10207326,57.88337327,55.9259561,47.13471714,50.21535322,2193.831274
Central & South America,        Nicaragua,All,9.664700099,9.613968217,9.502782148,9.413765652,9.30782876,10.52836772,10.11411122,10.58214108,10.73586333,11.63390308,10.79459221,10.32659166,11.6467498,11.98552055,12.22068402,13.0747873,13.78205636,14.17396832,15.33587628,16.44308448,16.29629304,17.29846818,17.63129283,18.70663583,19.46781335,19.78524128,19.88101831,20.70579085,20.95308976,20.95829088,21.66567599,22.7912418,23.00995027,24.42623156,25.91368842,28.35555411,28.44256102,28.35986517,28.14474739,28.15786403,28.6292173,29.21932518,739.6811988
Central & South America,        Panama,All,53.87930674,54.54594603,51.86064468,52.4878306,53.85097712,48.42309213,49.92834302,51.79969755,51.26694289,49.92948424,52.77064168,52.17099965,53.09028844,53.30614124,59.37955071,62.51978492,56.26072498,57.83633407,60.92652804,42.45491266,67.06755462,68.16463374,67.34352399,67.91353107,69.25367776,69.18773876,75.12748282,70.90083139,83.05612709,80.46997367,91.28476016,92.07791279,102.2194633,100.6023728,102.8752695,112.3786838,118.7547318,127.7153833,130.1859248,117.9836836,118.7001709,117.7755295,3119.727131
Central & South America,        Paraguay,All,8.110972496,7.844212269,7.700693546,8.311876377,8.94484486,16.46453222,33.01461128,49.08883961,51.07895636,63.52568087,67.67095469,71.73439134,67.65203614,76.39556946,88.24481597,101.7640278,106.4932102,117.2610225,119.4351069,124.9724193,124.6927335,110.8858656,115.5422593,122.4921336,121.5933811,119.1332876,124.7368065,125.2695123,129.2018567,128.0451448,129.4885064,136.4302694,140.0193878,141.2179977,133.6571663,137.0974649,154.9034978,148.9425021,149.0947698,129.9726911,122.3999291,105.8008473,4046.326785
Central & South America,        Peru,All,117.9849019,125.9890838,126.070681,117.3335723,120.9621722,122.823094,132.545914,133.2008589,132.4733364,119.3851804,113.1451085,111.7901354,109.6357453,125.5035917,131.7747824,138.6145573,148.1546478,141.8013055,146.4783179,154.3754662,158.8141272,156.2511436,158.0820169,158.3821971,173.4908184,182.1282648,188.4659967,194.8169868,226.2358405,225.1691849,251.9742593,263.8460209,280.6091064,287.5551934,292.9250051,305.7393631,318.4488283,320.6353547,332.4778264,342.6392408,288.9240902,310.1176826,7987.771
Central & South America,        Puerto Rico,All,66.30774339,65.88708097,65.82584224,67.1363698,66.85413226,66.82189924,67.94010461,68.13185591,68.3669889,68.35670683,66.7975422,66.53407989,66.88778666,66.85319033,66.98281255,66.98170738,67.09832111,67.05366105,67.10282999,66.7833538,129.3847455,140.8302456,144.5819639,150.4927867,155.4428275,150.5644778,136.73434,131.9611333,123.5323507,115.6381099,98.04743188,106.1717482,111.8403148,98.46283575,93.823506,93.846888,87.81259722,85.2383058,85.66070876,80.78388974,70.2067537,78.72039911,3810.482369
Central & South America,        Saint Kitts and Nevis,All,0.241932802,0.241271929,0.241271929,0.241271929,0.241932802,0.241271929,0.206498587,0.206498587,0.219842358,0.219344725,0.219344725,0.294501354,0.295168088,0.359966744,0.422276943,0.359966744,0.423433984,0.422276943,0.422276943,0.422276943,0.771238616,0.79721722,0.872155219,0.873559317,0.944789688,0.880216109,0.912141983,0.964400467,0.96330673,0.985755012,0.992736819,1.040253137,1.035083676,1.031362859,1.04422365,1.069020888,1.097278698,1.096754103,1.109571812,1.109221887,0.936289485,0.99551776,27.46472212
Central & South America,        Saint Lucia,All,0.468356046,0.350307157,0.46707621,0.408691683,0.409811504,0.525460736,0.527194831,0.574818999,0.733767565,0.73197427,0.73197427,0.73197427,0.733767565,0.73197427,0.864516349,0.864516349,0.866637297,0.864516349,0.864516349,0.8645269,1.464993041,1.588693492,1.435496718,1.588456398,1.594098582,1.644347192,1.658734291,1.714943359,1.762580129,1.719350838,1.79704985,1.823972139,1.815664484,1.810985328,1.828773798,1.841231031,1.861143673,2.017476589,1.854542564,2.725312441,2.296194365,2.443358293,53.60377756
Central & South America,        Saint Vincent/Grenadines,All,0.224651343,0.224502757,0.227571493,0.22791966,0.240208671,0.252028184,0.231101521,0.240040449,0.279576764,0.387987167,0.366214411,0.317684363,0.401675001,0.347413091,0.57681715,0.632984309,0.578119846,0.666491881,0.729967033,0.730160459,0.70106828,0.811356382,0.877201591,0.919231346,1.015367684,1.019260826,1.011090621,1.030298136,1.031384546,1.38689985,1.025073284,0.95022936,1.151987247,0.942359844,0.97102297,0.995415186,0.993406191,1.143968559,1.052819686,0.90695904,0.81501624,0.860325741,29.49485816
Central & South America,        Suriname,All,11.43566643,10.00468445,10.07422469,7.18622059,6.774744449,8.304110022,7.639884744,5.539302589,6.500806059,8.759339463,10.05645937,10.32149928,10.07298881,10.32699961,10.34322983,9.929990873,9.811317452,10.03085443,10.02478935,10.08673585,8.362940601,8.256370971,9.158450395,8.113661706,9.195872796,9.358081766,10.19917596,9.534744655,11.28062155,11.47278521,13.78020386,11.21185121,12.2092666,11.75300467,11.44025707,10.52752045,10.94026822,12.74935739,12.87718016,12.98414427,12.35755504,12.43443404,423.4215969
Central & South America,        The Bahamas,All,17.67601326,18.25727951,15.73903392,11.96166582,10.73186498,9.443420233,9.506376652,10.60746731,9.873392022,11.29052351,12.01189744,10.65441654,9.014220684,9.518348854,10.57422086,12.63703011,14.24621769,13.88533364,15.76845404,13.86938447,16.46292297,16.77840784,17.40171791,12.15503282,13.47250205,12.95419691,15.04617717,17.32743551,16.93224058,12.72943097,13.26287845,11.70997408,13.5339515,12.59428731,12.36364122,11.81905532,12.37336616,14.75487907,16.02686177,16.03522716,13.53638662,14.45972124,560.9968562
Central & South America,        Trinidad and Tobago,All,49.67431493,47.81964254,48.95009998,54.24609175,73.59500338,80.3284953,60.22573143,55.99802084,58.02008837,62.11895806,66.22391453,74.20762138,72.65697071,79.58045962,91.23757882,95.33669968,105.1543835,113.9664975,113.5028019,116.8692706,128.9758683,141.384817,151.5523719,183.0083871,170.6566864,194.3281297,248.4078746,250.5936232,268.0210606,256.252734,280.2841862,284.8190069,272.8785625,302.5975952,296.4382682,288.2816547,258.7157247,216.2364286,215.5893078,214.2106113,194.8902247,195.756998,6533.592767
Central & South America,        Turks and Caicos Islands,All,0,0,0,0,0,0,0,0,0,0,0,0,0,0,0,0.055418658,0.055570468,0.055418658,0.060960905,0.060960905,0.28908923,0.306918437,0.408698424,0.420262087,0.432997151,0.509408413,0.585819674,0.687701357,0.732274666,0.738642198,0.764112619,0.764112619,0.764112619,0.770480151,0.827788524,0.85312677,0.88243377,0.955140627,0.957808736,0.98704159,0.831565317,0.88545034,15.64331491
Central & South America,        U.S. Virgin Islands,All,12.49737551,12.46322993,12.46322993,12.46322993,12.49737551,12.46322993,12.46322993,12.51434338,12.23523641,12.1871404,12.17564854,12.23871339,12.41213464,12.60328485,12.2589745,12.09226426,11.95174277,11.92695725,11.9596114,12.30282568,38.92283302,56.34053908,55.74764352,65.64406967,67.30121142,65.83282639,70.04805073,65.39173288,37.89739574,33.07996091,29.93104597,19.81688698,11.35507481,5.950834413,12.16205332,12.05544793,9.980355539,9.936667594,9.954472769,9.953656276,9.298811582,9.806972689,952.5783214
Central & South America,        Uruguay,All,31.64843206,29.97481832,28.41671987,34.99407933,34.36341877,31.67215989,33.37736102,35.59342037,35.1373082,30.61771542,39.43098065,34.99580346,40.39063103,41.30493998,40.81126122,36.20502522,37.84958137,41.39033823,51.81539965,46.471277,48.07117543,52.63857526,46.74571067,46.94231522,45.15878176,48.75753482,44.44304239,52.603925,55.88021959,59.04411363,61.32801401,60.04319454,60.14008934,62.86528807,64.68309226,66.68278624,67.64104044,65.30996987,66.95977373,68.51659352,60.45951835,62.75841013,2004.133835
Central & South America,        Venezuela,All,464.2702269,504.0136431,512.2197018,496.3334624,499.5005638,511.9881367,551.8874007,562.5994957,565.9516746,602.3637113,609.9167574,648.4493615,651.0023435,672.8897337,713.3668113,724.8042561,753.9797398,780.6048172,824.7275429,775.0846427,800.7165731,878.1925943,836.72833,770.6855439,868.9732988,880.5629597,928.4881637,876.7161329,930.178384,911.9151197,910.9356249,918.9388711,996.218109,943.0416131,896.0350707,896.8188692,859.8680869,842.8941266,758.008515,620.0384515,522.6017895,531.1945064,30805.70477
North America,        Bermuda,All,2.337902622,2.024736812,2.147448152,2.270159491,2.214855131,2.147448152,2.021877621,2.915212716,3.18158609,3.844613298,2.728647871,2.390588695,1.867689684,2.170175437,2.091391774,2.145086301,2.213319737,2.207396499,2.207396499,2.207400895,2.412487765,2.446981811,2.57510586,2.569252666,2.660346735,2.801401619,3.163945914,3.674830227,3.515406302,2.766119801,3.25694611,2.104890285,2.276403055,2.28660277,2.961359811,2.490281731,3.169560842,3.126473984,3.234441265,3.232445751,2.956685052,2.985265824,110.0021687
North America,        Canada,All,2809.75031,2777.905897,2662.527343,2638.64215,2804.263238,2909.279712,2940.661596,3027.685954,3157.673794,3198.794657,3138.57902,3158.821872,3245.667247,3328.004079,3421.4368,3470.527071,3584.859352,3586.69397,3500.557415,3687.501762,3682.19546,3718.107012,3801.047091,3877.464332,3967.577847,4025.740716,4058.657107,4036.489002,3948.832395,3876.256573,4016.495436,4115.887538,4179.246942,4304.044387,4338.672843,4312.937109,4265.565146,4385.613859,4443.221829,4322.717057,4058.737719,4153.137448,152938.4781
North America,        Greenland,All,2.290950463,2.161194307,2.099445923,1.481961794,2.352868241,2.099445923,1.395564758,0.965511202,2.25924703,1.991934366,2.275306973,2.247294463,1.997355575,2.042345923,2.054208517,2.054208517,2.177000451,2.233362794,2.23339386,2.745874525,2.976187395,2.777877183,2.689199476,2.947834924,2.842624552,3.423312278,3.140762319,3.548066315,3.154173788,3.455108028,4.365302561,4.315457801,3.600209037,3.621957468,3.385193542,3.606698193,3.560108269,3.541544629,3.611242243,3.52186996,3.552108337,3.57401825,116.3693322
North America,        Mexico,All,1114.024827,1231.773268,1302.023291,1225.810527,1234.824601,1305.326414,1289.989352,1322.800177,1348.441391,1422.092622,1383.25572,1481.528057,1496.492497,1581.310243,1684.613151,1635.959054,1674.018862,1701.967234,1824.359011,1825.03702,1901.52571,1895.361596,1899.048759,1964.487526,2013.668822,2078.070782,2166.448774,2203.514288,2228.743992,2212.879786,2206.339494,2268.011827,2258.137521,2281.097526,2250.423978,2285.435289,2334.831182,2330.607635,2287.83356,2319.370697,2050.549224,2065.723408,76587.7587
North America,        Saint Pierre and Miquelon,All,0.623955115,0.622250327,0.560025118,0.622250327,0.623955115,0.560025118,0.689397353,0.886263609,0.89010136,1.07461706,1.0112395,0.949984354,0.874734821,0.498482763,0.508781829,0.321850939,0.322701428,0.186931183,0.249241382,0.249241382,0.281364784,0.281364784,0.306835205,0.345437506,0.332702149,0.345437506,0.345437506,0.35817257,0.35817257,0.35817257,0.376626308,0.379149934,0.373938564,0.38286782,0.399004548,0.399004548,0.406239567,0.399004548,0.434125177,0.373300257,0.34147813,0.344779564,20.2486462
North America,        U.S. Territories,All,0,0,0,0,0,0,0,0,0,0,0,0,0,0,0,0,0,0,0,0,0,0,0,0,0,0,0,0,0,0,0,0,0,0,0,0,0,0,0,0,0,0,0
North America,        United States,All,22865.64762,22290.07978,21407.64651,21369.3146,22440.57411,22371.2448,22448.83613,23154.93396,24224.92267,24834.75463,24744.74392,24729.34077,25123.39885,25575.0211,26078.32471,26649.07092,27529.39805,27697.17839,27818.2737,28294.31972,28926.67887,28153.42054,28584.72279,28672.46694,29307.73074,29336.82406,29128.75849,29568.93008,28941.92946,27531.88391,28578.4956,28390.31925,27661.8552,28465.87636,28808.01943,28546.95742,28540.21259,28621.17373,29671.66372,29448.35675,27259.08104,28693.59122,1122485.973
Europe,        Albania,All,47.76508257,47.49037956,47.72531151,49.62725785,49.94080495,49.83838665,48.67171103,48.83733954,49.40892715,46.99101378,33.65771998,28.22958354,24.67392612,21.63837066,20.56713123,22.72748589,25.01136369,22.84383175,24.57172587,22.1139585,28.73180792,27.23304413,29.49734428,33.27000508,35.48640557,35.01352452,32.96728428,28.3765303,30.99064729,33.77281883,36.06051182,31.48553174,30.80984332,38.66505275,34.0595383,34.0832503,39.82695426,36.86248381,42.03223421,33.29540633,31.98820365,40.25249484,1477.092229
Europe,        Austria,All,321.609945,318.2803535,302.8655617,305.0018202,313.2072362,319.9859755,314.0680716,299.4442112,324.4071856,328.9364831,339.4814681,357.3309654,349.9416467,357.3533193,356.0131489,372.6853648,389.2143572,389.3605288,396.5166221,401.2146737,397.8843818,416.7940369,416.6385935,423.4593455,438.628448,455.0736889,452.4921129,444.4520625,445.5029256,426.4622169,437.6436988,416.1418644,429.0961973,431.5910316,417.3322705,418.0023144,427.6217575,436.7627098,427.139276,444.4319828,413.0878081,422.3194084,16295.47707
Europe,        Belgium,All,621.9171647,584.9324725,547.0376385,537.6522056,549.5677288,571.1040694,594.2204938,613.0306335,629.3480639,633.0276081,649.0119012,671.9744958,672.836645,663.019644,705.4290948,715.9916183,757.3716179,761.032134,779.5518762,774.3734808,792.1460876,790.5968575,786.3179988,811.597492,822.4634095,814.5945158,812.388264,816.0129713,841.2391161,767.5565012,826.3166238,771.92473,750.2354112,772.801002,721.7984036,731.2144493,775.564313,779.722554,786.162301,790.1271448,717.3110643,795.5154252,30306.03721
Europe,        Bosnia and Herzegovina,All,0,0,0,0,0,0,0,0,0,0,0,0,43.59661638,31.49218355,33.12887429,54.93049988,34.16872739,48.74098106,57.56301845,58.39196929,64.67359152,64.34020974,64.66704785,56.42083351,58.27013833,53.84572619,55.03549954,52.57158092,59.4385838,71.46802265,76.50515361,74.12589207,72.10831525,73.22718646,70.90574265,71.0144851,72.58759079,72.03374476,73.24657216,69.54758007,64.59206824,75.27567572,1827.914111
Europe,        Bulgaria,All,392.4108008,388.0903807,401.9910745,410.9941834,411.565553,421.5481563,417.0093203,414.1538774,420.7379324,386.5106801,351.9086138,277.7865762,269.2016158,259.7697606,265.3567794,292.1760896,292.7288331,267.2714312,241.2191169,221.5642469,221.5855056,221.9029007,225.3309822,228.7419776,226.3623954,236.9077609,242.7142282,231.622703,227.5542009,206.3808523,210.8705792,226.3456506,219.8053387,206.9278886,219.3763326,230.2953154,220.3940785,222.3060915,219.4672423,210.2748095,197.1745369,218.0828329,11674.41922
Europe,        Croatia,All,0,0,0,0,0,0,0,0,0,0,0,0,89.8584043,90.9121536,97.21642633,102.2375987,100.8685946,103.0544203,108.8716966,109.8695357,107.8569508,111.9017868,109.3353342,119.6466756,118.7965314,119.0642277,119.2544897,118.3274788,119.5187324,116.2643439,117.784746,105.3755535,105.2403447,106.1110484,102.0754449,98.56106812,101.2615089,102.5687438,108.5510501,106.8397816,100.1648697,107.2648594,3224.6544
Europe,        Cyprus,All,12.45904283,10.56125164,11.18250172,12.42500187,12.56453631,13.19637706,14.02758161,15.20804881,15.30875147,18.95075552,20.230567,20.46382142,23.64569618,23.61702397,27.15440173,26.68532971,26.29626258,26.89231685,28.92293001,30.79729231,32.25884002,32.37664654,32.09590189,34.57112451,31.10637184,34.40794489,35.69060531,36.70281429,38.07463129,36.75748621,35.35221673,35.2120519,33.25816915,29.76846451,30.03485341,30.82606211,33.75697664,34.31642851,34.50329786,34.8521552,29.97867336,34.35672446,1130.847931
Europe,        Czechia,All,0,0,0,0,0,0,0,0,0,0,0,0,0,501.9325187,482.2622406,494.2635591,517.3315885,509.0784178,486.4517492,456.4036426,489.2046299,499.6181786,499.7970433,531.2240135,543.1311273,537.5660011,540.5235138,537.2531445,532.4683507,508.5725576,524.0162669,518.6680249,516.7220263,503.9417761,502.7094874,499.3270654,489.171163,520.9094193,516.2571159,506.9018763,469.307435,493.5541784,14728.56811
Europe,        Denmark,All,250.9032742,212.7547852,212.8871945,204.0942337,206.7103603,228.5011426,233.0097851,234.719768,228.6087251,215.6718691,219.4951144,239.6485011,230.2091338,241.5890278,255.9363315,258.6755744,286.9896832,271.4329918,265.0087313,259.9795214,253.6900789,257.1064955,247.7841478,258.8951797,251.1670396,245.3413024,261.3247681,254.6290719,245.1186468,230.359884,241.7830838,230.1819339,218.6814791,222.7616852,215.1460465,212.2525681,215.7555227,216.246706,213.8602013,211.6695393,186.7816578,187.2260043,9834.588792
Europe,        Estonia,All,0,0,0,0,0,0,0,0,0,0,0,0,33.97630905,27.77029449,25.98752741,23.14875321,25.3739965,27.64339635,33.20839444,25.67332471,24.38191909,27.67682274,22.8463076,22.22350982,24.47692447,25.25677494,27.76781072,27.08264002,28.27048233,24.89512891,23.78449355,22.9597424,28.56001205,26.55575673,25.34211576,26.53643345,25.84021167,26.72376496,27.88278677,29.72408872,32.14493719,34.30476931,808.0194294
Europe,        Faroe Islands,All,0.149176147,0.150109575,0.150123935,0.151072017,0.149922889,2.336556258,2.231348524,2.31041588,2.430539118,2.668080559,2.913338533,2.688704481,2.709833656,2.646447011,2.715504853,2.907890069,2.90692411,2.913330034,2.917324578,2.896906391,3.211400395,3.535989194,3.46148318,3.448963523,3.54275999,3.471467489,3.438470737,3.583307104,3.315342652,3.076842286,3.194244077,3.053577803,3.118233148,3.395487333,3.187514603,3.410341,3.396805562,3.822455447,3.925814789,3.874618977,3.590392071,3.754641687,116.7537017
Europe,        Finland,All,285.719089,275.8774626,268.9236207,267.4307309,279.9006167,284.2534005,292.6371078,315.0759156,313.8294731,316.8469836,331.8753213,335.5165092,336.8865739,334.2835505,350.4535245,333.7816031,338.6327023,345.1007126,361.090409,357.4752912,362.2100472,366.866598,369.658719,387.0259605,394.5664432,370.8488467,390.7407728,393.1060877,384.2233414,355.5678284,379.6551773,363.0085917,360.0169672,361.9897857,352.0243384,349.8161318,358.3563895,354.3492592,358.4685661,351.8027795,333.3085925,338.4453324,14361.64715
Europe,        Former Czechoslovakia,All,914.5145354,908.4091335,915.4792761,922.0630562,929.3433892,937.9235468,950.4282115,976.2835339,954.7621439,950.1318753,948.9314735,857.8160187,773.4560794,0,0,0,0,0,0,0,0,0,0,0,0,0,0,0,0,0,0,0,0,0,0,0,0,0,0,0,0,0,11939.54227
Europe,        Former Serbia and Montenegro,All,0,0,0,0,0,0,0,0,0,0,0,0,250.0712883,211.178153,208.3982014,231.1993127,270.5534586,286.7978782,291.3850368,234.2282984,236.4654497,245.6553061,270.6828985,273.2879558,280.9545996,264.9773883,0,0,0,0,0,0,0,0,0,0,0,0,0,0,0,0,3555.835226
Europe,        Former Yugoslavia,All,599.6184775,662.6707445,680.1608139,699.4634574,799.3086387,833.4026825,829.5967802,845.9042375,850.9193375,856.8836724,842.3911124,752.2892212,0,0,0,0,0,0,0,0,0,0,0,0,0,0,0,0,0,0,0,0,0,0,0,0,0,0,0,0,0,0,9252.609176
Europe,        France,All,2533.509487,2427.250223,2348.729041,2374.000135,2432.999239,2486.082977,2530.854129,2565.480174,2600.423193,2649.921817,2707.388452,2885.431022,2914.494761,2898.002158,2895.316052,2976.209478,3076.831891,3058.134371,3104.544766,3143.908214,3192.414514,3259.739252,3243.381172,3266.300377,3320.147037,3352.83585,3360.126037,3299.095502,3324.960597,3145.478805,3217.368923,3161.27578,3136.118818,3175.397237,3038.019248,3049.332538,3009.239618,3009.164674,3025.534735,2972.917885,2662.863228,2852.411536,123683.6349
Europe,        Germany,All,0,0,0,0,0,0,0,0,0,0,0,4383.686452,4300.463092,4274.041811,4226.669206,4315.21019,4379.220191,4311.719943,4295.35528,4212.867886,4218.710697,4301.499953,4239.332746,4243.795677,4260.783119,4186.518182,4261.975402,4102.437407,4183.726227,3935.504008,4144.197245,3968.322309,4014.017992,4085.559497,3950.550017,3998.214969,4023.098734,4161.21368,4046.066802,3915.523867,3570.13167,3663.617539,128174.0318
Europe,"        Germany, East",All,1734.539409,1745.258226,1751.509531,1735.002217,1808.416011,1813.514353,1805.208342,1751.905113,1723.184308,1685.065461,1526.684597,0,0,0,0,0,0,0,0,0,0,0,0,0,0,0,0,0,0,0,0,0,0,0,0,0,0,0,0,0,0,0,19080.28757
Europe,"        Germany, West",All,3350.191969,3205.561866,3151.024502,3137.312384,3151.599341,3313.414624,3402.045609,3431.871751,3455.039681,3371.749967,3395.45729,0,0,0,0,0,0,0,0,0,0,0,0,0,0,0,0,0,0,0,0,0,0,0,0,0,0,0,0,0,0,0,36365.26898
Europe,        Gibraltar,All,2.197629062,2.457276187,2.191624644,1.726734737,1.598275708,3.652707838,5.422723739,5.550755471,7.281515818,6.189524982,6.453592482,6.59330657,11.77928748,12.41577046,12.48308044,12.48308044,12.51713488,12.48308044,14.33520898,12.54512599,35.09792927,38.600905,42.63077254,48.99148762,46.76738291,52.35131918,51.14588475,55.29983813,53.7839781,56.95421036,55.05610734,54.79704284,55.27889447,50.90898719,48.13084536,49.53183133,50.27762385,55.58554562,54.2969054,56.12365497,51.78485385,54.41662274,1270.170059
Europe,        Greece,All,216.3735493,214.0132667,208.1979177,211.8196357,216.7436464,228.7860861,235.3403203,253.212611,268.7247484,280.4343406,291.3735845,296.1911413,306.738567,308.3943868,318.0661188,328.3275674,342.4769738,345.0399299,365.8232228,368.0063136,388.8207918,395.3548194,400.4197761,422.412112,422.1981633,424.5161067,436.6819471,442.6625436,435.5611179,414.8790411,397.1993638,387.0619782,359.3419326,341.8165898,329.63011,332.2229528,327.7246679,341.922423,340.0995885,338.5613614,293.2181835,310.5951115,13886.98461
Europe,        Hungary,All,342.5791319,338.4332242,336.9682663,342.3621643,332.7391454,352.7260218,352.8219621,359.2800605,352.910437,354.2875249,334.5617246,326.5840527,296.9784161,303.2707029,301.8892693,304.7515073,314.1079086,307.2492357,305.8527647,304.3715564,296.3894269,306.3983948,305.2810482,312.4135719,314.5610977,337.2644211,333.4712961,323.7757006,322.2050561,299.2140663,305.6107839,296.6824781,278.2136167,269.750244,274.8893413,287.3526454,291.5722945,304.9910185,310.2102751,309.3818923,305.1377413,317.4555713,13266.94706
Europe,        Iceland,All,16.55193917,16.4945842,16.9124736,18.41601677,19.37515517,19.22434398,20.02063276,20.64780783,21.8478653,22.57996735,22.61517209,22.12243262,22.50367976,23.30263752,24.8531267,24.4488551,25.98909592,26.92607177,29.28847358,31.95752186,34.0622067,34.86263831,35.88948174,35.96744949,36.6401527,36.80955566,40.64366533,46.64573512,58.38413523,58.13517461,57.90728895,57.86557542,58.12565541,60.61967525,60.20968497,62.37747599,62.03905282,64.97009454,67.33007969,63.19404667,57.39357036,59.10399018,1595.254238
Europe,        Ireland,All,94.71183692,91.81730616,91.01015328,87.6298244,89.13430365,91.11210383,98.54810212,98.36598608,96.176046,101.3894741,107.462446,111.6318017,111.3009535,116.2306095,121.2968189,124.2345274,132.9419008,140.5131371,151.7855466,163.2329135,175.3490607,182.2648327,181.2531363,179.6203382,187.1607951,195.0742797,201.7271865,199.2438045,199.7221466,180.1425042,185.7985893,172.8425783,168.8598795,168.6473214,167.7124935,172.4179298,180.3853156,183.4540123,193.3808691,190.7594529,182.5845167,182.1373335,6251.064169
Europe,        Italy,All,1817.144836,1776.650294,1736.643859,1711.445366,1756.411294,1762.047555,1792.586827,1854.32692,1904.742534,1956.722705,1971.02446,2015.623488,2018.005335,2004.427376,1988.227172,2075.008171,2087.834444,2113.0058,2173.040727,2206.93521,2220.043927,2237.405835,2245.233176,2317.56104,2367.77181,2381.674476,2367.573745,2334.756503,2321.113795,2162.17273,2249.540551,2204.297704,2124.973151,2026.609525,1961.442659,1983.688284,1967.089216,1985.700448,1998.182007,1915.870329,1776.115232,1925.45701,85796.12753
Europe,        Kosovo,All,0,0,0,0,0,0,0,0,0,0,0,0,0,0,0,0,0,0,0,0,0,0,0,0,0,0,0,0,24.4457301,27.49971996,27.25873758,27.41024041,27.27192925,26.09481476,24.1755389,27.6571724,28.70655174,25.70551435,26.26294756,26.98307594,26.67209057,27.88305434,374.0271178
Europe,        Latvia,All,0,0,0,0,0,0,0,0,0,0,0,0,63.76830386,53.872618,52.33440523,48.84138039,46.55150315,48.16516327,46.73497874,44.70173557,44.76094304,48.2205831,47.43080664,48.91776586,52.63023829,54.82243208,53.74125728,53.3811654,49.28159439,50.9956896,54.05187573,48.52713257,50.4473867,48.28829341,45.70374542,46.24582674,48.36194337,51.12472188,47.16127045,48.38961474,44.087569,46.03719255,1487.579136
Europe,        Lithuania,All,0,0,0,0,0,0,0,0,0,0,0,0,140.2797007,113.6447377,97.9723579,104.5851478,107.9408734,105.8421423,117.6592299,88.94358571,82.36906492,92.40044629,99.85864493,102.7370835,103.6874588,96.95813846,93.77115754,103.4112143,107.2877657,94.12144594,77.73398263,81.24810763,81.04503738,80.716299,75.51917029,75.17051312,77.17083632,81.3910071,82.14797731,83.21533796,80.69350665,82.07841949,2811.600391
Europe,        Luxembourg,All,44.3191236,38.10562989,36.53127192,34.36370774,36.85396573,37.71505257,37.37795379,37.08182883,38.74791478,41.5867854,43.24807057,46.38541657,46.26562333,46.92000087,45.87358623,41.09747572,42.0101593,41.56023443,40.67803541,42.80089821,45.59458183,47.59295289,50.18094944,52.50441074,58.9403566,59.70666109,58.93677528,57.91199771,57.64920008,54.44902309,57.8659696,56.96583821,55.65763879,54.02169538,52.47545396,51.88228028,51.92626364,53.79216589,55.95579824,56.47858618,48.87370279,50.69562226,2009.580659
Europe,        Malta,All,5.512269519,6.058715239,6.4314994,4.56239829,6.444827051,4.433764592,5.798344817,6.476344971,7.226213802,7.444049216,8.106445151,8.539925574,8.975643587,9.474589693,10.1433432,9.8424113,10.20915998,10.89021714,11.40582281,12.64574015,18.51460581,20.39517592,19.89957492,23.12693502,24.27892696,20.7132656,21.16810379,23.05961714,23.88165358,25.44941454,30.38039379,28.88385352,27.54313535,26.14521665,26.75717817,29.28112661,32.54921407,37.07347135,38.7024268,40.33258295,37.13980804,39.15033945,775.0477455
Europe,        Montenegro,All,0,0,0,0,0,0,0,0,0,0,0,0,0,0,0,0,0,0,0,0,0,0,0,0,0,0,15.35228878,13.80852175,15.60502649,13.46014241,16.80600097,13.86259727,13.46897876,14.50481533,12.9615263,13.33542207,13.31631948,12.43408323,13.7990172,12.89834539,11.28673148,11.8917317,218.7915486
Europe,        Netherlands,All,957.2475586,899.4955162,874.4581871,838.4440398,842.861095,878.8501262,921.6903277,948.4079446,951.7981265,958.3002139,996.1370678,1045.027351,1034.809192,1056.728777,1065.326075,1095.668261,1153.825675,1136.793005,1141.698544,1131.862742,1153.496155,1187.040916,1201.448652,1222.401273,1251.787409,1257.730727,1255.643409,1254.521824,1242.689699,1197.182507,1254.119484,1200.399551,1179.618389,1157.907774,1104.154314,1122.30119,1130.405544,1143.61494,1122.719023,1109.42702,1060.012928,1080.499655,45818.55219
Europe,        North Macedonia,All,0,0,0,0,0,0,0,0,0,0,0,0,30.48228367,31.25668774,27.21401832,28.07369052,30.87790414,28.60551908,33.2433234,31.38913897,30.23997955,28.03386582,27.82523691,30.15170482,31.5332494,32.17377762,32.09289323,32.4574307,31.88894494,31.09983492,33.71481852,35.10293871,32.31076763,31.94941026,31.76951687,32.58959765,32.2328324,31.88111265,31.91238146,33.47713494,31.08836621,32.66998558,939.3383466
Europe,        Norway,All,398.5135554,412.2082051,400.7400439,436.2306881,448.9411733,453.8195348,452.6510934,460.9834026,469.4567046,490.0360592,503.7403359,476.820433,504.6680414,502.6935523,493.7582513,525.4065767,496.5983563,512.7333002,530.9075129,552.3357298,581.6836837,556.8778421,569.9107822,533.2393847,556.6148812,582.4570746,527.0774842,576.6785384,568.0055324,560.7352575,548.0519558,534.1534847,570.3732182,558.6910913,574.47151,568.5799378,574.1176986,587.505705,580.8274085,545.7011742,564.4285444,582.8047262,21926.22946
Europe,        Poland,All,1395.904487,1283.873586,1292.780979,1313.917195,1369.792799,1444.592955,1512.831708,1591.719325,1559.165227,1502.410228,1252.761335,1224.0468,1172.860249,1193.174265,1169.305866,1178.058333,1247.672623,1224.103365,1148.506206,1116.340962,1086.543737,1093.128938,1068.900829,1106.989575,1126.694606,1127.631783,1143.950575,1161.52868,1170.122312,1136.041943,1204.847876,1203.359521,1194.009137,1203.026395,1169.086856,1201.967168,1236.059418,1297.426802,1282.786818,1253.610327,1200.308072,1245.125488,52106.96535
Europe,        Portugal,All,129.9596258,111.5122646,146.0415771,149.3603176,154.0431067,155.6658426,166.077225,170.3637245,188.9677964,202.314347,215.0492841,217.1057525,222.468731,224.8177673,236.7226787,246.1122851,256.3596315,265.0515538,284.9955335,298.0711103,311.7472427,316.6883352,316.1747042,325.8026293,324.2004977,324.3633983,320.8831525,324.3852865,312.8677715,311.9262774,326.5048039,312.3482744,287.8079384,305.727659,305.4107437,304.2690033,315.9943554,313.0280395,312.1960653,306.5264784,274.0084268,274.6171602,10868.5384
Europe,        Romania,All,796.8680441,785.9079508,822.3543312,838.4859189,816.6133677,820.8738403,848.4075543,874.2981793,867.2326265,891.8907002,828.2833712,645.370034,605.1312719,579.9355522,545.4960785,587.293105,595.5749288,589.4316723,506.1527859,455.7554497,453.6435055,502.5297789,486.9449037,478.3108923,492.7233974,486.0991913,501.9814942,495.3567799,485.5849065,414.2264814,424.5813356,432.9490321,422.5294242,396.0013526,402.2489758,397.2597796,399.9620535,414.2058097,414.3580071,402.5750367,382.948268,405.8813363,23994.2585
Europe,        Serbia,All,0,0,0,0,0,0,0,0,0,0,0,0,0,0,0,0,0,0,0,0,0,0,0,0,0,0,205.2297024,204.415881,203.6612237,194.4338526,200.6203874,202.7733107,190.9783999,190.3465012,169.5484,187.7222296,192.315438,196.7664217,196.8577458,196.8879956,192.8673252,201.6882184,3127.113035
Europe,        Slovakia,All,0,0,0,0,0,0,0,0,0,0,0,0,0,253.7584914,237.7697032,253.8731287,246.1158087,238.8810927,235.1587062,232.557443,234.6926766,246.1728809,247.6411454,242.9477217,238.5325486,245.1123918,243.2583827,236.1575307,239.1494284,214.8100537,224.6111219,220.7810241,212.2941814,214.4869183,201.1967166,207.484617,208.306654,215.0714097,213.3056815,206.8147009,201.7782531,217.9152201,6630.635632
Europe,        Slovenia,All,0,0,0,0,0,0,0,0,0,0,0,0,66.25210347,70.16330373,73.28927569,78.75605429,86.87131353,82.52468011,82.54922502,81.82369858,81.1320481,84.33504706,84.37104368,83.29280486,88.27584388,88.53874731,89.10556872,88.93736852,96.13827602,87.36589142,88.28769358,86.59560148,84.9981745,82.71529372,83.65964292,78.09596951,82.39361598,84.24339352,86.19767396,82.90191278,79.69880216,79.44548623,2492.955554
Europe,        Spain,All,932.1134475,945.816598,1020.774264,1047.027922,980.7490746,1004.150627,1017.443406,1044.142014,1112.365798,1151.54449,1174.036099,1232.014125,1233.148656,1202.65443,1251.499522,1305.207244,1337.225254,1412.969981,1480.683671,1525.417526,1614.72335,1686.76665,1718.2579,1791.588485,1867.536211,1904.783869,1922.833294,1974.185839,1898.210878,1771.237725,1821.140505,1732.179539,1693.370531,1661.382512,1642.197304,1640.517237,1682.473172,1690.642252,1717.837,1691.211919,1514.156422,1591.260975,61639.47772
Europe,        Sweden,All,609.7744391,599.6488673,553.085113,570.62812,593.5022865,634.7423672,643.4810466,662.3384324,651.1231054,645.9309668,649.2518464,650.2724738,664.9158919,657.9312756,664.9083275,678.0367331,668.8678652,681.9141471,705.9646491,693.6434685,666.2925197,706.8140023,671.0716139,639.3526601,684.2659067,691.2305244,662.8749258,668.3786321,661.7946826,608.6208646,653.1995696,637.024653,656.4553567,626.705459,620.3207157,631.0166691,631.7979905,652.5906868,630.9747102,635.4064154,592.7468637,633.1229154,27142.01976
Europe,        Switzerland,All,333.6304293,309.0864519,302.5980369,318.1368811,309.755725,336.8461168,339.9515431,340.815174,346.5341751,336.1306925,340.4579082,354.6349596,358.5807483,356.2335905,362.4512804,360.2902127,352.928872,360.0359985,367.2722397,378.2144747,369.4615014,387.0236455,365.8170261,370.0284145,367.9586147,360.0761409,366.7430617,366.1799122,376.2533253,367.2151711,375.3428292,353.2531325,366.6048824,373.6976635,356.9439837,347.9019012,341.1300057,337.9772831,342.9300055,347.526958,323.3473448,318.5527926,14746.55111
Europe,        Turkiye,All,293.1103241,276.1371569,318.9074694,332.2077565,348.6536823,383.7793193,425.4344864,482.7345888,497.9958993,524.3461884,567.7051163,579.2428156,612.5512694,671.9423961,661.9378394,741.1323261,813.136491,851.2301924,878.9751812,859.964026,930.246441,850.7195036,924.2076964,973.9728935,1025.681002,1091.463139,1193.635079,1283.348209,1252.8461,1266.957035,1320.2416,1411.717664,1483.457947,1491.291343,1529.961659,1688.464299,1771.831796,1894.023446,1871.689106,1937.017507,1872.617287,1996.736528,42183.25181
Europe,        United Kingdom,All,2636.075517,2507.642184,2480.235022,2487.437362,2454.423157,2557.815964,2635.190624,2650.73245,2671.525821,2678.71426,2722.871962,2811.407839,2789.467627,2830.778084,2837.493029,2845.494006,2999.121078,2878.310292,2890.862277,2900.824581,2902.757726,2924.288514,2885.084448,2901.553552,2913.17047,2904.553608,2874.093483,2772.279282,2741.284837,2584.590733,2692.125629,2525.471505,2565.860579,2558.486057,2424.791009,2450.403991,2431.117193,2421.718981,2412.061014,2338.19337,2097.835698,2091.153092,111679.2979
Eurasia,        Armenia,All,0,0,0,0,0,0,0,0,0,0,0,0,57.75659001,43.95678036,39.29598235,38.54491662,49.34124146,41.5821543,44.19042778,27.31179439,29.37355825,28.88700871,27.67080015,30.42791069,31.55928369,36.55888849,36.50306042,40.96147366,39.53108427,35.32067829,39.33736061,41.41505898,43.88494274,43.05345568,43.88390616,40.65989613,40.94998532,43.64131307,42.92833853,45.63465505,47.93661029,49.35687382,1201.45603
Eurasia,        Azerbaijan,All,0,0,0,0,0,0,0,0,0,0,0,0,290.4841156,247.2900066,222.5365553,213.3793765,188.5164575,187.0855561,160.1619661,165.2028416,148.7091524,130.6042283,155.8714526,166.3163417,183.4680797,189.956381,192.4988404,158.5400765,169.7910907,159.3398174,171.93393,162.787055,176.7975213,166.2686674,171.4664649,181.2100334,178.4671048,177.7881272,178.3125865,189.6862057,184.1989303,194.4081864,5463.077148
Eurasia,        Belarus,All,0,0,0,0,0,0,0,0,0,0,0,0,440.1824657,375.311716,310.2146732,292.7321216,292.8261605,290.3702125,284.4641486,294.0308414,319.7026433,295.8605393,287.3230301,300.8352229,281.5922147,316.7408448,337.8022251,327.8121593,332.0343247,308.9761861,328.881924,340.2170935,343.1418864,327.7663308,328.3249556,279.3116357,276.846968,275.695088,290.6862129,281.8777294,270.6281776,297.895215,9330.084947
Eurasia,        Former U.S.S.R.,All,15113.61527,14932.0662,15428.20241,15767.41449,16565.15794,17153.83925,17525.86989,18122.38397,18665.96086,18636.99704,18446.07382,18170.77332,0,0,0,0,0,0,0,0,0,0,0,0,0,0,0,0,0,0,0,0,0,0,0,0,0,0,0,0,0,0,204528.3545
Eurasia,        Georgia,All,0,0,0,0,0,0,0,0,0,0,0,0,94.20165393,58.14261068,44.81611581,44.25609744,46.53285188,47.93337099,48.53623444,47.08343428,40.19359949,37.13267735,43.76433887,38.95207291,40.22923797,45.76465592,41.37305091,51.74545996,51.76522402,52.63402886,56.74521541,52.81870809,54.6944276,61.59039958,64.32907337,68.21314679,72.10069572,71.68771935,73.12018719,74.13146772,70.41043472,78.29643291,1673.194624
Eurasia,        Kazakhstan,All,0,0,0,0,0,0,0,0,0,0,0,0,1303.00597,1077.196127,950.1550029,777.9763896,747.3975455,676.7793693,642.1913361,578.3330897,636.0789158,640.526712,679.9526946,665.3754166,764.9049292,760.2515869,797.1767183,944.1298685,1075.064721,874.3388161,936.0775929,1023.553837,1009.942135,1016.790359,968.6324794,975.4272168,993.1504964,980.5331017,996.664636,985.912383,976.6236103,999.246394,26453.38945
Eurasia,        Kyrgyzstan,All,0,0,0,0,0,0,0,0,0,0,0,0,82.737395,72.4670001,64.1097603,54.60736178,67.99465871,64.11998493,64.35035582,69.22595597,69.96600989,66.38789042,56.6872192,59.90560667,61.14336291,57.57010781,58.66864261,64.38570768,61.47327913,62.06658909,59.42345993,67.64820102,76.52887205,71.86582971,73.12757842,65.63931227,66.9934466,69.3855742,73.30621455,66.91732811,67.07445613,60.54203837,1976.319199
Eurasia,        Moldova,All,0,0,0,0,0,0,0,0,0,0,0,0,62.26905621,46.39270962,32.44623073,33.19185855,37.95212129,41.74133674,38.82795132,31.71108486,32.95009749,32.23389243,35.49822713,39.42357096,36.80574985,40.2907138,42.63886068,37.10345153,38.3241382,34.5364051,34.16180859,33.10080082,45.2680321,44.53552649,42.59774208,38.07452256,38.05052951,38.68847315,41.25064026,41.94345071,40.32117579,49.00347506,1181.333634
Eurasia,        Russia,All,0,0,0,0,0,0,0,0,0,0,0,0,10629.21934,9580.777611,8700.378471,8570.150208,8025.289953,7584.199921,7500.07316,7585.978369,7848.425713,7860.554002,7973.199167,8166.555634,8306.361685,8234.066084,8607.524537,8544.220597,8805.39015,7958.393071,8881.163188,9210.490422,9226.010199,9113.931954,9190.755375,9074.934647,9092.174455,9164.102857,9493.504062,9553.479741,9617.082821,10026.02423,262124.4116
Eurasia,        Tajikistan,All,0,0,0,0,0,0,0,0,0,0,0,0,82.80242079,76.48139999,74.15358278,61.23011808,67.42170363,64.10038939,66.17329372,74.7301942,58.80948502,61.55876883,63.33462151,66.6079643,67.84189538,69.35879376,67.84005637,63.97389598,61.65996443,55.35330787,57.19673165,56.48643841,59.67893901,61.8305596,63.16356182,63.24601766,65.10675132,66.41324566,70.85061296,75.08415741,74.62180666,74.83073304,1991.941411
Eurasia,        Turkmenistan,All,0,0,0,0,0,0,0,0,0,0,0,0,87.60996305,82.84144892,81.20651602,87.28338929,86.5879374,88.81880764,82.03366975,93.11791682,133.6719534,156.7407085,185.222596,233.0088233,244.5443161,258.9036057,200.8505423,192.2510866,156.9341669,256.5166822,301.0904725,349.8592395,402.2597698,412.6364996,422.1714992,515.3207546,514.2559548,509.2931367,509.9528701,519.2419732,527.628214,555.3927632,8247.247277
Eurasia,        Ukraine,All,0,0,0,0,0,0,0,0,0,0,0,0,2688.637206,2579.407384,2191.083828,2043.772509,1847.771689,1808.383571,1744.88156,1800.4263,1747.226647,1710.250013,1762.665181,1901.468787,1732.056243,1731.432091,1800.309899,1888.574464,1849.337393,1371.896883,1512.784107,1657.022658,1515.457796,1437.281744,1284.539905,1127.019468,1105.235313,1079.681755,1098.155532,1038.464167,1012.49531,1038.753382,49106.47278
Eurasia,        Uzbekistan,All,0,0,0,0,0,0,0,0,0,0,0,0,491.0731955,613.0713089,516.3770273,547.8617492,549.2840514,550.4187824,540.9545653,542.8131554,571.599933,595.0484687,607.862781,619.4160584,650.2525468,611.7608907,618.6099011,618.1158047,636.3090994,576.5526988,568.7200493,618.4264964,615.7925219,560.7461961,611.7423906,587.2514475,516.7914508,541.8228493,545.4060562,545.0787615,529.0849032,564.1946705,17262.43981
