Continent,country,Energy,1980,1981,1982,1983,1984,1985,1986,1987,1988,1989,1990,1991,1992,1993,1994,1995,1996,1997,1998,1999,2000,2001,2002,2003,2004,2005,2006,2007,2008,2009,2010,2011,2012,2013,2014,2015,2016,2017,2018,2019,2020,2021,Consumption
Africa,        Algeria,Petroleum,68.19306495,71.37898052,80.3716079,76.4373334,84.53685751,92.73647072,93.41091775,94.99476265,98.26966467,104.8434238,111.1724289,119.4508275,120.941944,117.8014147,116.4858843,116.9137179,113.8611906,112.6070105,117.3630472,110.7918972,128.3891133,130.1312764,141.6935474,144.1042583,150.4276714,151.7819705,154.889186,159.4274342,183.2651108,202.6980628,200.9344331,201.6275562,215.6325941,231.537983,241.4553943,251.761715,245.791254,235.7932088,242.1277317,255.7113251,231.9275429,233.199351,6356.870168
Africa,        Angola,Petroleum,12.66583506,12.63122912,13.26279033,13.89435183,12.03254339,15.78903633,15.03116253,15.09153313,15.18777484,15.32984937,15.30864203,16.126536,16.11150158,15.62716701,15.45251528,16.73048664,15.65627627,18.75093436,15.34899252,18.92571443,23.56605563,26.43482566,27.44624672,30.96816034,32.85472347,25.74177225,34.417601,40.69008259,50.29480835,59.57186928,64.69881991,67.70661932,72.36313735,84.23997966,95.59245306,94.6795052,81.98506133,71.95855093,66.04221992,75.66799188,72.25087908,56.24762225,1560.373857
Africa,        Benin,Petroleum,1.795305053,1.79039994,1.19359996,1.79039994,1.795305053,2.08879993,2.032855975,1.572160941,1.988900115,2.039687563,2.367217027,2.784646802,3.081526708,3.410176604,3.577053582,3.866863984,4.224394304,4.59237359,4.987102018,2.270912908,6.48726905,7.385307311,8.506921566,9.865273375,10.37543326,9.687517893,13.4532207,15.98010485,16.28567045,17.96840344,20.59544554,19.1068063,18.00207412,18.3844567,19.36473977,21.40474582,26.07444152,27.01708698,30.28430332,27.11591178,28.83637585,28.61795636,454.0491479
Africa,        Botswana,Petroleum,1.783853148,1.778979386,1.185986062,1.185986062,1.189235432,2.134775146,2.086908615,2.504405487,2.812688953,3.416518589,3.679506892,4.253213491,4.884744519,4.771051729,4.771051729,4.771051729,4.784123045,5.469542926,5.482553005,5.482558865,7.249580628,7.94399766,8.153821406,8.721400496,8.258412151,8.528356567,9.21362819,10.01894719,11.16876269,10.34058354,10.89795568,11.30148085,11.58910811,12.16130195,12.6137423,13.895525,12.979021,11.92765291,12.48435115,12.72269874,12.14820221,12.81840748,305.5656727
Africa,        Burkina Faso,Petroleum,1.7686359,1.763803451,1.763803451,1.763803451,1.7686359,1.705010071,2.017661874,2.107084009,2.209716049,1.980391981,2.010990264,2.318534491,2.324467155,2.504507744,2.733680038,2.733680038,2.864399937,4.722664537,4.318519382,4.318519968,3.968158772,4.505202867,4.656541176,5.131924007,4.550432691,4.830817283,4.802783043,6.886278208,7.480378486,7.001098462,7.474965018,8.599501362,10.2146832,12.36270283,11.54006431,14.9127249,13.98393922,16.35139855,17.93360881,18.19017602,17.36874671,18.32696482,270.7716004
Africa,        Burundi,Petroleum,0.422012295,0.480982061,0.420859047,0.480982061,0.602874456,0.601227503,0.608676735,0.648756498,1.037058264,1.185784771,1.248392132,1.434101978,1.318861269,1.495862862,1.558158178,1.495862862,1.567278096,1.563099037,1.625394646,1.62539699,1.329042433,1.026525207,0.920191112,0.729814655,0.916220962,0.729113799,0.907245786,1.542577024,0.889869128,0.863950641,1.307039891,1.659062104,1.508423186,1.684007538,1.548906117,1.580577659,1.752784014,2.113790779,2.804259636,2.96457107,2.830677688,2.986843758,56.01711593
Africa,        Cabo Verde,Petroleum,1.199641913,1.196364415,0.512727439,0.512727439,0.628383915,0.626666935,0.192381163,0.204271982,0.282105381,0.343764008,0.343764008,0.343764008,0.407037651,0.406059617,0.475080748,0.462103778,0.520500729,0.519249033,0.519249033,0.519255479,1.342049289,1.502389144,1.634590744,1.627634924,1.778451107,2.783689864,2.956188926,3.297053699,3.344619026,3.164416115,3.397942682,3.986061658,3.44222553,3.350485179,3.613053613,3.585455064,3.76268549,4.02765418,4.043206034,4.043206034,3.860576204,4.073560834,78.83229401
Africa,        Cameroon,Petroleum,9.686257407,9.659792182,11.47100333,11.47100333,11.5024308,12.07474037,13.4293995,12.39603773,11.91450629,14.61457982,14.8186842,14.89962018,15.12809689,12.48732598,13.75561897,14.08953319,13.62845931,14.18979428,14.13409732,12.99470529,13.58604727,13.28417816,13.95855545,14.64813769,14.6822634,14.22253058,17.09755792,18.81291763,18.20018138,21.16600473,23.15050633,25.45577554,23.56227593,18.38183992,25.38983062,24.25114472,22.7720772,22.70339741,21.8972589,22.24522921,22.57884722,22.6658981,693.0581417
Africa,        Central African Republic,Petroleum,0.603257993,0.782092594,0.842253405,0.902414509,0.844561073,0.842253405,1.022736424,0.939617305,0.942103703,0.939617305,1.008066207,1.070361816,1.0168272,1.130999631,1.191637446,1.191502959,1.257233407,1.253932762,1.253932762,1.253937157,1.197802166,1.236791969,1.223663225,1.133943695,1.11444894,1.091965585,1.133231119,1.134171942,0.842673274,0.803150797,0.828082167,0.905710466,0.931640966,0.608768151,0.673731525,0.971206514,1.048492882,1.100994673,1.140471735,1.166774638,1.114055441,1.175516879,42.86662781
Africa,        Chad,Petroleum,1.207725783,1.144204555,1.144204555,1.144204555,0.543476617,0.662434324,1.144204555,1.016276946,0.617378542,0.676992029,1.418777785,1.387269151,1.391069947,0.667507912,0.729803521,0.729803521,0.731802953,0.790441336,0.790441336,0.790441336,1.031862495,0.990389224,0.977657202,0.966397505,1.018164745,1.095838459,1.112390322,1.227606126,1.287318647,1.403494612,1.556755001,2.228158934,3.83323989,3.976435436,4.133980657,4.192276523,4.131583624,6.681130156,7.080562406,7.337655842,6.149991183,6.154312933,87.29566318
Africa,        Comoros,Petroleum,0.185461089,0.184954492,0.184954492,0.184954492,0.185461089,0.184954492,0.100818663,0.219224651,0.219566582,0.219224651,0.260427483,0.251155791,0.251667662,0.251155791,0.251155791,0.250979991,0.251667662,0.251155791,0.307334146,0.307339127,0.432290442,0.451388768,0.451388768,0.576455232,0.631203747,0.60573941,0.707486883,0.462632643,0.471941839,0.578892113,0.690243833,0.618689131,0.649602096,0.779523863,0.695718538,0.75114066,0.881693549,1.13542774,1.235535878,1.332033377,1.271875203,1.342043429,21.25656107
Africa,        Congo-Brazzaville,Petroleum,2.896665976,3.466502045,2.888751753,2.311001461,2.317332898,3.293177016,3.410702832,3.815694464,3.368550387,3.815694464,4.150739964,3.637500068,3.553749241,3.267052257,3.142728548,3.146279122,3.098835097,3.018191242,3.028340176,2.53805097,2.7133851,3.469145491,2.800859664,3.631359374,3.936027513,4.417619014,5.112445367,5.960045143,6.449875218,7.404917508,8.214332352,9.056512214,8.969040873,10.22431909,10.45259686,10.37303153,10.073696,8.629841805,7.295283061,7.527582251,6.860668836,6.88474699,214.6228712
Africa,        Congo-Kinshasa,Petroleum,11.7727066,12.35846399,12.97638693,12.97638693,12.39232278,11.74054077,12.69290855,11.32193342,14.11350382,13.29038741,12.49430436,13.13612936,14.98774374,15.53426404,12.05974932,12.40958341,12.99903788,12.59935101,11.93769285,12.70616563,4.799349669,4.254541074,4.824385933,5.661360064,6.234907564,7.737266529,8.718246937,8.802819922,7.479257761,6.394233932,9.228337669,11.25959093,11.08721669,16.1260795,21.89134411,12.70725295,9.56852151,10.45938772,10.43240945,10.65341232,10.17228639,10.73348189,465.7252533
Africa,        Côte d’Ivoire,Petroleum,17.33034701,18.51749628,17.28299645,18.51749628,17.94928812,18.51749628,19.443371,21.59437718,22.54821582,22.52117339,18.71135387,15.39604832,15.49123699,17.66827651,18.10308294,17.78188433,18.58726222,16.84881059,16.12172347,18.11026964,18.14353071,17.54410193,17.97179872,13.97130916,16.99435629,21.67489416,15.61466822,14.72384919,16.7086306,15.07799008,16.66636857,14.09041043,20.40671545,23.03413113,24.77169496,26.05447211,30.24115849,29.28068544,29.54526737,31.79506465,30.35923045,32.03412159,843.7466564
Africa,        Djibouti,Petroleum,6.343794861,5.061169781,5.061169781,3.795877409,3.171897577,3.163231223,2.84690813,2.90893623,2.849485358,6.696746177,6.880317416,6.880317416,6.966588043,7.009581691,7.19975129,7.132515115,7.152056164,7.19975129,7.19975129,7.19975129,3.532891743,3.519762999,3.530061363,3.661803246,3.561578201,3.367964094,3.147336852,3.276032121,3.66343174,3.181170441,3.622774474,2.73661121,3.609618774,3.72606049,3.791030017,3.333230116,3.037478846,2.648146306,2.783406826,2.526393379,2.412255522,2.545337294,183.9339736
Africa,        Egypt,Petroleum,164.0316406,188.7501541,201.3334976,236.5668598,256.1417157,270.5418875,269.283553,275.7393949,273.3727182,275.8648414,290.1844561,284.1117981,277.1827771,279.3800166,294.0342622,301.5154927,329.2820001,345.2163211,361.7436014,355.5573679,338.6662364,334.8570301,336.8996163,343.7205347,382.2784293,386.7122038,395.5741672,418.4559275,431.452435,456.2202275,475.7080168,462.1180793,483.4911929,486.0302336,522.2718742,517.1224018,495.2990372,487.2488684,464.2716507,475.2619055,382.4006127,384.7539485,14990.64898
Africa,        Equatorial Guinea,Petroleum,0.243627449,0.242962046,0.303702411,0.303702411,0.304534531,0.364442776,0.303702411,0.31559323,0.316426815,0.502479471,0.502479471,0.502479471,0.50382522,0.502479471,0.502479471,0.502448706,0.50382522,0.56477508,0.56477508,0.564780061,2.886911713,1.483930144,14.45079604,16.48475633,5.091352297,8.487032726,13.50066209,14.36427783,13.8712104,15.13352472,13.6097747,15.49014703,14.86847721,16.71244165,15.38359172,13.76967535,13.53450476,13.52036575,11.25195946,10.86990357,3.141834898,3.146773999,259.4694252
Africa,        Eritrea,Petroleum,0,0,0,0,0,0,0,0,0,0,0,0,0,0,3.882798789,4.448077829,4.546408629,4.593273393,4.877905899,5.063135225,2.595620489,2.843693041,2.592647711,3.10809126,3.385105766,3.387260488,2.325928639,2.388645875,1.699381541,2.055828054,2.049484311,2.087350166,2.219276639,2.26321404,2.36407636,2.344512164,2.386778,2.621550403,2.985923445,3.241855136,3.095491967,3.266267603,84.71958286
Africa,        Eswatini,Petroleum,1.189819674,1.186568839,1.186568839,1.186568839,1.189819674,1.364554033,1.207832142,1.378584338,1.466685336,1.535462398,1.47106217,1.704044343,1.591851713,1.915504494,2.068952989,2.068952989,2.074594411,2.068952989,2.068952989,2.068954454,2.741145092,2.710847427,2.704799614,2.723401305,2.705460036,2.695713391,2.683580554,2.793612895,2.87725707,2.80119134,2.816185908,2.847618948,2.899340773,2.988858719,3.142493855,3.208492105,3.534073412,3.509302899,3.688472692,3.566465441,3.405444068,3.593319184,98.63136438
Africa,        Ethiopia,Petroleum,7.390069733,7.369878517,7.984034938,9.212348073,9.237587386,11.05481763,10.56349238,11.98858812,11.52968273,12.12651494,12.15664149,10.06039116,14.63119878,13.4879034,8.883632545,9.603650452,7.121332477,7.101875226,10.52184301,13.28793295,14.28155924,14.90746789,15.48540951,16.51325322,17.49927557,20.29837313,21.92791344,24.99130872,26.76264666,27.35066104,27.35494323,29.02531895,30.66666539,35.98440004,41.34055489,43.00175414,49.1755964,48.23326474,51.74146567,65.38480586,62.43208254,65.8764039,955.5485401
Africa,        Gabon,Petroleum,6.784138115,7.380656815,6.765602056,8.610766333,7.400877917,6.765602056,6.089041909,6.458911338,7.199498138,9.737331702,9.583833397,9.742422284,10.09907419,9.414817519,9.637017292,8.68628679,9.267282643,9.806984834,9.4902993,11.43831332,8.210848582,8.863163272,8.664893688,8.408306556,8.578891449,9.684794458,9.657626619,10.21373505,10.22814684,9.960583931,12.30416377,12.97748129,13.50191788,14.17147797,14.16477237,13.55357759,13.276416,13.25989666,10.60919305,8.508904297,10.6588041,10.67670816,410.4930615
Africa,"        Gambia, The",Petroleum,0.65459716,0.652808688,0.652808688,0.652808688,0.714106046,0.712154959,0.643734771,0.783743649,0.785857351,0.783743649,0.787465335,0.783743649,0.785857351,0.846039258,0.975125975,0.90221732,0.904655666,0.90221732,0.962855135,0.96285953,1.265299404,1.378295733,1.372466205,1.372466205,1.448340313,1.460608516,1.587389616,1.643825518,1.707882936,1.832265831,1.998768355,2.100834905,2.04939729,2.03962574,2.255889626,2.309133,2.327885,2.368030102,2.38410291,2.431628682,2.321830448,2.449923895,57.95529042
Africa,        Ghana,Petroleum,9.706901308,8.470332312,9.680379827,8.470332312,9.706901308,8.470332312,9.559375222,11.07368419,13.03338481,14.58013269,12.27618461,12.12595883,13.6389364,14.10935025,15.68529177,16.16335731,16.5239067,15.61167083,15.98042774,18.48008545,21.8081576,21.85794123,22.97715845,23.2924663,25.84845824,26.04831178,25.36356756,28.19953302,28.7135772,34.18281892,34.54953421,39.110996,44.52728032,45.22710467,45.30608956,52.55015182,59.18028211,54.3070938,60.99927943,57.30812608,59.48215561,59.20713057,1123.394141
Africa,        Guinea,Petroleum,3.53411619,3.461523389,3.524460082,3.587396775,3.59722546,3.33564971,4.131907096,4.436159761,4.498215989,4.325019294,5.864136574,4.506067217,4.659469711,4.893086815,4.949264877,4.893086815,4.906492444,4.949264877,5.011292977,5.011292977,6.564880941,6.86922678,7.123424204,7.451896542,7.717434531,7.995310457,8.26142214,8.633650219,8.763675708,9.306337492,10.96593403,11.39837654,10.84316879,9.507103436,10.02853766,11.15056622,12.34798368,12.10593052,12.05172288,12.05172288,11.50745985,12.14231584,302.8632104
Africa,        Guinea-Bissau,Petroleum,0.358145913,0.357167586,0.357167586,0.357167586,0.477527884,0.535751086,0.460823368,0.79529283,0.91446472,0.924952069,1.13099172,1.13099172,1.201470819,1.31643435,1.31643435,1.31643435,1.263668859,1.31643435,1.31643435,1.316434643,0.99657211,1.014891935,1.036811265,1.205399656,1.247191125,1.263256022,1.292052941,1.372797295,1.336989179,1.385191781,1.421498876,1.442339087,1.470731373,1.505499632,1.580976432,1.633524224,1.700807279,1.376072742,1.379929794,1.379929794,1.317619242,1.390311077,47.914583
Africa,        Kenya,Petroleum,25.36461445,24.0613944,24.0613944,22.82747676,22.27136862,22.82747676,23.99969856,21.19779318,23.75384959,25.70442325,25.64882269,22.49259769,25.16171312,25.72858227,26.69928981,28.30453426,29.65349454,27.17171949,31.23672033,31.5715329,38.63576114,36.0079924,34.38835139,30.6831484,34.52004317,38.61317377,42.77786786,42.64452619,43.83830401,50.48133508,51.95964871,53.47905324,49.66926507,53.21843296,54.00321207,63.02324403,68.3804572,69.130127,71.45245555,68.45417278,65.36281738,68.96882435,1639.430711
Africa,        Lesotho,Petroleum,0.597772447,0.596138972,0.596138972,0.596138972,0.597772447,0.655753045,0.687819258,0.687819258,0.462880521,0.687819258,0.687819258,0.687819258,0.689636737,0.680619369,0.758999506,0.758999506,0.761078927,0.758999506,0.727985456,0.727985456,1.608542751,1.621384648,1.654263936,1.653344209,1.734254401,1.756818331,1.731453907,2.324739352,1.868526339,2.140078153,2.219293926,2.321483243,2.507683278,2.513901031,2.624895584,2.529666775,2.806979848,3.047672023,2.958425688,3.02277552,2.886276489,3.045509683,63.98396524
Africa,        Liberia,Petroleum,8.244919501,7.589900714,7.589900714,7.589900714,6.976470347,6.957408939,5.159342361,3.833671772,5.001451693,4.040526549,2.401573035,1.352775726,1.418536646,1.565455636,1.565455636,1.565455636,1.626036902,1.621633991,1.677812053,1.677812639,1.890474383,2.016295322,1.988988601,2.178261327,2.362909341,2.765883375,2.833083511,2.64428691,2.342747425,2.13846636,3.366904313,3.74886175,4.157953917,3.677997356,4.843308166,4.861066896,5.588769021,4.822166165,5.476195198,5.476195198,5.22890144,5.517375176,159.3831324
Africa,        Libya,Petroleum,62.49371773,71.67141562,77.2804828,77.90371255,74.99246133,79.77340152,77.77906655,83.57944251,87.98309539,90.25035078,95.17046245,101.667692,91.63744471,98.66382087,102.1309778,109.6365918,114.8525414,121.4488809,114.6560553,110.8691329,156.5598189,156.2151994,160.7779108,166.5037376,159.0498035,167.7182384,160.8492018,152.7395499,158.8418729,184.8453366,189.4778527,114.1452816,153.387926,154.8106816,161.9362611,131.501037,120.849901,126.028746,132.1996413,129.0438822,113.7876792,114.3322106,5110.042518
Africa,        Madagascar,Petroleum,5.000828482,4.363769423,3.740373833,4.987165013,5.000828482,5.361202367,3.485386188,5.104286782,5.611471833,3.906782304,3.78657671,3.980487919,4.37065756,4.442094476,4.90169076,5.158829318,5.172926427,5.221124634,5.221124634,5.221128443,7.945129812,7.709777269,5.60421393,7.420152629,8.138530908,7.792754283,7.711176637,8.155301642,8.8106272,7.418130929,7.898723886,8.594480514,9.537723694,9.247968669,10.17606932,11.5346901,12.65108573,10.40946052,10.00001734,12.96961013,9.797162595,9.810744903,293.3722682
Africa,        Malawi,Petroleum,1.892347532,2.201706601,1.824271326,1.509741686,1.450799755,1.69845947,1.572647614,1.57076128,1.56671495,1.992163256,2.11509668,2.6843195,2.6916738,2.546961979,2.744957315,2.924068801,2.932080007,2.924068801,2.924068801,2.924068801,3.138340873,2.917188282,2.736364504,3.009153364,3.188702885,2.827663597,2.97422835,2.897167592,3.51909408,3.089842927,3.894762272,3.669720399,3.609961584,3.730508816,3.779060381,3.462639133,4.088963258,4.666143372,5.437006448,5.58378597,5.331642476,5.625784297,127.8687028
Africa,        Mali,Petroleum,1.800729069,2.394412115,1.795809013,1.795809013,1.800729069,1.975389885,1.489863101,1.752357992,0.931265047,1.924047788,1.927769474,1.928030244,2.046411913,2.040863958,2.040863958,2.040863958,2.17629852,2.170395742,2.226573804,2.226576148,3.705482514,3.745380324,3.807382347,3.833267432,3.972967195,4.076062175,4.817503363,5.785811228,6.904079423,8.717726569,8.717726569,9.518700083,10.1390514,10.89390584,11.67769725,14.13548028,18.10000644,20.01332105,21.26041343,22.95900036,21.92217298,23.13159963,280.3197977
Africa,        Mauritania,Petroleum,2.541684463,2.414038134,2.414038134,2.414038134,3.630977888,3.621057201,2.067689866,2.874567623,3.745061833,4.316687253,3.868211491,4.055333011,13.38670179,13.70771815,13.66865129,13.86870261,14.03658546,14.05441245,14.12164892,14.12164892,4.947186921,5.160578821,5.548216942,5.722827069,6.169742899,6.368800946,6.198796779,7.070017922,8.714450829,8.506051649,8.423619029,9.051964561,10.04772594,8.851835892,10.70124134,10.60207022,9.873004766,15.21650026,16.04298294,16.79388481,16.03548127,16.92014408,361.8965805
Africa,        Mauritius,Petroleum,3.727136972,3.345258352,3.221359786,3.531105908,3.540780182,3.593055191,4.460344567,3.808857016,5.559475174,6.218238208,7.264816628,7.367034659,8.81814851,8.9106574,8.954825685,9.461060537,9.749896714,9.846190871,9.913427339,9.913427339,12.64782406,12.56726839,12.2117337,12.45084338,13.10371975,13.83849577,13.8727422,13.85467377,13.63445526,13.48151424,14.34509688,15.36440256,15.2604699,15.25828148,15.72348959,16.28292621,17.192361,19.49187393,21.22636449,22.70402649,18.25931347,18.28483289,472.2618064
Africa,        Morocco,Petroleum,54.43522153,51.84664915,53.67653084,54.2864915,51.98869467,54.89645217,56.97031818,55.60722915,59.76446668,66.82925689,70.36484775,71.11393331,79.28268336,81.28239224,89.2072948,84.41623381,82.44731981,86.43239289,84.77893763,93.44660544,88.59463561,87.71183394,89.1571836,92.12544061,107.5406019,116.4980499,118.2901044,124.9774046,133.5175289,140.9856969,152.5389802,165.2940057,165.3183197,166.2037721,162.0300557,158.0883194,157.1706498,168.764261,165.212048,171.5149594,153.6315025,172.8044773,4441.043784
Africa,        Mozambique,Petroleum,7.986890223,6.739673021,7.965067876,7.965067876,7.372514052,7.965067876,4.095705481,4.158000797,6.146431819,4.872040039,4.281639472,4.244670783,4.232201582,4.158482196,3.973253456,4.35196709,4.362088189,4.468782967,4.614783695,4.800867995,6.508968337,6.887439074,6.204919307,7.836755265,6.67923679,6.644469996,7.106200199,9.009080202,8.077915361,9.090813724,9.697548748,10.93613651,10.56370099,12.27984037,14.16665196,17.22210431,25.57591111,27.81236839,20.3772042,20.98276283,17.86278778,18.01357261,388.2915845
Africa,        Namibia,Petroleum,0,0,0,0,0,0,0,0,0,0,9.570208604,4.642506769,4.383685805,5.30062198,5.165240451,5.165240451,5.461052372,5.727022536,6.120269849,8.815412183,7.987798816,9.7638441,8.542833404,9.04528211,9.310476996,9.865123945,9.69317543,10.11660204,11.21259432,11.82490396,12.58529317,12.90994537,13.1732299,14.09015054,14.83068431,16.07088006,16.0888644,16.01714591,16.0811503,15.68743916,14.97898187,15.80535907,336.0330202
Africa,        Niger,Petroleum,2.432071991,2.425427044,2.425427044,1.819070283,1.82405392,1.819070283,1.515892049,1.45359644,2.578029062,2.571205385,2.665283876,2.706710267,2.706264028,2.828482239,2.889120054,2.889120054,2.959420716,2.95141537,2.95141537,2.951420058,2.264541037,2.161823148,2.270062622,2.555101812,2.738958433,2.547885515,2.589146947,2.937206042,3.273474231,3.978677472,5.042701405,4.846553434,7.011193484,8.3634799,7.400867662,8.106704662,7.28739345,6.976713537,7.400475921,7.892181782,7.566006857,7.57650241,162.1501473
Africa,        Nigeria,Petroleum,101.71195,119.3341748,128.2842381,120.5275166,125.6441736,132.460934,124.1672089,130.1887471,140.8618315,146.2636501,150.1996539,154.5248305,158.5454849,162.2555637,151.9172975,169.5398016,172.5879793,168.4119596,157.1907555,153.5056447,134.481624,168.8105254,171.8331588,165.3292503,165.3565787,182.2715575,146.3454273,126.4443141,162.3732668,137.5443308,170.7602186,163.4115404,161.8490831,250.1729319,265.633214,239.170919,246.510862,247.8419575,266.1350357,278.1560894,283.533499,283.5896809,7285.678462
Africa,        Reunion,Petroleum,2.494075772,2.487261178,2.718634488,3.123537341,3.480105449,3.412753832,3.300555342,3.735425649,4.462186365,4.838822922,5.062590538,5.961046617,6.155675676,7.815818657,8.117596058,7.999122387,8.021037908,7.999122387,10.28817317,10.28817317,8.933307472,8.969980231,9.194577037,9.339807468,10.47034416,9.908767174,9.201320139,8.773760182,9.847142828,10.30349297,11.26684151,10.98423364,0,0,0,0,0,0,0,0,0,0,228.9552897
Africa,        Rwanda,Petroleum,0.6750427,1.52999619,1.468796401,1.652396061,2.700171093,2.753993435,2.787488023,2.7617008,2.743609222,2.823996409,3.008737304,3.069375119,3.077784219,2.826096633,2.888124733,2.944302795,2.952369378,2.944302795,2.944302795,2.944302795,2.475777043,2.463083404,2.497431501,2.438377937,2.437468465,2.432514714,2.45650614,2.483792644,2.549658458,2.637377091,2.951340948,3.272279084,3.611742438,3.823303967,3.909559651,4.164817735,4.219287314,4.239350489,4.554854647,4.888859411,4.397692084,4.397692084,124.7996561
Africa,        Saint Helena,Petroleum,0.0135659,0.0124525,0.0124525,0.0124525,0.012493227,0.0127455,0.0127162,0.0259012,0.0259012,0.0259012,0.0259012,0.0127162,0.0127162,0.0127162,0.0127162,0.0127162,0.0127162,0.0127162,0.0127162,0.0127455,0.051434978,0.051359677,0.053556005,0.052986999,0.034587185,0.043168862,0.039759221,0.050374611,0.040996853,0.038550596,0.043706224,0.042759541,0.047366673,0.045437268,0.043133409,0.039262,0.039555,0.042293671,0.039747208,0.053752901,0.051316313,0.054155483,1.3063112
Africa,        Sao Tome and Principe,Petroleum,0.119067289,0.118741766,0.118741766,0.118741766,0.119067289,0.118741766,0.131310587,0.131310587,0.131639919,0.131310587,0.255901512,0.271024121,0.271692747,0.271024121,0.333319437,0.333319437,0.334158882,0.333319437,0.333319437,0.333326762,0.262108424,0.260745974,0.290927025,0.32326983,0.371581721,0.399673096,0.414283248,0.426312949,0.468141043,0.502257963,0.548458789,0.565329729,0.598642657,0.598642657,0.598642657,0.621671285,0.645864588,0.657201051,0.646882763,0.707380524,0.675427995,0.712690856,15.60521604
Africa,        Senegal,Petroleum,10.24305029,10.21506381,10.21506381,9.614177942,12.05064757,11.41683612,11.7172792,11.85869272,10.16516503,10.50849071,10.50233068,9.686596994,11.7632257,12.08221832,14.45435482,15.58851709,15.63176155,14.4017912,15.35344143,16.95587308,19.27908297,21.03673606,20.46748365,20.24062635,21.68103691,22.45973393,22.0120018,23.19959497,24.0374437,22.16782945,23.2202585,24.38815562,23.69196594,24.50434565,26.79205888,31.66625716,30.2114644,31.4767304,32.06007172,35.08943681,31.86054663,31.86934278,807.8367823
Africa,        Seychelles,Petroleum,0.938948972,0.749106654,0.686681246,1.186085682,1.251931865,1.310936791,1.245333798,1.315184412,1.941699866,2.020503388,1.804534846,2.046070861,2.028722917,2.085609453,2.085609453,2.159090337,2.164834602,2.292952661,2.292952661,2.292957935,3.760043509,4.044688614,3.52205338,3.513388198,4.903748206,4.466786758,4.745629291,3.901498342,4.252989639,4.635848637,4.192383175,3.59974526,4.142037278,3.721820194,4.353069942,4.5100318,5.024754569,5.238317288,4.638980514,4.654700843,4.444462209,4.689659259,128.8563853
Africa,        Sierra Leone,Petroleum,3.138105301,3.129531242,3.379893589,3.129531242,3.138105301,3.442484249,3.634443492,3.982483835,4.33300706,4.213689256,4.27599805,4.529714075,3.274170692,3.268814945,3.102945008,3.568595844,3.516165838,3.696518472,3.696536345,3.696536345,1.830823392,2.308232318,2.320455985,2.385382148,2.380655472,2.145911197,2.648594303,2.460319828,2.419946479,2.430382846,2.597456427,3.305845457,3.821524871,4.529833619,4.961522532,3.981662556,4.077354891,4.025663831,3.985441084,3.63146837,3.467443747,3.658739638,141.5219312
Africa,        Somalia,Petroleum,4.824128972,5.602623233,5.541725234,5.419928943,5.617972917,5.541725234,5.913629841,4.369078583,4.382464874,4.489008757,4.067511849,2.423905788,2.252603924,2.37078606,2.37078606,2.37078606,2.377281577,2.37078606,2.37078606,2.370786939,2.965469701,3.014687255,3.259015267,3.259015267,3.261318833,3.292874933,3.31800525,3.365669611,3.330036416,3.321188695,3.404195302,3.404195302,3.404195302,3.404195302,3.404195302,3.529771,3.593645,3.580296213,3.594628894,3.591152742,3.428952337,3.618124564,151.3931355
Africa,        South Africa,Petroleum,189.8526732,196.616025,211.7870145,205.1117792,219.0607767,212.3938541,212.515222,210.6751264,209.2204801,213.2248021,229.1669863,243.0541154,248.8542508,241.6773055,246.4636289,252.2363061,257.1863217,262.6193823,268.4583654,278.9813256,274.941831,274.5607702,285.3051599,294.5122334,302.7635886,303.8527924,300.4574011,353.1970903,370.9507818,353.622366,356.7120908,396.5497063,377.1505651,386.8334645,368.1895516,389.0716464,352.8989291,396.2225625,405.8444041,367.4321967,323.5241405,323.8350109,12167.58403
Africa,        South Sudan,Petroleum,0,0,0,0,0,0,0,0,0,0,0,0,0,0,0,0,0,0,0,0,0,0,0,0,0,0,0,0,0,0,0,0,5.961661331,6.306029505,6.524153355,7.996427373,7.721129261,6.762953043,6.954774283,7.781506306,7.430093826,7.840005514,71.2787338
Africa,        Sudan,Petroleum,13.68040909,14.2631688,15.50344425,14.88330652,13.68040909,15.50344425,17.36385771,16.62054718,18.22985935,17.57230406,15.73452925,22.74880568,20.6379531,19.40860333,17.48399972,16.31817089,16.32315716,16.81580736,16.87810268,17.99946378,27.29302208,29.27180022,35.39217847,37.20920596,41.34283443,48.12613808,57.89386971,61.47628695,67.39558663,67.99873768,69.90980586,66.1615726,63.12810785,62.38842495,63.05655959,67.86841919,83.73290859,82.57490813,81.39017142,80.41679113,78.92266107,79.71784989,1690.317184
Africa,        Tanzania,Petroleum,8.034592088,9.861710202,9.245353351,8.012639649,9.270682908,9.245353351,11.10728104,9.741898107,10.42317966,10.11157504,11.23092762,9.320128416,10.24592608,10.60288037,9.567577757,9.325026497,9.413040767,9.447959921,9.633669767,10.06610202,10.56406167,11.69942349,13.42997584,14.33816684,18.50627907,18.71264746,19.51346159,18.58012034,19.18946717,17.71941292,21.13104309,26.73950464,34.37183381,35.92983113,35.54668294,32.42201345,32.61865278,31.79335822,32.41631284,31.05348135,29.65112095,31.28694639,731.1213026
Africa,        Togo,Petroleum,2.508350439,2.318460655,2.257448679,2.4404849,2.875426113,2.68453339,2.19643641,2.052826562,2.136949792,2.497385793,2.400439711,4.122124412,2.983511176,2.138148748,2.496107141,2.494716856,2.501551667,2.613190527,2.613190527,4.009196938,4.021191772,3.538306676,3.8759212,4.859384197,4.829664328,4.682446771,3.992699573,4.302064209,5.348160644,10.29492887,9.579591929,8.717688772,7.751408467,8.046315018,6.1601492,4.521517986,6.680373044,5.778499999,6.42160482,5.95386841,5.684995788,5.998632071,183.3798942
Africa,        Tunisia,Petroleum,32.11605406,35.10795002,32.02830525,36.33980786,35.20413606,33.87609217,37.8796304,31.65960225,37.58668314,37.98294981,38.04253957,41.58084712,44.05745629,44.90999135,45.10271708,42.27280266,43.58718543,46.58772312,48.63936685,47.8312582,51.44293998,52.44308699,51.57806133,51.76518402,53.82529105,55.23428175,55.28575804,55.95113438,54.62911486,51.71797381,51.48851203,47.18148762,50.26510166,51.40950136,56.11969464,59.84524912,56.6807914,59.7146517,61.87189203,60.94980931,54.8917293,55.47145207,1992.155797
Africa,        Uganda,Petroleum,3.040698037,1.940729743,2.304616405,2.243968628,2.310930555,2.486560029,2.662438553,2.336919362,3.557309777,3.243163088,3.499224578,3.80351504,3.997969764,4.110500809,4.227316686,4.172528909,4.246386591,4.357757649,4.940371448,4.940376429,5.787618159,5.936827823,5.995396179,6.293891101,6.661577094,8.311235363,9.861974195,11.95173604,11.94525078,12.92129473,14.87879725,15.80930578,15.16369375,15.79711463,19.03651501,18.96287034,19.73053151,22.14364728,24.09534753,24.02292379,22.93808514,24.20355829,390.8724739
Africa,        Western Sahara,Petroleum,0.693101755,0.691208096,0.754045169,0.754045169,0.756111112,0.816882242,0.789070682,0.802241325,0.804151392,0.802241325,0.864536641,0.864536641,0.866617527,0.826013294,0.826013294,0.931773109,0.934038292,0.931773109,0.931773109,0.931784829,1.068669448,1.068669448,1.068669448,1.068669448,1.068669448,1.068669448,1.068669448,1.068669448,1.068669448,1.068669448,1.068669448,1.068669448,1.071597104,1.068669448,1.068669448,1.06776232,1.065352981,1.087644128,1.087644128,1.087644128,1.038515939,1.095810038,40.13530115
Africa,        Zambia,Petroleum,9.882686658,8.623724258,8.623724258,8.623724258,8.029682873,7.391763566,7.327689447,7.727353753,8.408482649,8.258173063,8.18581642,6.885717992,7.97368149,6.576679172,6.522158611,6.582796426,6.847854188,6.829144087,7.263340787,6.818995153,6.53395274,6.855946262,7.253028359,7.664847184,8.066375849,8.354306363,8.678854552,6.473096347,7.479446746,7.714863749,8.089476555,9.608618267,11.74142182,11.71756165,13.45982052,14.33327433,13.94613313,15.68188506,17.52763006,15.27552775,17.89454927,17.9488788,395.6826845
Africa,        Zimbabwe,Petroleum,7.857477397,9.041548704,7.233239139,9.041548704,9.066320096,9.041548704,9.704595691,10.5730893,10.55684128,11.59325523,12.34331384,14.28965952,12.60372492,13.3994385,13.74988671,14.68814714,16.80157811,18.26802407,18.32710048,18.32710048,13.28747939,13.11216489,11.72589457,9.526246591,7.959727365,8.640834579,8.306487591,8.163122984,6.99097707,6.89322348,7.677604697,13.98076046,15.84057093,17.59148326,16.0099343,16.45712438,14.7175951,14.62399772,18.09546758,16.26089496,15.52656312,16.3831495,524.2787425
Asia & Oceania,        Afghanistan,Petroleum,4.284860714,4.88360387,4.761513993,6.714955541,6.733352718,7.935856362,8.300619094,8.401807816,8.020768348,8.115695074,8.238628498,7.737694016,4.302386802,4.290699032,3.988921631,3.865988207,3.570337436,3.368834597,3.250360926,3.250365614,2.381829523,2.354850376,2.002959427,2.807128399,2.626913768,3.900202696,5.029990772,5.344879923,12.17167356,21.18593489,25.04969453,32.46484624,28.81520982,20.49539717,16.19851965,20.4854674,15.09463776,13.89570637,17.73765627,14.2252004,13.48148846,13.92131896,405.6887566
Asia & Oceania,        American Samoa,Petroleum,1.726681816,2.029457761,2.82894137,1.783462872,2.035018022,1.906460463,1.967959112,2.043091637,1.986192502,2.287213963,2.405687634,2.405687634,2.474537067,2.407345428,2.345049819,2.282754503,2.288800851,2.345049819,2.345049819,2.345053042,2.296271179,2.296271179,2.334422416,2.334422416,2.334422416,2.479799933,2.521838108,2.521838108,2.528747048,2.521838108,2.521838108,1.439072137,1.443015038,1.439072137,1.439072137,1.439071551,1.443014745,1.439072137,1.439072137,1.439072137,1.370835074,1.582945685,86.84451907
Asia & Oceania,        Australia,Petroleum,359.0067652,350.2349291,369.9475662,356.3833041,377.9211127,376.7526102,379.554234,388.6978999,409.2788777,425.1266102,432.3097284,422.7077797,427.7856019,444.3942239,460.2988989,473.2373822,487.9362294,496.4698192,498.6721282,512.3556545,512.3962529,510.4122623,523.8632767,544.1723391,556.286112,564.8801419,572.1956824,582.804237,590.0294101,590.4970074,616.7670399,649.8230145,669.4518483,676.4651948,669.108188,666.2910018,663.4780887,692.4813348,707.7986775,698.2011466,602.0768239,613.0929678,21921.6434
Asia & Oceania,        Bangladesh,Petroleum,19.94311561,20.51014591,21.13166543,18.64558709,19.31989348,19.8886264,21.38027329,20.7431486,22.22739196,23.52406082,22.20702231,23.879161,23.49871984,25.06492438,28.31322903,31.70661527,32.62562794,34.87769479,35.55234663,41.09051485,42.27186828,50.42019711,50.28824105,52.49852317,47.26969381,48.39169893,48.65934153,46.97040017,46.68534252,42.95843526,50.17312867,64.37995445,67.25761059,65.33090851,69.91333036,70.35903551,70.3725642,76.76046611,86.6153081,76.19390695,72.21034751,99.72352423,1851.833592
Asia & Oceania,        Bhutan,Petroleum,0.0112512,0.112255918,0.112255918,0.112255918,0.112563568,0.112255918,0.117633054,0.139826632,0.139821651,0.139826632,0.313886212,0.313886212,0.314684051,0.313886212,0.358054497,0.476528168,0.477771367,0.504110016,0.549985319,0.549994988,0.639869515,0.693605715,0.723520136,0.799788036,0.839305825,0.898438499,0.9295718,0.96580418,0.938368832,1.046234438,1.326126497,1.561869316,1.773923085,1.87134998,1.753633421,1.961928,2.231782172,2.439314951,2.715586702,2.614655234,2.477948173,2.558790389,39.04415362
Asia & Oceania,        Brunei,Petroleum,2.778900779,2.886779277,2.309423363,2.886779277,3.24205086,3.695077498,3.201732595,3.584838006,3.595034699,4.007939675,4.184774551,6.27709136,4.222650661,5.589589128,6.309424203,6.557162149,7.581458505,7.560344339,7.266795843,8.014197237,7.742084621,7.726484422,8.008101372,8.259826755,8.317684,8.319519645,8.830971948,9.074442349,10.10488057,9.950760813,10.32894588,10.94253505,10.47744589,10.32337419,9.831840903,11.35229233,9.936802,8.834396239,9.332407753,10.88763886,10.31839202,8.975224345,303.6280959
Asia & Oceania,        Burma,Petroleum,14.08442825,14.04594622,14.65663967,14.04594622,14.69679474,13.43525306,10.62367575,9.956376451,10.24432806,10.21098027,9.266431478,9.660138801,10.19247907,10.08186571,11.55476558,11.1594576,11.91568064,15.16819482,17.98649384,22.43590394,23.89592499,19.16935125,19.22652376,22.12476343,22.54269072,22.02194094,22.40421336,21.98913432,17.27149005,14.1995459,16.17461437,15.03120208,27.29091775,36.29745559,55.45821403,43.69010461,52.30107282,81.92841798,85.09823526,87.4177305,82.84736736,82.49641518,1126.299106
Asia & Oceania,        Cambodia,Petroleum,1.173358055,1.231739184,1.354912868,1.539673687,1.729159131,1.724434799,1.724434799,1.724434799,1.857383549,1.852308789,1.852308789,1.97078246,1.976181864,1.97078246,1.97078246,5.985872214,6.587962895,7.863633913,9.241267173,9.535633432,8.817069977,9.394589092,9.37452621,10.13660837,10.48017431,11.8459774,12.79781515,14.86840806,14.76989062,18.02413409,20.26573762,20.52142466,21.61056308,21.5825016,22.42061931,25.34988182,28.194804,29.35873566,32.13522563,37.19699607,35.25225017,36.40234666,515.6673269
Asia & Oceania,        China,Petroleum,1208.337573,1153.554688,1141.150638,1164.078163,1190.319367,1257.323583,1277.825595,1342.915103,1436.193709,1493.962937,1438.923693,1496.555819,1656.814768,1833.300278,1943.665272,2064.464462,2309.796816,2197.158235,2479.922794,2630.607764,2828.179773,2895.808138,3125.93084,3473.005825,4100.973958,4182.928595,4491.330823,4744.812445,4822.62309,5082.102937,5475.175075,5768.391027,6069.356616,6401.432022,6762.469792,7057.01506,7353.273765,7723.397359,7952.851118,8176.395204,8611.185197,9039.882369,158855.3923
Asia & Oceania,        Cook Islands,Petroleum,0.122716018,0.244761359,0.244761359,0.244761359,0.245432036,0.244761359,0.183571239,0.183571239,0.184074027,0.183571239,0.183571239,0.126247547,0.184074027,0.183571239,0.183571239,0.183571239,0.184074027,0.183571239,0.183571239,0.183571239,0.273482977,0.260849989,0.141202853,0.130215353,0.221076411,0.354082296,0.37729024,0.318295276,0.327025797,0.301270218,0.357912099,0.401651725,0.425856162,0.423543513,0.446708679,0.412759941,0.427464732,0.454896271,0.456898926,0.461826893,0.437679884,0.451958946,11.72532469
Asia & Oceania,        Fiji,Petroleum,4.314415331,4.423827977,4.363227666,3.575422744,3.281386403,3.333021207,3.999625507,3.241364068,3.293439837,3.862115626,4.102110754,3.419602707,3.55597985,3.799584738,3.885322691,4.232391153,4.366988614,4.356447353,4.234904507,4.632654351,6.140477766,6.328421151,5.072489543,6.091579289,8.524724539,7.188155815,7.975461172,7.21367172,5.329914069,4.555075862,6.914639143,4.927963777,4.844142923,5.210981853,5.868840982,6.231247408,5.946856041,6.55288054,6.79909723,6.898020769,6.537414535,6.750695974,216.1765852
Asia & Oceania,        French Polynesia,Petroleum,0.908706684,1.389543417,1.812447897,2.416597196,3.634827029,3.141576179,4.000392581,4.043307998,3.988038236,4.022257413,3.782197825,3.800335697,3.553374201,3.543732157,2.802101691,2.918917568,2.870552058,2.918917568,2.918917568,2.918922549,3.216516203,3.591906631,3.764195319,4.038508365,3.946152421,4.129446189,4.021442287,4.231577492,4.352758483,4.33169735,4.337702385,4.171038418,4.063742697,4.114470373,4.021632444,4.205429293,4.132168452,4.023876824,4.142983375,4.142983375,3.926399826,4.054497668,150.3467894
Asia & Oceania,        Guam,Petroleum,14.63787918,20.4370389,15.76571558,15.18180027,5.269636351,2.686010696,4.500942354,3.167583738,3.277640984,3.04454249,7.643500962,8.57356676,10.30856245,13.67316818,19.90913435,14.78757405,13.10958913,14.93412093,12.34459718,13.72235907,13.97900715,19.35466643,13.45321161,11.38961525,13.2404649,15.50458372,16.35134493,11.81222204,7.438076025,11.81620655,10.53266643,9.30710105,9.965108437,8.398766769,8.126472493,8.557888623,7.96311298,7.310793895,7.310793895,7.310793895,6.945250025,7.318100436,450.3612111
Asia & Oceania,        Hawaiian Trade Zone,Petroleum,28.02319859,32.29388631,29.80974118,27.94663241,33.62783825,32.35599,18.94160645,0,0,0,0,0,0,0,0,0,0,0,0,0,0,0,0,0,0,0,0,0,0,0,0,0,0,0,0,0,0,0,0,0,0,0,202.9988932
Asia & Oceania,        Hong Kong,Petroleum,77.9004582,80.19366753,78.3141285,74.55505042,72.24639267,68.91643302,70.85862366,72.51509476,76.51887062,76.52269807,78.71547697,81.76306724,93.68636617,97.73798746,111.675124,114.9726125,113.2792205,114.346931,119.1020479,179.1451631,161.742555,156.0375353,162.9850127,165.6712338,191.0060314,178.9932828,192.6124376,210.1346389,189.0913936,232.64223,263.1301543,231.9609945,214.1157167,218.2456006,201.2485308,243.5314171,250.9524713,264.47428,268.7454767,252.6877562,176.4410609,247.2896923,6526.704916
Asia & Oceania,        India,Petroleum,396.2889545,448.0642584,452.9812872,475.1079173,507.8415216,550.092608,582.0532959,606.2485327,670.2423257,703.2634755,713.6802394,727.2599016,779.2864281,798.8534832,860.4360503,957.2448032,1020.203566,1071.974009,1073.053191,1184.131401,1379.758414,1380.094164,1427.773963,1470.576658,1533.673792,1534.005332,1666.533647,1777.72427,1838.145213,1877.580945,1932.593085,1955.351615,2067.930419,2091.398254,2157.10995,2334.573311,2565.587696,2662.457838,2792.885258,2875.131784,2583.26083,2791.995783,59274.44946
Asia & Oceania,        Indonesia,Petroleum,250.553586,278.6529441,293.3511212,287.8393049,288.6279056,284.7771844,288.2680017,302.6023747,321.7656887,356.6197595,398.4516171,425.6874072,432.7401824,468.0920622,473.1143063,479.469406,521.951689,575.9879102,551.1854397,587.1109388,723.7260054,724.1799749,731.571304,747.2329252,820.5519867,831.4460112,781.8855247,814.4568683,842.8340651,852.5153843,893.287084,915.6858757,954.0104949,924.5846394,944.0215166,884.3329674,878.9120016,901.2973431,960.0358603,930.9979904,865.036976,924.5021912,26713.95382
Asia & Oceania,        Japan,Petroleum,3145.38641,3052.357242,2863.928815,2757.400152,2815.376741,2657.419476,2691.33483,2726.337293,2918.240385,3031.253668,3175.850147,3207.488521,3262.260769,3192.856849,3361.084431,3380.199994,3405.289771,3370.207255,3253.771877,3332.153496,3259.405473,3186.217612,3128.984841,3205.263307,3145.317098,3149.669885,3063.601369,2963.440512,2821.423976,2553.664116,2599.234737,2613.025359,2782.607247,2677.706875,2532.911907,2466.027443,2392.298394,2329.832271,2269.371906,2215.382104,1982.214656,2012.937777,120950.737
Asia & Oceania,        Kiribati,Petroleum,0.124234344,0.12389505,0.12389505,0.12389505,0.062117172,0.061947525,0.064096973,0.075465959,0.075636192,0.075465959,0.075465959,0.076284015,0.075636192,0.075465959,0.075465959,0.075465959,0.075636192,0.075465959,0.075465959,0.075469768,0.145394218,0.124062939,0.181828475,0.189038619,0.202477943,0.264144481,0.293967486,0.268285743,0.300356644,0.26203576,0.260390565,0.240318893,0.237132225,0.2398791,0.240234509,0.252308746,0.269081824,0.305183233,0.307369599,0.309416204,0.293260477,0.302827806,7.155466684
Asia & Oceania,        Laos,Petroleum,1.724193953,0.687793181,0.630477107,0.687793181,0.632204342,0.687793181,0.859741696,0.859741696,0.862097123,0.977947858,0.977947858,1.168117457,1.171317896,1.168117457,1.212285742,1.272923557,1.394941063,1.564830081,1.564830081,1.564830081,4.255999335,4.597191389,4.713675883,5.030510554,5.148593949,5.562838814,6.815087412,6.564186238,7.486675935,8.468089397,8.801232741,9.086870237,10.17013724,10.40233066,10.79508163,12.54305165,12.60948061,12.94668435,14.35415116,11.6402161,11.03164045,11.39154524,216.0851956
Asia & Oceania,        Macau,Petroleum,2.020506318,1.952017568,2.077954242,2.89654233,3.157041305,2.581700645,3.715130418,4.050430535,3.939322884,4.184611643,4.366280726,4.304130152,4.440704191,4.899225458,5.196340057,5.1683442,5.922261328,6.082785773,6.521196106,6.924614035,6.792386651,6.908414651,7.460770633,7.671806227,9.174934903,9.243675047,9.242695548,8.767710025,7.001077073,7.710588293,5.794138874,6.351902464,6.53568437,6.475459685,6.661795672,8.344052242,8.209433099,9.627259806,8.520136745,8.256922246,7.825254722,8.080551775,255.0577907
Asia & Oceania,        Malaysia,Petroleum,99.04387674,101.8599296,111.1199233,118.5279182,120.0907005,119.7625839,118.4661849,120.4859481,124.4659992,133.1301624,161.345034,171.3704861,182.7709781,204.9044811,230.7946892,242.1206994,265.8709911,274.9116406,270.0325958,268.5298047,277.8548253,293.212142,297.0192366,292.0364285,312.3700926,307.7114277,309.3312528,360.8186851,342.3431142,362.4533511,345.5162845,384.2651536,378.8748496,419.970676,427.6967889,406.4911796,409.8822093,413.3519135,403.2820274,409.0704695,387.4924048,389.2976056,11369.94674
Asia & Oceania,        Maldives,Petroleum,0.061879842,0.061710781,0.061710781,0.061710781,0.247518782,0.246842538,0.286047403,0.286047403,0.349193884,0.348343012,0.421823896,0.421823896,0.422839727,0.493390904,0.990238036,1.360811544,1.423938394,1.230190679,1.354781604,1.354784241,2.861159064,2.399078433,2.868502816,2.493827015,3.262138061,2.95337554,3.742641653,3.872081728,4.210103522,4.473299562,4.521607644,4.886848259,6.222601857,6.562119416,8.792834189,6.572612039,6.963669177,7.213923993,8.262338058,9.279463239,8.794299775,9.081211821,131.775365
Asia & Oceania,        Micronesia,Petroleum,0,0,0,0,0,0,0,0,0,0,0,0,0,0,0,0,0,0,0,0,0.525877572,0.597468899,0.555743941,0.599368711,0.576781927,0.49221363,0.506921937,0.565305996,0.492118112,0.679533804,0.474946847,0.548658615,0.610919943,0.643367935,0.673846674,0.708347424,0.749308824,0.7571413,0.763367257,0.720716712,0.722479107,0.722479107,13.68691427
Asia & Oceania,        Mongolia,Petroleum,7.448655962,7.428304475,8.666355172,8.666355172,9.310819806,9.904405869,10.27582117,10.39934264,10.72789643,9.955157278,9.370349788,8.773521973,7.962678754,7.585769414,7.822449247,6.878959068,7.13987381,4.697664605,4.975375865,5.150031407,5.579695397,5.677148662,6.105980239,6.636855512,7.291416926,7.133696784,8.236034569,10.13026316,10.8107665,9.831816877,10.40286772,12.97927532,14.7989987,15.40612518,14.58706565,14.3706538,12.551241,16.13021871,17.11070161,21.50935327,20.38483567,21.04988649,431.8546857
Asia & Oceania,        Nauru,Petroleum,0.585110452,0.583511844,0.583511844,0.583511844,0.585110452,0.583511844,0.558427235,0.558427235,0.559850922,0.558427235,0.558427235,0.558427235,0.559850922,0.558427235,0.558427235,0.625663703,0.627271687,0.625663703,0.625663703,0.625666926,0.457668637,0.414813871,0.389371509,0.349071117,0.327603593,0.321034533,0.233746903,0.227654261,0.231549696,0.225071466,0.237241514,0.233201337,0.24745901,0.28908845,0.312153996,0.332398538,0.364794669,0.284150228,0.334259967,0.267076825,0.253102483,0.261359516,18.25676261
Asia & Oceania,        Nepal,Petroleum,1.228199744,1.224844015,1.837266169,1.837266169,1.842299909,1.531055092,2.333064654,2.570280384,2.489965568,2.501437104,2.451075092,3.097697085,3.576423632,3.590924495,4.25024042,4.374831345,5.567443016,6.679806089,8.560380588,9.171464318,8.930399154,9.052995042,8.939203804,9.209213266,8.832510491,9.150550271,8.267007892,7.797092441,9.61212577,11.40079818,12.51998493,12.94695772,14.07322774,15.28047008,16.91011117,14.28740664,24.506227,28.28475471,31.80932877,27.90402992,26.4451463,27.30791292,414.1834191
Asia & Oceania,        New Caledonia,Petroleum,6.081790745,6.065173836,4.245621861,3.639104243,4.257253668,3.821059587,4.126926389,4.638678138,4.246785657,4.62879642,4.885917398,5.216051046,5.487287299,5.472449193,5.286739347,5.286739347,5.548091245,5.533087008,5.533087008,5.533096384,6.788314537,6.522268193,7.327448308,8.089869761,7.794510232,8.944601743,8.710703945,9.544630583,9.43703776,9.538468207,9.769322028,9.293918687,10.12143156,11.12897095,12.98188976,11.98059215,12.08011194,11.26041954,12.15734616,12.15342845,11.51805004,11.89382372,318.5708941
Asia & Oceania,        New Zealand,Petroleum,55.37020738,50.98806071,48.80189102,48.88070948,50.32324224,48.36781503,49.05419068,53.16858692,55.87568073,58.41804524,63.03855299,61.33548257,64.81142244,64.89350639,71.16198326,74.29795493,74.37634357,76.24369791,76.77174866,77.77465074,79.72814532,80.02105947,83.32398782,86.57929049,89.30551631,90.77502412,91.61638622,92.42361206,93.9395504,89.67442822,90.59869144,90.93648909,90.53849108,92.04098189,93.05542554,95.77609667,100.5147991,105.2008639,106.9913588,110.1850204,88.52216909,88.66037397,3254.361533
Asia & Oceania,        Niue,Petroleum,0.012493227,0.0124525,0.0124525,0.0124525,0.012493227,0.0127455,0.0127162,0.0127162,0.0127162,0.0127162,0.0127162,0.0127162,0.0127162,0.0127162,0.0127162,0.0127162,0.0127162,0.0127162,0.0127162,0.0127455,0.0283917,0.0290949,0.0280694,0.0263407,0.0262821,0.0271904,0.0268974,0.0248464,0.039280752,0.0258426,0.0240846,0.0267802,0.0263993,0.0283624,0.029305567,0.031698791,0.030508039,0.029745653,0.030799574,0.032231758,0.030551403,0.031540278,0.887497293
Asia & Oceania,        North Korea,Petroleum,29.40987647,31.16261682,31.77364869,34.82880716,36.7623458,39.10602907,41.90325876,42.58631647,39.57640922,38.91935144,44.56762818,46.90639784,45.32660278,43.65030349,42.66628877,38.19310143,29.02180793,24.57504831,21.88154062,46.77018975,12.83128161,14.22369203,14.2624114,13.89066999,14.00699626,11.76163266,9.001463374,10.76172182,11.03216199,10.67495426,10.6088769,10.90360238,10.47103124,11.31234002,10.79880888,12.30602491,13.12286818,11.92714338,11.82853277,12.81912885,12.14892563,12.54528138,1012.827119
Asia & Oceania,        Northern Mariana Islands,Petroleum,0,0,0,0,0,0,0,0,0,0,0,0,0,0,0,0,0,0,0,0,0,0,0,0,0,0,0,0,0,0,0,0,0,0,0,0,0,0,0,NA,0,0,0
Asia & Oceania,        Pakistan,Petroleum,64.81785848,70.23467254,83.2871337,85.15177105,87.25480961,99.44732397,103.114444,111.9979374,119.7152485,128.2552885,136.0974584,137.7158571,141.9738895,161.2425807,178.5752638,188.5908769,207.6677811,210.3984596,220.4828384,222.3539481,239.3383093,230.5810154,228.2558741,186.7192729,205.5863097,211.1711232,237.0712678,250.3860182,248.5856003,249.0660025,257.8795825,258.3346256,261.9432069,287.0110053,308.0628136,328.7120143,363.4581811,357.994267,291.0396876,289.6485582,266.2580693,266.8678287,8582.346074
Asia & Oceania,        Papua New Guinea,Petroleum,7.554523894,7.533883216,7.533883216,7.533883216,8.813611112,8.789530321,9.040659742,10.10820114,9.434271547,9.664358001,9.793889785,9.66929886,9.628254541,9.602062685,9.411893086,9.477635254,9.503486351,9.728469331,9.359135213,9.359138729,11.1461973,13.28390332,14.13484681,16.12566315,18.68564107,17.62748592,17.85286094,19.38414018,16.77329482,19.29206375,16.91695184,17.74506184,17.01370425,17.35291943,18.72156463,22.50434318,24.24549949,23.82376085,23.54911349,23.99547995,16.09031094,16.09406515,583.8989415
Asia & Oceania,        Philippines,Petroleum,140.5310465,132.049695,130.181067,121.4608042,104.3052657,94.67713981,98.60125805,118.358919,122.441024,143.4983732,145.6924568,145.6599456,161.9256267,175.9929698,186.3355138,201.9898021,210.9358591,224.9270448,234.4807625,225.7146948,215.7258979,210.6533796,201.3631694,199.4982795,202.3318807,188.0229026,179.0175924,183.1556097,186.0435206,173.8737084,188.0108611,177.8932462,186.496994,193.9672877,207.6062599,247.7676301,253.8406086,259.9396298,267.7784812,299.944119,215.3214676,219.6014241,7777.613218
Asia & Oceania,        Samoa,Petroleum,0.417198598,0.416058828,0.475495929,0.475495929,0.595998039,0.475495929,0.416058828,0.416058828,0.417198598,0.534532499,0.534532499,0.534532499,0.479664733,0.534532499,0.534532499,0.534532499,0.535996913,0.534532499,0.534532499,0.534532499,0.82465436,0.847585712,0.863606366,0.897438197,0.91094286,0.924429943,0.958362273,1.029805049,1.057862436,1.112836854,1.113147434,1.123173601,1.136094608,1.113291883,1.13311304,1.311848607,1.385636848,1.37477358,1.34006187,1.463591549,1.387072255,1.432325226,34.67316819
Asia & Oceania,        Singapore,Petroleum,131.5134174,138.9454231,144.1396447,142.8410893,152.9982826,147.3860329,167.1240746,185.0123903,197.1031223,214.022184,234.3948857,242.3659243,267.3017605,286.8283081,330.5199392,317.6695349,379.1846672,408.0659726,432.6264266,460.6717903,466.8429311,496.4554118,490.4921864,500.8272173,531.3991007,552.8532244,604.3129814,640.9053098,658.3274259,670.4584082,763.782983,824.1681206,816.9309773,812.4865933,803.4774047,824.506102,880.337545,923.0741675,945.2632184,913.3491243,813.9445959,821.1968323,20736.10673
Asia & Oceania,        Solomon Islands,Petroleum,0.431734035,0.615077906,0.553570174,0.615077906,0.616762949,0.553570174,0.505083362,0.588735448,0.705477489,0.70380358,0.70380358,0.70380358,0.705477489,0.70380358,0.70380358,0.70380358,0.705477489,0.70380358,0.70380358,0.703809733,1.05601009,1.104533234,1.141418711,1.192946863,1.268804563,1.300417505,1.346141034,1.43228069,1.453602007,1.501758608,1.550398366,1.604235651,1.609072202,1.602404108,1.504099092,1.373027593,1.317640338,1.307017916,1.370731059,1.350156306,1.279560886,1.321306354,42.91784597
Asia & Oceania,        South Korea,Petroleum,347.757499,345.1421013,343.5633792,360.6298762,350.0136927,344.7035096,367.8298267,387.0871562,462.0893627,530.5970484,645.6972674,778.3959554,941.0419428,1033.381676,1129.016061,1230.638084,1288.148071,1380.328451,1166.960333,1266.838461,1300.460077,1295.017839,1300.967299,1319.832462,1311.212303,1328.119023,1319.680711,1351.507386,1289.649489,1312.896638,1361.917065,1354.732094,1399.959098,1402.188949,1414.388566,1490.338188,1571.329996,1580.190939,1537.473341,1548.517237,1464.405242,1540.951094,45495.59478
Asia & Oceania,        Sri Lanka,Petroleum,21.42858752,21.37003938,21.99857009,22.62710051,24.57985028,20.74150897,19.63968218,22.75293375,21.24229285,19.6256589,21.66801951,21.20151487,22.4551224,25.45040749,27.93270788,29.23281686,33.48689939,37.31808359,37.63193493,39.87402631,48.50237909,47.1838284,49.16550226,48.92935568,52.24146431,53.9979451,53.10153299,54.17952336,53.1986666,50.68908204,54.30252241,62.13020435,66.96325751,57.71887018,64.18211821,67.37902862,76.615398,75.70336665,73.713187,77.25335217,66.31198502,66.40113584,1832.121463
Asia & Oceania,        Taiwan,Petroleum,235.2318393,209.8955369,203.7221388,208.0435173,237.7079638,233.3544497,249.5904868,257.7267555,300.0304764,323.2910989,334.4665305,337.1480695,343.2163986,379.2530646,406.4677865,455.8264332,480.4592693,478.9129712,496.5570781,523.3059476,536.6998891,556.3061746,562.4782301,588.6921704,601.5708609,600.2428041,605.8417868,634.0514161,598.2912477,590.4483764,618.5041112,569.8165379,566.0137647,561.0264154,566.0480879,574.0217618,595.5219574,547.2190749,557.2866522,286.7704532,268.6499145,280.6442715,18560.35377
Asia & Oceania,        Thailand,Petroleum,135.7085199,129.2958686,120.2330742,129.2958686,141.1610946,135.9419182,141.5608507,157.0318352,171.2580136,210.8714774,247.4931885,266.6862868,291.2585152,333.5116186,369.1035563,415.6305133,458.565023,475.7763813,447.2686943,443.3046709,446.0949709,441.1564957,500.3928384,548.4081413,608.4789122,602.3948299,598.456566,594.4294541,575.3425964,602.5255926,636.1541171,642.8011877,673.0391364,733.5757231,727.2757104,733.298425,761.382768,776.984166,791.7720069,721.545786,677.8998488,706.131722,19320.49796
Asia & Oceania,        Timor-Leste,Petroleum,0,0,0,0,0,0,0,0,0,0,0,0,0,0,0,0,0,0,0,0,0,0,0,0.6989515,0.756841268,0.759475924,0.774843188,0.802021282,0.881445964,0.98633469,1.026641821,1.065234902,1.259645383,1.897443681,2.177551388,2.135091,2.087039,2.128755168,2.157978695,2.174741518,2.061081251,2.128323579,27.9594412
Asia & Oceania,        Tonga,Petroleum,0.123391969,0.184582089,0.184582089,0.184582089,0.185087807,0.184582089,0.114650021,0.254244011,0.317922873,0.392739544,0.392739544,0.398926239,0.379304029,0.378477183,0.51435271,0.464900463,0.52834932,0.552881917,0.562153609,0.562163278,0.43806137,0.394559953,0.427821606,0.527118427,0.488176676,0.519857594,0.584759438,0.50062273,0.540620453,0.586786412,0.534077177,0.505399509,0.512282665,0.497150094,0.537369911,0.55982924,0.593006216,0.703846358,0.610035962,0.699349394,0.662778599,0.684401413,18.96852407
Asia & Oceania,        Tuvalu,Petroleum,0,0,0,0,0,0,0,0,0,0,0,0,0,0,0,0,0,0,0,0,0,0,0,0,0,0,0,0,0,0,0,0,0,0,0,0,0,0,0,NA,1.243308582,1.243308582,2.486617164
Asia & Oceania,        U.S. Pacific Islands,Petroleum,0.657253791,0.655457994,0.655457994,0.655457994,0.597503473,0.53628376,0.476696643,0.476696643,0.677293233,1.138458532,1.200754141,1.200754141,1.203902426,1.138458532,1.138458532,1.200754141,1.203902426,1.200754141,1.200754141,1.200758829,1.21430627,1.21430627,1.21430627,1.21430627,1.21430627,1.21430627,1.241871124,1.241871124,1.24527344,1.241871124,1.452398656,1.241871124,1.24527344,1.241871124,1.241871124,1.24139705,1.240859981,1.244509296,1.244509296,1.243308582,0,0,43.31040561
Asia & Oceania,        Vanuatu,Petroleum,0.519280384,0.453128895,0.453128895,0.453128895,0.454370336,0.517861678,0.482614657,0.426436595,0.55246322,0.483791052,0.483791052,0.404495876,0.212132586,0.211614269,0.211614269,0.211614269,0.212132586,0.211614269,0.211614269,0.211624231,0.381829982,0.425281589,0.40584016,0.476230187,0.38328795,0.383292931,0.355517996,0.576385205,0.568336788,0.656834801,0.664622448,0.770851649,0.636038247,0.61231433,0.699881775,0.65170818,0.665120255,0.747016392,0.965499167,0.929434676,0.88088399,0.909622602,21.12428358
Asia & Oceania,        Vietnam,Petroleum,14.96453697,16.16728761,16.16728761,16.78910657,16.83510405,17.41092523,17.72183456,21.52586821,25.21765913,28.39785447,32.80692784,34.4320122,37.67234315,47.1672991,52.35477327,58.42572008,71.51058792,77.59201974,82.67447392,96.95473283,101.1398997,111.1904683,125.6038149,134.0932001,154.6045019,157.7962698,153.8983476,170.8578366,177.7508485,190.9489945,201.4493568,215.6356389,219.5056758,221.7103171,222.0398738,239.228347,257.351862,265.1054709,280.1865515,288.1397286,269.2623149,269.7094816,5209.997156
Asia & Oceania,        Wake Island,Petroleum,5.490085449,5.475085314,5.475085314,5.475085314,5.490085449,5.414251189,5.414251189,5.414251189,5.368280661,5.353613374,5.232337744,5.232337744,5.307476715,5.292975559,5.291585274,5.352223089,5.429352702,5.476546505,5.476546505,5.476546505,5.478360468,5.478360468,5.572088238,5.572088238,5.572088238,5.531499241,5.66081274,5.66081274,5.676321816,5.66081274,5.613465405,5.66081274,5.676321816,5.66081274,5.66081274,5.66051095,5.66212538,5.66223379,5.68332979,5.694761478,0,5.694761478,226.131196
Middle East,        Bahrain,Petroleum,9.487118785,9.461197661,9.461197661,8.869872972,9.487118785,9.461197661,9.530637196,11.31570073,11.25105702,11.5348952,12.18702442,12.55210271,12.86039907,12.46976561,12.63774427,12.78447281,12.11888053,11.79296433,13.20528,14.58336242,19.00580598,19.34299067,21.03104424,24.83072919,28.0529208,33.94001861,37.26421554,36.6546727,37.78451967,34.95822086,33.67473993,33.53345064,34.75792929,33.43572547,33.82754031,35.62043778,37.0188506,36.75668533,37.38485126,40.27479113,39.08949772,34.46819008,949.7598176
Middle East,        Iran,Petroleum,366.1166484,358.9279174,408.4352162,485.7903709,474.7105695,488.8845772,513.6382266,536.1689714,541.7801025,597.3375544,618.6261331,661.4632737,669.3654406,684.8471187,692.4571111,699.023641,686.102397,747.372406,740.5030079,666.9266659,793.5046859,835.2554411,827.0661523,852.0555082,897.5147731,938.3454248,1010.103374,1044.147564,1054.880782,1092.924509,1026.379353,979.0775869,1072.178989,1091.402777,1097.14402,1031.597537,944.313175,1004.754711,1037.323997,1011.969914,922.0050519,931.2074552,33133.63014
Middle East,        Iraq,Petroleum,134.0077267,131.7940056,126.2512672,153.9649599,148.2113105,158.8918387,171.8248954,174.1740492,195.6461868,212.8427946,242.6539272,162.6498699,212.1700613,252.5289077,286.4404186,294.1727559,292.3538442,269.4559484,274.5598985,277.4888012,259.6252552,267.8889656,277.8539531,226.6416914,275.1575675,287.5631081,275.9805609,254.2794203,288.2340386,357.9060093,365.0529403,384.317913,447.289405,468.183821,457.110472,389.403739,485.042162,553.9171692,586.6893892,498.3442427,399.2982942,380.1882089,12358.05179
Middle East,        Israel,Petroleum,102.8012422,104.403559,103.021188,95.55792418,78.85355849,82.72852187,89.19327094,98.59110384,105.5620072,108.0547088,111.6543017,112.0990613,112.5249773,123.8094498,131.8181152,141.2917975,136.9099368,141.376338,139.3089816,143.9204804,154.7906943,143.0353608,151.7693765,155.4599769,151.4321926,141.4380344,147.0018208,151.0198936,148.5947859,139.1937625,150.4651631,148.1132516,177.277294,132.9833108,121.7906417,128.9378947,131.1162958,140.973318,137.4697954,138.9153217,124.8199918,129.9261594,5410.00486
Middle East,        Jordan,Petroleum,22.80259139,27.04250591,30.7301204,32.5739278,34.51203021,35.64693963,38.16680966,40.91760617,38.27353168,38.59466467,40.67976049,38.36373818,45.25769592,44.210368,50.30960163,52.30123836,57.01361889,54.63681022,58.84819737,59.24881334,62.62503154,60.11333328,62.93937893,64.67143759,62.9926935,68.20898188,63.95565324,62.75924839,56.54516317,58.63888169,64.52366744,79.40925584,88.38348106,84.78002642,95.04587679,81.44669053,68.666601,70.27719768,64.59634638,66.57181918,51.60101026,51.64096286,2330.523309
Middle East,        Kuwait,Petroleum,66.28006004,72.3347184,73.58186879,76.6997445,75.03403012,75.4525941,73.83129882,70.13046709,74.18435297,76.08131467,52.23322134,57.5556601,74.24258321,80.51824883,102.6174706,108.0547683,118.6067293,133.582112,150.2319513,175.3589998,137.5795845,154.6072699,173.870924,183.8645405,188.790489,209.8138927,206.1786871,231.3990213,250.9844206,282.525524,253.25162,245.874173,243.21344,250.614913,260.8527637,261.907552,253.3363908,238.0786718,243.2127673,205.4107889,165.4075809,166.1219595,6593.509168
Middle East,        Lebanon,Petroleum,27.42878773,25.53025585,24.92239277,26.13811921,24.9906732,29.17743546,27.84013629,29.24336164,26.19041503,20.66275789,19.58081672,32.74249509,33.41514632,41.08121063,46.33627404,49.56034496,51.89686496,59.86784382,60.60897267,63.49477772,56.79216568,61.35852439,61.11405017,60.72897257,61.38726945,58.50118839,54.50559397,48.09990726,64.03989514,77.74526636,72.54398134,74.99747808,84.65642144,83.92675475,89.76377066,98.69738402,102.2878555,108.7834083,102.7059832,102.3027669,99.29206708,101.0271102,2445.966897
Middle East,        Oman,Petroleum,10.34949367,10.32121654,12.14260767,12.74973795,15.21984369,18.21391136,17.97105919,16.14038552,15.7444473,18.87576056,23.23396181,23.31737891,23.73170494,23.67000852,24.41384967,25.69899045,28.22855789,29.52181038,30.02613663,32.62584359,39.45022115,44.31238738,50.48052493,48.19044953,44.82614589,49.4985328,55.1145974,62.18094433,80.42720875,65.95440607,74.76877165,80.59587449,91.08470988,92.07733616,105.0358976,112.269607,107.0982742,123.45817,141.9046481,138.0755553,107.651212,108.114743,2234.766924
Middle East,        Palestinian Territories,Petroleum,0,0,0,0,0,0,0,0,0,0,0,0,0,0,0,0,0,1.690394059,2.629938114,2.867249069,3.500565639,5.736799067,4.933797993,5.452119974,9.214979213,11.61513823,9.686951817,9.97731511,8.763585464,8.968747287,8.786476675,9.77230301,9.490444042,10.55730568,11.55827367,12.8820755,13.6467806,13.609264,13.609264,13.97832446,13.56691964,13.80398975,230.2990021
Middle East,        Qatar,Petroleum,9.658987018,10.19921954,11.89908951,12.46571284,13.63621678,14.16558281,15.68149273,16.02156963,15.07914274,15.49805334,15.57687093,15.66508971,16.15836459,16.88921441,17.34553788,18.532606,21.03117346,21.18021933,21.94250454,29.82921719,30.48059164,38.35045503,56.03294144,53.11857651,49.19110079,57.83398021,71.04977598,81.97547261,102.2297091,109.5205931,117.0268007,109.6415473,134.9954113,127.413476,141.0596158,121.9621475,120.5771502,156.5787904,147.674923,166.3317232,147.2409173,152.6338328,2621.375397
Middle East,        Saudi Arabia,Petroleum,382.109879,418.5477511,449.7826577,493.5115274,532.4481919,586.5915497,608.4559844,608.207979,617.192974,591.4638142,649.0626801,676.5294714,710.7722844,717.4931494,727.1082536,706.5017701,754.955091,784.816845,821.0094927,922.8115077,954.9055138,970.1787667,1000.030865,1037.086026,1132.258037,1181.556173,1237.788299,1430.381763,1524.915756,1497.095747,1938.564386,2113.492121,2015.603043,2091.855678,2189.908757,1779.305312,2447.849197,2304.207811,2209.631144,2104.332837,1425.289458,1433.59626,48779.20581
Middle East,        Syria,Petroleum,68.20748963,74.20486942,74.82324328,85.9539737,95.49048525,101.4133214,101.8461832,111.4790402,118.9325184,123.2848057,126.7126069,108.9112908,112.849979,129.1737321,139.222926,140.9741504,144.0123767,150.6143866,154.0569461,158.1792481,147.302997,149.1597682,151.8611405,143.9525329,162.9781975,206.1530997,217.7949417,230.102327,236.495168,204.5661666,188.9722302,174.8640516,131.182069,88.91717587,77.47822147,74.40095967,75.62573776,77.79921059,98.46583052,83.62180269,79.97505525,80.05814097,5402.070397
Middle East,        United Arab Emirates,Petroleum,48.37934986,88.13148934,95.20774054,95.85103611,98.69387359,119.0096755,133.6124844,135.2567637,152.5814435,156.2069684,156.2190532,193.5839251,196.0057558,197.671256,201.4796744,201.6187029,195.0727852,203.8416617,209.2533995,210.5058324,271.9403809,312.7173656,298.912224,303.8103074,319.8136694,332.6418347,356.5222737,372.4922138,399.9069815,387.3002035,402.1922625,436.7200541,446.7294395,478.9495938,475.640356,555.8913516,552.7845736,541.6556076,539.3852986,525.8785805,497.9781653,498.3411188,12396.38673
Middle East,        Yemen,Petroleum,27.97923394,28.52285002,33.48334559,31.00309766,38.54916675,42.78427489,41.17211388,40.82871349,42.11182641,44.97967672,47.04852774,48.68917099,51.03585106,42.05162956,39.82396521,44.16026413,44.42291255,45.8335256,49.62643697,37.26070745,60.12278927,64.696945,65.26393809,74.82621548,79.0038962,83.2641748,83.19312318,88.33231447,92.3923891,98.034577,87.7593389,75.05273729,65.96855797,89.58765246,89.93178711,41.78812323,35.0102184,33.97567789,33.0429036,44.02963711,32.64159585,32.73163856,2272.017522
Central & South America,        Antarctica,Petroleum,0.62466135,0.622954625,0.622954625,0.622954625,0.812059755,0.872136475,0.809841159,0.809841159,0.87452589,0.809841159,0.872136475,0.872136475,0.87452589,0.872136475,0.872136475,0.934432084,0.936992025,0.934432084,0.934432084,0.934432084,0.929448447,0.954912784,0.954912784,0.954912784,0.967644806,0.967644806,0.967644806,0.980376828,0.043483837,0.055939267,0.055939267,0.055939267,0.056092213,0.055939267,0.055939267,0.05549713,0.055449078,0.054647137,0.054647137,0.054647137,0.046004809,0.048956491,24.94618232
Central & South America,        Antigua and Barbuda,Petroleum,1.700822515,1.514442578,2.059641742,1.211554121,1.336360694,1.332709328,1.354947442,1.686483681,1.690994123,1.686483681,1.74877929,1.742662036,1.747326303,1.742662036,1.865595167,1.989009697,1.994349036,2.049647512,2.049647512,2.049653372,2.135765486,2.135765486,2.289697724,2.406636075,2.496114173,2.53428885,2.611967252,2.737322614,2.800179025,2.933810465,2.836130418,2.827303207,2.905579622,2.905579622,2.970858557,3.02798799,3.073374276,2.920201494,2.999246741,3.008068678,2.533160214,2.696087845,94.33889768
Central & South America,        Argentina,Petroleum,322.9011938,311.4110889,301.8814412,307.7087187,300.1631198,270.143387,290.7888588,292.8329211,280.9876399,256.485466,244.3710165,247.6638114,258.812811,296.6423642,264.6911047,259.1082625,282.0235104,290.7295661,317.0360323,290.2612426,330.1544273,312.3304734,281.1298018,300.9440264,336.3419796,339.1827693,359.5935495,379.9024179,416.7612794,397.2244461,439.6293601,437.9744765,457.6484279,459.7343866,461.8150766,478.7718694,467.355803,410.9925111,372.1779572,368.6674941,266.7434267,359.0632614,14120.78278
Central & South America,        Aruba,Petroleum,0,0,0,0,0,0,0.425983324,0.425983324,1.632054829,2.1695185,2.291457775,2.499672658,2.745707102,2.789703103,3.060849991,3.46426792,2.283225354,3.69248855,3.69248855,3.692493531,4.416298463,4.569602216,4.72363466,5.260222554,5.485544242,5.923864624,5.91257885,6.092777073,5.723506243,5.620360574,5.053273138,3.938343678,4.959887885,4.742811803,4.801185314,4.919763,4.840653,5.042660678,4.854988318,5.056723213,4.25839754,4.532289252,145.5952608
Central & South America,        Barbados,Petroleum,4.157260972,4.331540009,4.393418972,4.640935703,4.467504315,4.950331397,5.197847835,4.943225268,4.494142996,4.885130107,5.131922542,5.204083461,5.354983442,5.216286911,4.931619538,5.12625768,4.572311001,5.625756169,5.786432974,5.968350228,6.553002428,6.621204038,6.700599127,6.77540232,6.817405921,6.912187905,6.922976458,6.678693861,7.931279116,7.471756668,7.190818892,7.549094604,7.058225258,7.133088223,6.240065243,6.600704,6.690655,6.284898638,6.709621476,6.709621476,5.650303709,6.013719813,248.5946657
Central & South America,        Belize,Petroleum,0.930754934,0.870198866,0.812185452,0.812185452,0.872583007,0.870198866,1.085979009,0.866892947,0.636042935,0.966866012,1.310970486,1.501011458,1.23949841,1.236365947,1.174070338,1.359812414,1.12749623,1.886341032,1.858617079,1.914800122,2.083507178,2.174402517,2.075009299,2.103136127,1.954536782,2.104901159,2.213262814,2.032269682,1.848712507,2.048974491,2.241676196,1.811510297,1.982233779,2.163717686,2.100506452,2.4377014,2.411718746,2.803106095,2.382960503,2.240096633,1.886432448,2.007764041,70.44100783
Central & South America,        Bolivia,Petroleum,14.61972871,15.74616662,14.57978402,14.57978402,14.03493938,12.83020982,12.30533782,11.98509087,13.07496092,14.01323863,14.35869237,14.6655498,15.14706718,15.28563068,17.21603833,19.09834505,19.65720797,20.54654091,22.92178936,26.30239552,23.93774137,21.86979425,22.97587159,24.45716532,27.16052601,26.88220561,28.82428725,31.73940285,29.51771658,29.02469486,31.63245199,36.99316153,41.52730196,40.14148345,43.51954755,52.45606747,52.4083826,49.82015069,51.21873755,50.1290518,42.21470955,42.04247595,1123.461426
Central & South America,        Brazil,Petroleum,661.2758395,622.9449786,613.302985,560.6538337,572.9841052,591.9583973,677.2416269,676.8778229,703.6578673,701.7545493,893.5112314,778.312315,810.9105835,841.4088214,900.0140289,966.8393487,1033.559538,1117.738167,1157.151192,1192.036133,1237.755903,1242.695136,1226.388607,1186.515281,1225.517483,1243.029355,1309.037569,1379.142296,1457.453605,1457.727716,1575.355139,1630.10981,1709.944646,1789.786897,1845.942077,1785.302074,1721.168526,1743.963888,1686.733804,1725.589959,1531.69685,1564.028233,49349.01821
Central & South America,        British Virgin Islands,Petroleum,0.124351544,0.186017496,0.186017496,0.186017496,0.124351544,0.124011664,0.075132525,0.193606196,0.194106054,0.193606196,0.193606196,0.193606196,0.194106054,0.193606196,0.193606196,0.193606196,0.250438234,0.249784258,0.249784258,0.249789239,0.437371355,0.447635145,0.473496204,0.505832856,0.531693915,0.5469724,0.595861208,0.617704065,0.663713855,0.695656422,0.713701706,0.73045193,0.727905467,0.727905467,0.73958474,0.74213091,0.752105802,0.706494199,0.878343387,0.701107687,0.590447154,0.62842347,17.90369058
Central & South America,        Cayman Islands,Petroleum,0.413280895,0.471030316,0.471030316,0.412151673,0.472320981,0.471030316,0.445217895,0.470224859,1.145130728,1.1421433,1.214015907,1.20163695,1.218826967,1.155035886,1.332489578,1.427574524,1.431485488,1.427831778,1.427831778,1.427837931,2.082285075,2.108587978,2.185774433,2.214027837,2.092678664,2.154302131,2.185030799,2.611453037,2.681719418,2.488465994,2.500008436,2.631968311,2.431654759,2.400364117,2.440835035,2.581840406,2.541713177,2.930271611,2.718203778,3.297607176,2.776955552,2.955563664,74.18943945
Central & South America,        Chile,Petroleum,66.55544165,64.23148784,62.9682535,59.14026417,60.05729996,58.07532724,61.34697667,63.937489,70.95048355,80.11065243,86.51182431,90.90081312,98.32778474,106.5465065,116.4584944,126.3276974,137.9848648,145.4306754,150.9469849,154.5320503,141.5435824,137.5723105,141.4651267,147.1686582,156.7510882,162.3302315,166.1957044,210.4381518,221.8426526,206.4628634,190.7284294,197.0539584,197.1129662,200.5591217,198.2197166,195.9326435,208.2393784,210.4050135,213.9025433,212.6292201,194.5107204,215.4650124,5987.870465
Central & South America,        Colombia,Petroleum,93.4758612,94.95748983,97.2735262,99.58956257,101.0236016,99.01055355,99.30005806,107.466036,115.6870675,120.9850604,113.900382,118.6535525,133.600961,139.77904,142.1353164,146.9765455,162.3279728,166.1589279,168.8686684,162.3151962,164.7964533,160.819046,160.0769265,156.4605748,166.1519665,161.4902694,168.2710415,159.3717974,162.5214873,153.6691741,160.0475418,183.6443697,196.9374958,196.2410246,202.3958016,197.8977655,208.5192508,193.6326378,199.3319991,208.1030341,164.9293402,182.7454434,6391.53982
Central & South America,        Costa Rica,Petroleum,9.76862879,9.741938541,9.133067254,9.741938541,8.547550118,9.133067254,8.219760763,9.635915612,11.09661291,12.04201784,11.40920289,12.12706051,15.31777952,16.59116924,17.03557934,18.79029012,17.85316449,18.83801953,21.10447532,23.23799349,22.73388992,22.81106173,23.55076689,24.39105251,24.04252637,25.92509269,27.88906524,30.33177079,29.97665303,28.44426039,29.07925937,29.46041076,29.39883447,30.49683263,31.16403582,30.29366848,32.33132467,33.53673459,35.16083476,36.94329381,29.83105693,29.93945258,907.0971105
Central & South America,        Cuba,Petroleum,128.9949752,131.1773581,141.9503777,130.543651,135.3494074,137.5144284,140.9998172,138.7518333,140.5037638,142.9753052,139.2245302,130.1168801,115.4246562,114.2965062,115.5792046,118.3906817,121.4322362,126.4364749,123.866576,104.7701132,99.83596532,94.5023782,95.05850392,97.01476706,98.25035949,97.43472337,95.0203521,93.916525,102.3674929,103.2866922,120.5512874,107.5304536,117.7618272,111.4665991,112.7962572,112.5544774,85.0441876,93.01815037,99.06914535,96.41483403,90.11780549,92.16502432,4793.476587
Central & South America,        Dominica,Petroleum,0.120059973,0.179598159,0.179598159,0.179598159,0.180090106,0.179598159,0.147437893,0.203616248,0.214271193,0.213789501,0.213789501,0.213789501,0.214271193,0.213789501,0.282810925,0.357772924,0.358753009,0.35794931,0.35794931,0.357956635,0.433508443,0.484766449,0.444452286,0.50956509,0.605826138,0.596470648,0.595195219,0.752913017,0.674792185,0.67638757,0.710556937,0.686853823,0.68285115,0.653886928,0.695228642,0.743634,0.748908,0.717246127,0.75140143,0.73402067,0.618137119,0.657894289,18.90098552
Central & South America,        Dominican Republic,Petroleum,23.3089915,22.63358723,23.85702426,28.75077297,25.14917507,25.69217995,28.75077297,31.77100671,36.03582857,35.70348131,39.26175535,37.38080669,40.19709192,35.76080383,40.70850731,43.77312323,46.85346182,50.33623093,51.74865355,58.79162347,83.05751194,80.05216992,84.06164433,71.5408475,66.31953329,71.29590799,70.07315951,69.89273627,70.01620324,67.96276431,69.4650304,66.2553868,70.54982158,67.74628273,64.53893713,73.5506807,78.1801938,72.97643293,83.23156683,85.21901836,66.72474672,67.09707999,2326.272535
Central & South America,        Ecuador,Petroleum,50.57286681,52.83634133,57.03923207,51.03510244,49.97080866,51.6355154,55.17795192,54.08133789,55.42671097,53.43335813,57.5021876,61.32461579,70.54480249,65.4268121,70.59033059,72.86847298,76.7953838,79.52676174,82.13108638,75.92250135,83.72324134,91.61667101,93.55484199,97.17251152,106.4677751,114.6487857,120.119229,123.4191579,127.1504203,137.2209848,145.3107613,144.6386908,147.3359891,153.8184497,168.0390881,159.420714,150.324529,143.1996366,153.3555451,149.2010519,120.237812,120.421903,4094.239971
Central & South America,        El Salvador,Petroleum,8.544584079,7.30391865,7.30391865,7.912578391,7.934256875,8.521238425,9.069032397,8.951895392,9.737585733,9.445393241,10.02477847,11.61824813,13.30360318,13.44744625,15.00543156,19.10239841,18.3615693,19.36602838,22.65048044,22.99804114,22.71527417,23.39319354,24.49395294,25.55101255,25.7016462,25.90929471,26.95131933,28.44627975,26.46603251,26.4415588,25.98090186,26.17524261,26.90697495,25.72411783,26.55812299,28.2183237,28.447077,26.07528478,28.90350654,33.26987517,28.01724073,29.81925343,840.7679132
Central & South America,        Falkland Islands,Petroleum,0.051842541,0.051700729,0.051700729,0.051700729,0.051842541,0.064626131,0.04999459,0.04999459,0.08700049,0.124590925,0.062295609,0.062295609,0.062466135,0.062295609,0.062295609,0.124590925,0.075308032,0.137427841,0.075132525,0.075137506,0.115095967,0.127827989,0.140669886,0.153402201,0.166244098,0.166244098,0.191818017,0.191818017,0.191818017,0.191818017,0.175233338,0.170151546,0.173993069,0.173993069,0.173993069,0.181367,0.188399,0.182558338,0.189381429,0.189381429,0.159478142,0.169735486,5.198660617
Central & South America,        French Guiana,Petroleum,1.514602849,1.329208857,1.631301526,1.691720177,1.332850554,1.329208857,1.557512406,1.778967666,2.044206502,2.350883156,2.807629722,3.083970035,2.543950818,3.392445416,3.392445416,3.955906684,3.899244293,3.955906684,3.955906684,3.95590727,2.250031677,2.517916596,2.196388065,2.772684784,2.721471607,2.66141569,2.330077519,2.632548451,2.654930135,3.413239333,3.067661362,3.358189614,0,0,0,0,0,0,0,0,0,0,84.08033041
Central & South America,        Grenada,Petroleum,0.179777475,0.239048445,0.239048445,0.239048445,0.2397033,0.239048445,0.277170675,0.341238934,0.354323728,0.353502742,0.525530953,0.525530953,0.541806517,0.622851196,0.714312025,0.650569289,0.696652329,0.921913366,0.799452258,0.799459876,0.862651479,0.897843416,0.922577304,0.975927037,0.947706742,0.9965516,1.031098644,1.094348847,1.163666787,1.129828803,1.169392593,1.166756179,1.186312464,1.3394495,1.13128765,1.180559995,1.213636765,1.317973479,1.297117153,1.296579498,1.091889991,1.162117989,34.07526331
Central & South America,        Guadeloupe,Petroleum,2.068149876,2.887499178,3.653570239,3.830355891,4.195389941,3.830355891,3.895071094,4.517144668,4.982794625,5.498908851,5.950270077,6.188372425,5.863612983,6.690179754,6.919309563,7.107821368,7.066490788,7.226295039,7.226295039,7.226295039,8.343558244,8.768207539,8.971294043,9.07350387,8.848563668,8.789943744,9.091312117,9.473605625,8.832919519,8.722958963,9.319135439,10.20589056,0,0,0,0,0,0,0,0,0,0,215.2650757
Central & South America,        Guatemala,Petroleum,17.1798121,14.76971804,14.76971804,15.36050654,13.62536816,15.36050654,13.64721951,13.81433177,15.23210691,15.37008207,16.08838886,15.27558547,18.55275297,19.93964942,22.64335791,24.95524159,26.15605609,28.79900516,34.9358301,35.26072901,36.88869209,38.92175111,39.46029595,40.07369907,37.03403181,38.30757565,40.41401711,44.14694229,39.52741346,44.97689673,40.13334332,40.56522005,41.30072711,41.84860547,44.11585763,50.42830882,54.0381072,54.39093897,58.97035757,64.14685361,57.76515129,58.10769994,1397.298453
Central & South America,        Guyana,Petroleum,6.085835317,7.431682472,5.759554033,5.140246965,5.775333548,5.883415388,5.588860437,4.244259704,4.194946925,2.817024767,2.710561166,3.197445419,3.532730886,4.524771165,4.519830306,3.828139053,4.179654669,4.450267418,5.77377596,6.934623794,6.806877259,6.630380505,6.683755143,6.907005321,6.726724179,6.087483442,5.434746832,6.750390082,6.417429277,6.613809597,7.128063273,7.40001386,8.369482298,8.150844526,8.147014137,8.31402736,9.357432883,9.271350655,9.409629368,11.07706717,10.75530219,10.75530219,269.7670909
Central & South America,        Haiti,Petroleum,3.694655578,2.456373997,3.070467423,2.456373997,2.463103621,2.947648562,3.009058139,5.102699015,5.542821347,5.164662948,2.880178573,2.823358841,3.292603322,2.582604257,2.211665378,3.800964475,4.478923697,5.817708673,5.393097468,6.024778805,6.151233503,6.75473703,7.561093833,6.956378458,8.117497317,8.486220237,8.693510412,9.775748397,9.775748397,9.198264442,8.574194366,9.198264442,9.87537748,10.64220565,11.64260346,13.3372217,13.889079,13.61754623,14.05910456,12.7399998,10.72859055,11.41863192,296.4069993
Central & South America,        Honduras,Petroleum,7.305690421,6.678585451,6.678585451,7.285729503,7.305690421,6.678585451,7.103586346,7.152321329,8.079772102,9.834961646,10.98164733,10.83939993,11.23463905,10.97144477,12.28792717,14.20730103,15.50287231,15.75118044,17.91852781,18.87397444,17.37341713,20.52724979,21.62039382,23.87460544,26.63341345,26.58300866,24.49305782,31.4615615,30.77783838,27.55102704,28.35521857,28.9856318,31.43962576,31.68308356,34.30702426,38.016164,34.859675,35.28341189,39.17753337,39.50739424,35.1305324,35.408573,875.7218633
Central & South America,        Jamaica,Petroleum,33.47947682,28.97826666,24.56853052,25.82845513,22.10908852,19.52883178,19.27684709,21.16680052,23.99218604,27.45100621,28.83483174,30.27430089,32.60362276,33.15666114,34.1605644,38.26797963,39.36953627,41.1182136,42.11248127,43.13926021,42.05661261,42.97678614,42.57063306,44.36818044,43.37698078,44.71623807,51.40900326,52.37681244,44.26866885,34.6471955,31.78597403,33.52631111,31.16767723,33.96477243,33.32088647,34.39098575,35.4980634,29.63212722,31.64223116,38.03729282,24.51328332,24.55987413,1434.223531
Central & South America,        Martinique,Petroleum,2.742837167,2.735343106,2.735343106,2.674557619,2.377125408,2.917699274,3.039269955,3.472611095,4.235010866,5.849880952,6.390969033,5.340555243,5.8787227,8.00953883,7.9117911,8.024147517,8.0461316,8.148471226,8.086175617,8.086175617,9.406607366,9.440617927,9.800599778,9.660481611,9.693385511,9.505756222,9.464205306,9.830212116,9.878945048,9.86315059,9.858839095,10.27678045,0,0,0,0,0,0,0,0,8.985156166,8.985156166,241.3522504
Central & South America,        Montserrat,Petroleum,0.062466135,0.062295609,0.062295609,0.062295609,0.062466135,0.124590925,0.050926623,0.063763539,0.063770571,0.063763539,0.075132525,0.131310587,0.131639919,0.131310587,0.131310587,0.193606196,0.194106054,0.193606196,0.193606196,0.193611177,0.116285547,0.116285547,0.167610943,0.167610943,0.167610943,0.167610943,0.167610943,0.186311961,0.239196996,0.202251454,0.270243862,0.186813577,0.181235736,0.228359512,0.213240126,0.23998458,0.136903078,0.122976788,0.13659074,0.13659074,0.11499371,0.122389909,6.036582896
Central & South America,        Netherlands Antilles,Petroleum,69.91284222,63.96497562,60.7667268,56.92882821,54.51918888,45.41513273,44.39169311,44.54884893,42.08533862,44.04951188,43.09618276,41.07789534,40.60186175,40.5868789,41.95463045,44.65464947,44.15501064,46.78593499,47.35182376,46.27455623,54.62442804,56.10218672,54.54502679,54.16225159,56.20333296,58.25903766,58.656549,62.04118186,61.9295096,59.41918786,51.22784399,57.74751738,53.63513375,53.73241678,54.21959023,55.56595248,56.09812955,56.491865,57.093687,55.23160608,46.51168259,49.5032208,2186.123849
Central & South America,        Nicaragua,Petroleum,8.027799469,8.005865489,8.005865489,8.005865489,7.410276478,8.621701386,8.498534148,8.564112822,8.755618208,8.564112822,8.199558706,7.844405202,9.421169173,9.360489459,9.997068877,10.91739477,11.59350018,12.13538083,13.94475105,14.81115527,15.05829902,15.95974311,15.81089237,16.64847096,17.3981976,17.12590538,17.48863908,18.35977936,17.48499299,17.90972755,17.84508237,19.12649795,18.16947029,18.30533234,19.192919,22.07793998,21.7158708,21.20602326,20.63116429,20.91013779,20.7232539,20.78736845,600.6203332
Central & South America,        Panama,Petroleum,50.83797087,50.04908126,48.09911704,49.39909328,48.88266438,42.24922466,43.22420677,45.23517916,44.09057115,42.92850385,45.55433498,45.39343637,46.80293133,45.814158,51.68598378,54.80777249,47.00636182,49.05767152,54.26155105,32.852424,56.33189901,60.47812062,57.18325739,59.60852505,58.1563142,58.24430474,64.57674351,60.25215404,71.27887473,69.00865506,78.88033635,78.66490311,85.66712904,84.4317675,86.68843475,92.48414732,97.3801322,104.5103496,100.6185291,89.88464019,86.30017839,86.32732865,2625.188962
Central & South America,        Paraguay,Petroleum,5.924713738,5.431069389,5.371387047,5.669797585,5.984559281,6.565028906,6.505346857,8.19754814,7.688857362,9.968899564,9.536777597,8.712702205,9.954581826,10.4670816,12.02817916,13.55788821,11.42347316,12.24619724,14.13913428,16.82805652,13.72469428,14.15640986,15.01151131,15.58161401,15.67837755,14.47970108,15.65311773,16.30546758,16.91350323,17.45143043,19.82416435,20.09622833,21.37557181,21.07764531,22.1425292,27.08386051,32.0257204,32.62639853,34.49970926,33.63871675,30.82172773,30.89853797,667.2679169
Central & South America,        Peru,Petroleum,81.808714,84.03888292,83.42546017,76.0643904,78.11809509,76.67781286,83.3027758,84.57349629,86.39640194,73.93984799,74.10465024,68.61879952,72.61235113,76.11478846,79.9639529,86.38257791,94.27657189,95.72989174,96.70063151,102.0570788,101.7249603,94.29299044,93.74749535,92.11908427,104.1323603,100.90549,100.1303773,95.77099261,113.073306,116.2727927,119.6612387,126.013048,132.3417454,131.9004716,128.9325653,137.0404513,141.0378354,141.152009,146.3422259,151.1052158,116.3833648,116.6493446,4255.636537
Central & South America,        Puerto Rico,Petroleum,65.6709942,65.4915651,65.4915651,65.4915651,65.6709942,65.4915651,65.4915651,65.12116944,64.82778561,65.26142825,64.75846035,64.70604763,65.30089183,65.26701898,65.54113191,65.45861901,65.39105321,65.42783848,65.45851734,65.08512781,123.7205427,131.7896376,130.6476481,133.2675862,137.8202245,132.8337651,117.1755163,112.1537665,102.8855656,95.56395412,78.58538145,86.14468124,85.79330744,69.32149556,63.36746893,64.76038624,57.04001585,62.32019727,58.00727594,46.61328239,43.94030463,45.88899313,3286.0459
Central & South America,        Saint Kitts and Nevis,Petroleum,0.241875016,0.241214301,0.241214301,0.241214301,0.241875016,0.241214301,0.206449265,0.206449265,0.219789848,0.219292334,0.219292334,0.294431012,0.295097587,0.359880766,0.422176082,0.359880766,0.423332846,0.422176082,0.422176082,0.422176082,0.771054405,0.797026804,0.871946904,0.873350667,0.944564024,0.880005869,0.911924117,0.964170119,0.963076643,0.985519564,0.992499703,1.025770732,1.012530941,1.008752413,1.021682796,1.046921816,1.075376804,1.082995097,1.093301958,1.093301958,0.920642918,0.979857046,27.25748089
Central & South America,        Saint Lucia,Petroleum,0.468244179,0.350223486,0.466964648,0.408594067,0.40971362,0.525335229,0.52706891,0.574681703,0.733592304,0.731799437,0.731799437,0.731799437,0.733592304,0.731799437,0.864309859,0.864309859,0.8664303,0.864309859,0.864309859,0.864320407,1.464643126,1.588314031,1.435153848,1.588076994,1.59371783,1.643954438,1.658338101,1.714533743,1.762159135,1.71894017,1.796620623,1.823536482,1.814952168,1.810273251,1.827779708,1.837566494,1.857188118,2.013491019,1.845665307,2.716411497,2.287518097,2.434646582,53.5466791
Central & South America,        Saint Vincent/Grenadines,Petroleum,0.172855057,0.172382741,0.172382741,0.172382741,0.172855057,0.172382741,0.145347338,0.145347338,0.173637367,0.27785776,0.292980076,0.27785776,0.340974941,0.27785776,0.513205029,0.569383384,0.514359742,0.6034921,0.664062818,0.664069264,0.626178504,0.753638778,0.811416913,0.856712662,0.935888587,0.942844993,0.944118371,0.964930454,0.963473072,1.320795948,0.950507236,0.878832697,1.082007394,0.877837962,0.936517951,0.9463021,0.947725494,1.087547731,0.985881419,0.836294957,0.704290546,0.749589225,26.59900675
Central & South America,        Suriname,Petroleum,8.745361157,7.475542814,6.852580864,4.983695307,4.185279976,5.357472477,5.324187384,4.551935781,5.032161316,5.434749176,6.485099971,6.059591014,5.716176848,5.944754352,5.918713098,6.063228023,5.928030791,6.171243352,6.156283944,6.156284823,6.238829076,6.059411405,6.947572343,5.880821752,6.951574723,6.950557134,7.691537726,7.03610493,8.786254581,9.002141083,10.35184822,8.274163245,9.834286867,9.111046839,9.438680025,9.077961572,8.360169,9.281087338,9.316053958,9.569503353,8.92875015,8.92875015,300.5594779
Central & South America,        The Bahamas,Petroleum,17.67179133,18.25291874,15.73527464,11.95880877,10.72930166,9.441164665,9.504106046,10.60493371,9.871033755,11.28782676,12.00902839,10.65187172,9.01206763,9.516075389,10.5716952,12.63401174,14.24281497,13.88201711,15.76468774,13.86607176,16.45899079,16.77440031,17.3975615,12.15212959,13.46928413,12.95110279,15.04258338,17.32329684,16.9281963,12.72639054,13.25828135,11.70546896,13.52820965,12.58568813,12.3551153,11.8107714,12.36500082,14.74527364,15.98317403,15.98317403,13.45974464,14.32544859,560.5367884
Central & South America,        Trinidad and Tobago,Petroleum,24.78537308,22.95210666,17.65546684,15.30140463,14.75319812,14.12437324,13.59470952,12.11166043,10.77509199,12.4257365,11.91887053,12.56316083,13.06611379,12.72540694,14.66214895,13.13456796,12.407533,13.31646002,12.85586929,13.62898524,20.42546218,19.71769167,21.88759195,26.87807079,26.07260031,30.58735146,29.91974393,31.46160193,30.58629344,29.46198329,28.01525624,28.72908598,26.35670806,31.31767799,29.54879333,30.406724,31.652204,27.69919714,24.91755095,20.76662083,19.14167887,19.23626366,873.5443895
Central & South America,        Turks and Caicos Islands,Petroleum,0,0,0,0,0,0,0,0,0,0,0,0,0,0,0,0.055405421,0.055557195,0.055405421,0.060946344,0.060946344,0.289020181,0.306845129,0.408600806,0.420161707,0.432893729,0.50928674,0.585679751,0.687537099,0.732099762,0.738465773,0.76393011,0.76393011,0.76393011,0.770296121,0.827590806,0.852923,0.882223,0.954912491,0.954912491,0.984196669,0.828796208,0.882102577,15.6285951
Central & South America,        U.S. Virgin Islands,Petroleum,12.4943905,12.46025307,12.46025307,12.46025307,12.4943905,12.46025307,12.46025307,12.51135432,12.23231402,12.18422949,12.10671752,12.12433385,12.2237631,12.39225686,12.03446225,11.86326997,11.72278204,11.69619346,11.72703112,12.06925893,38.68109937,56.0783456,55.73432815,65.62839053,67.28513647,65.81710216,70.0313197,65.37611402,37.88834392,33.07205973,29.92389691,19.81018942,11.349895,5.945924301,12.1391447,12.01632438,9.941914264,9.914750527,9.914750527,9.914750527,9.260603708,9.760726287,949.6631235
Central & South America,        Uruguay,Petroleum,24.73524225,22.20089362,20.96751042,16.65067022,16.07790737,14.80059555,14.4305808,16.60189597,20.99358654,19.96163497,19.37484065,18.10121125,19.8011536,21.53384631,19.94276138,18.56430449,20.54516,22.21738835,26.7552115,29.28841771,26.27038527,25.55460766,20.00811766,21.80749952,27.59482175,27.51089834,29.80958882,28.27431512,38.87510141,39.66299775,32.87355077,36.91029557,39.95981876,35.22066301,31.30446574,32.64573682,31.592139,28.07555329,29.74136582,29.2998828,27.70196892,27.81574316,1072.05433
Central & South America,        Venezuela,Petroleum,237.8483243,256.767339,253.2093618,237.1984656,225.3612872,227.1175307,237.9100609,237.7112501,232.4508046,227.3522366,231.442669,235.588178,241.8956842,245.4991989,252.8604372,258.6291574,255.640057,262.4499814,264.566423,264.3806595,278.1746846,304.7985931,309.5733683,291.5033701,328.6725824,367.1840544,372.2460894,380.1328888,426.1294742,435.3822293,452.8420433,422.6698816,489.8518941,442.1164461,449.9042094,395.1018744,413.2456398,374.5475915,340.7622757,274.309181,200.399798,194.8053234,12830.2326
North America,        Bermuda,Petroleum,2.337344212,2.024253202,2.146935232,2.269617262,2.214326111,2.146935232,2.021394694,2.914516415,3.180826166,3.843695009,2.727996131,2.390017701,1.867243585,2.169657089,2.090892243,2.144573945,2.212791084,2.206869261,2.206869261,2.206873656,2.41191154,2.446397347,2.574490794,2.568638998,2.659711309,2.800732502,3.163190203,3.673952491,3.514566644,2.765459111,3.256168186,2.10438753,2.275859334,2.286056613,2.960652488,2.489686925,3.16880379,3.125727223,3.233668716,3.231673679,2.955978845,2.984552791,109.9758946
North America,        Canada,Petroleum,1141.564167,1072.066196,953.3074092,870.8817963,891.4252173,889.8923283,893.3519768,932.9522058,977.3907625,1020.515342,985.4359808,948.9528795,975.5997941,984.1455176,1000.951989,1024.887266,1061.563237,1107.824814,1111.035206,1156.722758,1150.20642,1158.15603,1217.531707,1284.991665,1334.531635,1382.525242,1377.367016,1429.826307,1378.919715,1341.233089,1406.984988,1421.883763,1451.809783,1436.685008,1421.977615,1452.739763,1469.513032,1462.89843,1489.780116,1459.095398,1285.748727,1333.727325,50148.59962
North America,        Greenland,Petroleum,2.290403268,2.160678104,2.098944469,1.481607826,2.352306257,2.098944469,1.395231426,0.965280589,2.258707407,1.991458591,2.274763514,2.246757695,1.996878505,2.041858107,2.053717868,2.053717868,2.176480473,2.232829354,2.232860412,2.232865393,2.464375827,2.298857783,2.146071761,2.413138331,2.278485493,2.827764096,2.570383813,2.956432409,2.570201567,2.696467573,3.526717061,3.360753071,2.645788828,2.575570499,2.292104426,2.461771057,2.485382462,2.504125672,2.506526514,2.477362759,2.266015413,2.287920093,97.2485081
North America,        Mexico,Petroleum,785.359316,862.5014791,908.8559338,835.0778936,834.5977905,881.331636,909.6348096,943.0504332,958.4297087,1024.518965,944.2700389,1017.421544,1015.730117,1064.138923,1166.458168,1073.049297,1077.938871,1102.681136,1173.326209,1165.914662,1215.800707,1194.924775,1137.975782,1134.372094,1176.702394,1205.052021,1204.419826,1239.86905,1236.248876,1191.955524,1211.408589,1229.167025,1221.48111,1209.558464,1174.950794,1153.251992,1186.480585,1162.152577,1080.358805,1128.311339,884.4728093,882.1688425,45205.37092
North America,        Saint Pierre and Miquelon,Petroleum,0.623806083,0.622101702,0.559891356,0.622101702,0.623806083,0.559891356,0.68923269,0.886051924,0.889888759,1.074360387,1.010997965,0.949757449,0.87452589,0.4983637,0.508660306,0.321774065,0.322624351,0.186886534,0.24918185,0.24918185,0.28129758,0.28129758,0.306761917,0.345354998,0.332622683,0.345354998,0.345354998,0.35808702,0.35808702,0.35808702,0.370819335,0.373365798,0.368272872,0.377185346,0.398909245,0.398909245,0.406142536,0.398909245,0.434021486,0.373211094,0.341396568,0.344697213,20.2212318
North America,        U.S. Territories,Petroleum,0,0,0,0,0,0,0,0,0,0,0,0,0,0,0,0,0,0,0,0,0,0,0,0,0,0,0,0,0,0,0,0,0,0,0,0,0,0,0,0,0,0,0
North America,        United States,Petroleum,10008.57679,9343.965097,8848.120582,8799.461474,9093.412083,9059.222892,9437.696072,9635.881237,10033.28287,10030.98803,9834.065508,9628.746722,9830.515556,9869.780573,10126.89908,10096.32298,10452.21242,10598.30077,10793.40035,11091.38561,11219.52019,11202.17895,11220.56063,11411.91996,11850.12325,11887.76043,11787.07501,11719.13466,11025.53627,10476.727,10678.15583,10502.7064,10266.62907,10460.2228,10541.50367,10764.8957,10897.89498,10994.20107,11237.90273,11230.51006,9857.836522,10735.88098,438581.1127
Europe,        Albania,Petroleum,29.09410216,27.75310533,27.12235309,27.75310533,27.19666082,26.49160057,24.15781689,21.37928939,19.9654636,17.01251115,12.60314947,11.29344767,12.83095726,10.44242272,8.128480715,9.125585499,7.198654005,7.493027003,9.085801373,5.59680103,13.40803043,14.15218919,16.38296784,16.56403246,18.5328319,18.48708405,17.16033698,16.74153538,16.54736252,15.95256549,15.43044095,15.2835539,13.48406481,16.10196238,16.64403142,15.55245553,16.06519,20.56834099,18.90765713,15.37802765,14.12231638,15.09233946,698.2836519
Europe,        Austria,Petroleum,145.8449777,140.3778251,130.0420186,128.1614977,124.5963376,121.613524,126.5146848,128.2658816,124.9579391,124.7950968,132.4830971,142.4291708,139.7588971,143.4707023,142.2684896,142.2717996,155.9115925,155.8311985,163.0167124,154.5176409,153.5903167,163.8328006,167.0787829,176.5538407,181.0590195,181.9765452,184.3544919,178.4572788,174.056006,165.6196262,170.245141,161.0662799,158.6767237,161.2563947,157.0612588,158.0901087,160.9372228,161.1122109,164.3268241,169.6157829,146.8469498,154.8692907,6417.811982
Europe,        Belgium,Petroleum,330.6152902,302.1327792,279.8554941,254.9477897,238.2245721,249.6983648,281.1577815,282.5487416,291.5068908,285.7628663,288.7460016,308.5812946,313.4982914,308.614483,340.9395158,339.8231492,366.7726557,375.486331,382.4175539,370.7689958,380.6045461,384.8388254,386.6894796,406.9055522,415.3466868,413.5918858,405.8684849,407.8526305,436.6475574,384.0093517,404.3175635,376.2743727,366.6408359,377.0181951,369.5940023,379.3328772,388.1282851,391.1855338,416.9692215,389.4841783,340.4958763,382.0758134,14795.9706
Europe,        Bosnia and Herzegovina,Petroleum,0,0,0,0,0,0,0,0,0,0,0,0,21.41572893,13.90369501,12.05877598,11.80964775,11.37843437,11.41458207,12.8345764,13.13940188,14.21730493,14.04045921,13.55506369,12.73187638,14.90085576,14.06460212,15.20614975,16.19406605,18.61121204,20.69922174,20.97401062,21.44169781,19.36940403,18.127709,18.46393793,18.84946879,21.801251,21.28047251,20.92502366,20.70448783,19.01379404,19.99379963,503.1207109
Europe,        Bulgaria,Petroleum,194.9097556,186.7545794,187.389799,187.389799,187.2662356,184.2137007,181.7363441,175.4895797,177.1678998,148.1540099,120.1723854,76.04484643,80.88822931,72.81382409,79.02155356,81.10462827,72.72184113,65.88795894,63.48212774,59.71659077,54.0509658,56.55428689,57.33709646,60.30790374,61.74716193,65.52329671,66.118041,63.44286163,62.77867341,59.89919159,52.50721355,49.52470531,50.98520044,47.51706492,52.26285624,57.29872664,56.762011,53.50376105,54.77481908,56.19540672,51.60664904,54.26654934,3827.290132
Europe,        Croatia,Petroleum,0,0,0,0,0,0,0,0,0,0,0,0,40.22347247,39.65338794,48.58575517,55.33676524,48.29720701,49.87989662,56.12250334,56.6240707,51.64951055,52.83747348,55.17881597,60.93012235,57.23369353,58.76064545,59.53460378,61.5117505,57.6945295,56.74414884,48.248017,47.86925795,44.36030255,41.56543269,41.09516388,41.83008845,41.467118,43.90204381,43.02196293,42.30604117,36.64462426,40.85390006,1479.962305
Europe,        Cyprus,Petroleum,12.45606698,10.55872907,11.17983077,12.42203415,12.45606698,13.04313585,13.91267839,15.07596194,15.17359803,18.81168967,20.08815325,20.31830944,23.49638199,23.46467412,27.00207249,26.57092387,26.19275287,26.78326302,28.80258796,30.67878827,32.14972357,32.24924776,31.95437256,34.45942733,31.00422893,34.27007051,35.58788519,36.61378513,37.98319066,36.58794224,35.05896628,34.66933898,32.49097451,28.82551199,29.12329111,29.70008593,32.59918,33.13144849,33.22004495,33.49959039,28.43652373,32.34977752,1114.452307
Europe,        Czechia,Petroleum,0,0,0,0,0,0,0,0,0,0,0,0,0,95.2857934,97.56588277,102.6126868,105.6740428,102.3460304,106.0711284,105.4195512,102.5489414,107.91414,105.8816242,112.8356191,124.3517854,128.5263656,127.7030362,127.5611422,130.2235429,124.0215856,122.1389144,119.5037723,118.1458409,113.6011326,121.6859797,118.106092,108.4341573,128.4719251,129.969746,131.5136802,116.0158865,127.311348,3361.441372
Europe,        Denmark,Petroleum,183.0713517,152.3048662,144.0197301,136.4821396,133.1497184,137.23664,135.2235999,131.5352685,125.8204362,120.2341293,118.150533,119.2841488,118.336983,122.1508058,130.1098346,136.8174537,144.7430161,138.8087875,136.3135468,134.5972749,128.6652969,130.481513,120.3706318,114.9103635,113.1494318,111.8044361,116.1290627,116.3852165,110.8322533,101.375404,102.1232226,99.56940505,94.92699849,94.38217437,93.67445719,94.08697306,96.56984715,96.38572712,98.08775943,100.7939432,83.59029318,85.61141743,5002.296093
Europe,        Estonia,Petroleum,0,0,0,0,0,0,0,0,0,0,0,0,20.39179501,21.48853943,19.95655142,15.62363168,16.87663533,16.59896861,16.52790791,15.39945708,13.1005199,14.77391644,15.33331702,14.98838365,15.61589677,16.00045839,17.40418418,18.31989708,17.9880693,15.90373528,16.38595175,16.17516374,19.2053088,18.9739812,17.90209138,17.86115928,17.73346608,18.64404562,18.55100434,16.69341101,17.36330775,18.691596,516.4723514
Europe,        Faroe Islands,Petroleum,0,0,0,0,0,2.186010591,2.080842343,2.160278452,2.242412798,2.45042639,2.687106516,2.46178893,2.457679312,2.424037931,2.48633354,2.678867063,2.693720112,2.686360245,2.686432909,2.686434081,2.98412003,3.305960899,3.174248023,3.187602084,3.245651244,3.15329823,3.103684247,3.237344987,3.003048123,2.771588671,2.962627894,2.748242138,2.810787676,3.084374375,2.752070183,2.896198641,2.971313,3.362642921,3.469272946,3.469272946,3.18596773,3.350178115,105.2982263
Europe,        Finland,Petroleum,171.2066466,151.8970849,139.0034749,130.1222273,133.6335933,127.0700985,138.197375,142.7492584,142.4732152,140.1202441,139.8604832,139.8993189,140.1295547,131.0177013,136.3004857,125.7383323,126.2899362,125.8007361,130.3356565,130.4111628,129.6527951,130.2126099,134.1099152,136.9223706,134.7870124,133.7224062,135.6776284,138.4116319,132.6287574,124.1199542,129.3623673,125.6993786,120.577147,123.4971944,120.8162368,121.4164522,123.7471331,123.1243114,123.2229795,122.7162348,110.0429464,104.2564387,5520.980488
Europe,        Former Czechoslovakia,Petroleum,228.0650277,223.5690572,208.2852264,202.9919837,190.6030187,188.182727,185.968858,186.5157402,176.9994567,194.1068891,181.1796743,150.3512031,149.6366749,0,0,0,0,0,0,0,0,0,0,0,0,0,0,0,0,0,0,0,0,0,0,0,0,0,0,0,0,0,2466.455537
Europe,        Former Serbia and Montenegro,Petroleum,0,0,0,0,0,0,0,0,0,0,0,0,34.93608676,20.87833557,20.30143264,16.94591401,30.7210752,41.51755092,38.70591999,35.33618149,38.30444465,49.88651314,51.02738511,51.67571588,51.48345251,51.91626947,0,0,0,0,0,0,0,0,0,0,0,0,0,0,0,0,533.6362773
Europe,        Former Yugoslavia,Petroleum,187.2555133,176.817301,177.4377127,165.6498925,202.1861856,205.3562338,189.2283122,194.7524811,196.8503954,193.4408798,197.1970619,155.8730861,0,0,0,0,0,0,0,0,0,0,0,0,0,0,0,0,0,0,0,0,0,0,0,0,0,0,0,0,0,0,2242.045055
Europe,        France,Petroleum,1407.984324,1250.907325,1162.328631,1132.050256,1070.703038,1054.875146,1060.262419,1072.07394,1084.128933,1108.012564,1099.153494,1169.659764,1167.061643,1131.604294,1123.722366,1157.245296,1177.242451,1186.849247,1213.578133,1207.390092,1203.995416,1224.57738,1203.68047,1212.248513,1220.162628,1206.776504,1205.80238,1194.910225,1173.664595,1125.887747,1100.641251,1107.048429,1088.802634,1067.834482,1052.679727,1053.511831,1033.472754,1047.511877,1015.455518,1013.822295,860.2273831,930.2820956,47379.82949
Europe,        Germany,Petroleum,0,0,0,0,0,0,0,0,0,0,0,1708.536858,1720.523835,1756.179265,1739.918933,1735.597037,1768.830394,1760.833458,1765.386723,1711.744451,1676.101183,1698.289622,1640.053281,1621.334648,1606.927014,1588.688232,1596.635856,1455.185632,1537.739914,1472.571041,1492.493281,1446.573994,1449.619443,1472.666889,1437.643543,1432.916683,1444.912391,1476.085949,1397.776371,1412.88573,1293.882716,1275.45317,48593.98753
Europe,"        Germany, East",Petroleum,237.4932426,223.2743168,233.3300343,211.2051458,232.2735402,224.932606,223.7983335,210.2927074,197.2024004,182.4470733,170.5869147,0,0,0,0,0,0,0,0,0,0,0,0,0,0,0,0,0,0,0,0,0,0,0,0,0,0,0,0,0,0,0,2346.836315
Europe,"        Germany, West",Petroleum,1676.743878,1509.307192,1458.468426,1424.968761,1325.117126,1386.001545,1474.420009,1439.840166,1456.264407,1375.27863,1447.949095,0,0,0,0,0,0,0,0,0,0,0,0,0,0,0,0,0,0,0,0,0,0,0,0,0,0,0,0,0,0,0,15974.35924
Europe,        Gibraltar,Petroleum,2.197104157,2.456689265,2.191101173,1.726322305,1.597893959,3.651835386,5.421428517,5.549429669,7.279776622,6.189046325,6.453050752,6.59273147,11.77747371,12.41780353,12.48009884,12.48009884,12.51414515,12.48009884,14.33178501,12.54212958,35.0895461,38.59168515,42.62059015,48.97978597,46.75621248,52.33881502,51.13366852,55.28662972,53.77113175,56.94060681,55.04295715,54.78395452,55.26569106,50.89682754,48.11934927,49.52000061,50.265615,55.57226897,54.28393654,55.49990237,50.96794831,53.59492888,1267.652095
Europe,        Greece,Petroleum,167.0491366,159.834115,150.2486347,144.8064175,144.8713952,150.024722,153.0546863,165.6488858,173.9431395,185.1032481,194.7452139,195.8271984,200.3737814,205.7617909,210.5488771,219.5739425,227.5359092,230.7121356,241.5838622,236.5060737,247.2055958,250.3616526,251.8077049,264.2067086,259.2824018,260.080898,273.3787135,276.1893401,264.8339173,247.5561281,226.9605689,215.0864591,187.4089222,172.1879227,172.6674418,179.7855729,180.3048064,185.1900825,182.1864155,188.981956,153.439688,162.9024216,8559.758485
Europe,        Hungary,Petroleum,152.8153296,147.4026143,139.094592,139.4516814,123.6480015,126.862191,119.4365677,122.1730316,111.2441799,111.2306735,107.4833295,99.57950681,100.4006751,98.53836823,99.45390211,94.41182245,88.63232567,90.77720638,94.68173903,90.56830939,86.83090922,83.20130872,84.15902493,80.9279519,81.55172605,92.35076259,97.56669907,96.26188627,95.05102891,93.7201939,88.90577671,84.79785898,78.98591626,77.17263829,86.22782146,91.91690606,91.71213305,99.0582522,106.3600387,107.3441794,100.0740208,108.9957835,4271.058864
Europe,        Iceland,Petroleum,6.880604556,6.238850465,5.56648725,6.238850465,6.606664499,6.610939662,6.677763293,7.226942862,7.731238347,8.10729535,8.244259665,7.745729834,8.321497102,8.618780469,9.72708432,8.889574292,9.840448657,9.686267369,9.890564842,9.905867646,10.09996315,9.615575259,9.845098274,9.861823593,10.28851715,10.35704897,10.91073722,10.94153152,10.04746283,9.294237178,8.928122837,8.776395424,8.708492381,9.105994054,9.534957774,10.56367052,11.66739507,12.91488418,14.13675102,12.0152227,8.005528832,8.347516381,382.7226373
Europe,        Ireland,Petroleum,75.06665889,65.0044863,57.1621025,51.36910574,51.715287,51.14562673,61.04159859,54.64880974,48.51248554,50.04656674,55.90401412,59.99069579,61.43214357,63.26828608,69.34612426,71.40928376,73.91445749,81.69711968,90.80938921,102.6607543,105.724432,110.7151198,107.8766559,106.6829628,111.5198443,119.7725336,122.2689428,116.2257012,114.9602078,98.76985142,99.27592922,88.87089388,83.81855043,85.15570428,84.68892158,88.35357543,92.32050741,92.9477413,96.38078421,96.52567183,82.07532994,85.68865985,3486.763517
Europe,        Italy,Petroleum,1221.036533,1184.3331,1126.829308,1105.01456,1067.665239,1053.910603,1070.355784,1120.283625,1131.342839,1170.725623,1151.601872,1140.849898,1167.313622,1158.73193,1145.123559,1189.641022,1177.662649,1182.677002,1187.460241,1150.027742,1128.577898,1114.750863,1140.518705,1134.107688,1114.351931,1080.644922,1080.253665,1050.32158,1014.845502,934.1171313,932.3804652,900.0366083,826.8312724,755.3367502,759.3289921,764.4911988,745.1379415,747.3652533,764.9025764,753.3238018,621.5387725,711.3388204,42977.08908
Europe,        Kosovo,Petroleum,0,0,0,0,0,0,0,0,0,0,0,0,0,0,0,0,0,0,0,0,0,0,0,0,0,0,0,0,6.830486906,7.265212471,6.818446071,7.961192951,7.235551495,7.289214152,6.847663738,8.353754058,8.466881358,7.566884685,7.796594341,7.757114935,7.123654209,7.490820127,104.8034715
Europe,        Latvia,Petroleum,0,0,0,0,0,0,0,0,0,0,0,0,33.69903315,32.39261354,31.39412638,24.62254595,25.80798439,22.52950807,21.64467327,20.31561355,17.11870813,19.2415403,19.52115899,20.00902362,20.72511914,21.77021234,22.56396926,24.01823784,23.14322587,21.99186537,22.77196703,20.71313514,20.6965323,20.90735722,20.99888955,22.13027447,22.80155769,23.09213839,21.17524302,24.09729803,21.41260818,22.30916855,685.6153287
Europe,        Lithuania,Petroleum,0,0,0,0,0,0,0,0,0,0,0,0,54.96445922,47.62224958,44.58307045,40.10283177,42.26356349,41.83689484,46.96628938,37.31624824,29.15661283,32.15932869,31.6920646,29.79931536,32.46929222,35.0143204,34.75442559,36.1083616,38.22758225,33.13792115,33.45008013,32.28644674,33.06957392,31.89685021,31.32682897,34.45039619,37.39188179,38.88102939,41.36970576,41.2084031,38.92401278,40.14194873,1122.571989
Europe,        Luxembourg,Petroleum,13.83584676,13.35368743,13.35368743,12.73340643,12.38782259,13.1823003,14.35518574,16.24842751,16.69036293,18.33710175,20.11895634,23.44870532,24.14645757,24.06282658,24.05388393,22.56279785,23.38259368,24.41304861,25.47300834,27.17658886,29.37153566,30.9626704,31.56609101,33.8945834,38.51360651,39.63226586,37.57991659,37.33506763,37.49901373,35.11759558,36.70502357,37.59682328,36.29362696,35.79422956,34.75287181,34.39635088,34.43573418,36.3178062,38.48433845,39.0432462,32.18370981,33.17043067,1163.963234
Europe,        Malta,Petroleum,5.484528704,5.972490318,6.286831852,4.2750458,5.925812781,3.772098994,4.993221909,5.472878438,5.84822433,6.13757355,6.601629294,7.200157681,7.84496366,8.334363025,8.993529227,9.632236704,10.20294503,10.88761073,11.39872228,12.64004344,18.50876839,20.39015421,19.89481193,23.12138477,24.27168197,20.70703078,21.16191885,23.05271641,23.87524359,25.43937106,30.3671854,28.84847704,27.45569187,26.03564657,26.54180407,27.94034756,30.645456,32.71089914,33.90023742,35.04309095,32.3599121,33.8403195,734.0170573
Europe,        Montenegro,Petroleum,0,0,0,0,0,0,0,0,0,0,0,0,0,0,0,0,0,0,0,0,0,0,0,0,0,0,4.730523969,5.030043805,5.167209411,4.101602985,3.88556969,3.717188157,3.517558467,3.417295039,3.474330419,4.143134563,4.402032,4.58287746,4.847937566,4.542298425,3.858198802,3.858198802,67.27599956
Europe,        Netherlands,Petroleum,501.1286431,459.5668346,403.9272011,383.2810411,352.3418763,364.1454877,406.2356309,414.6847304,440.176849,434.4121077,477.5287961,478.6807505,486.2681827,486.7614271,501.8154477,507.5386276,519.3640176,536.9965678,540.6054139,551.2451715,563.7432987,582.6436982,601.0358831,615.2628212,630.9687294,645.5745508,662.4014479,668.6102791,640.5855452,604.5446046,607.5772704,610.5200545,596.9076877,574.4808793,565.2430628,562.8912831,568.969404,573.8865394,561.8429314,549.2251595,524.9888646,518.3021001,22276.9109
Europe,        North Macedonia,Petroleum,0,0,0,0,0,0,0,0,0,0,0,0,11.96157323,13.14700552,11.20130181,11.43011049,14.45429915,12.9892511,13.82909018,12.26909401,11.55443801,9.501159638,10.77489041,10.31269346,10.53064913,10.77772812,11.1772257,12.30159914,10.81721953,11.38092956,11.09826572,11.46759398,11.39823385,11.31915871,11.24883901,12.30025896,12.63750372,13.14057944,12.51821228,13.38658224,11.58235593,12.92710609,355.4349481
Europe,        Norway,Petroleum,124.1440707,113.7495895,102.8813039,101.0699764,110.5043681,115.0567985,119.0143814,118.4969091,114.3419415,111.0144662,117.1729116,111.1098312,111.3603975,114.128919,117.3769108,122.0601469,129.2302724,129.5673513,130.5532092,130.9415011,123.132097,128.6672043,127.1691867,134.2808528,127.3932306,130.4499505,133.8993029,141.7162798,132.5926917,132.8258717,134.5555336,131.6576473,131.5821467,134.1558634,132.4821803,135.0576395,134.8417975,138.9400377,142.2341608,138.3140327,127.9357603,135.9636271,5273.622352
Europe,        Poland,Petroleum,239.6185925,213.6583571,195.5902133,198.9535266,193.9078729,195.2936018,203.3733437,209.1687843,209.4577746,208.2644938,171.6469571,165.1120737,169.8503763,177.7978797,183.3543633,190.3293584,216.8644376,233.3997367,240.9192307,249.712575,245.1721881,239.6850127,239.5305428,252.713464,266.715299,275.6263608,293.7524767,306.7400495,317.4906066,319.3939469,334.5204036,329.3981155,314.6895322,296.2903144,295.8031178,317.9710287,343.9467175,388.6978173,401.8959071,412.0476923,392.2844907,415.8060047,11066.44464
Europe,        Portugal,Petroleum,98.05574625,87.88355098,117.0625317,118.0025783,118.7286575,110.6670291,120.601844,117.364286,124.1455477,153.3988544,153.5632338,153.6801654,170.844024,160.6997903,163.1160326,175.6859993,168.4611177,179.1025861,197.4849622,204.1243976,201.7865972,202.1432081,208.1727552,197.0140649,198.9915738,204.8776186,182.8746634,186.12363,177.1869726,166.8363858,165.0940332,154.7979036,139.7041375,140.2489886,138.6041387,141.9269339,142.5897541,145.4815399,139.672325,149.601335,121.582147,124.0908071,6522.074447
Europe,        Romania,Petroleum,235.4158178,216.5683124,213.429641,200.8749564,193.2423961,200.8749564,201.9421046,213.110264,207.3212951,215.3750383,241.7958005,174.4977718,156.3009936,155.1177336,138.6220021,152.2008087,160.2220438,169.1762955,154.9346437,129.6491027,131.1320316,144.1722469,138.7962571,133.968826,136.8845765,135.098842,130.8607784,132.8932051,129.7079467,114.7183858,114.9277501,111.0233883,114.4094566,110.2939203,110.2814657,110.424612,118.758467,126.8704662,125.9551693,129.0764904,122.1587124,124.6461107,6477.731083
Europe,        Serbia,Petroleum,0,0,0,0,0,0,0,0,0,0,0,0,0,0,0,0,0,0,0,0,0,0,0,0,0,0,54.20809672,55.02301791,51.43773572,49.44227914,47.97394304,47.60740678,41.79670198,43.47530806,41.58102322,43.45507641,44.33243063,44.06944497,43.67948511,46.37307484,42.80274649,44.78133388,742.0391049
Europe,        Slovakia,Petroleum,0,0,0,0,0,0,0,0,0,0,0,0,0,40.02934151,40.41690814,39.75369707,42.17191485,45.26216886,45.77426107,42.63553432,40.75550831,43.10790921,48.04207697,44.91992698,44.77165345,47.75652972,47.91111828,50.48103798,51.8995339,48.629612,50.85993708,50.44158787,46.30258168,46.76194356,44.33405151,48.00140945,49.60910602,54.69099676,55.38741703,51.8387235,52.7807021,56.40788622,1371.735075
Europe,        Slovenia,Petroleum,0,0,0,0,0,0,0,0,0,0,0,0,19.88577141,23.92395865,25.87273183,28.50418329,33.55528881,32.61717723,31.05300845,31.2320001,29.75512921,30.87449527,29.97322581,30.40310076,31.36072526,32.0468583,33.22628438,33.11075155,38.65641471,32.88242603,33.2508161,33.02468808,32.60006633,30.94666498,30.36580918,29.7392111,31.71490834,32.52047639,34.40446317,33.24264345,27.8106057,28.39870592,926.9525898
Europe,        Spain,Petroleum,628.4556449,593.7725429,633.4628268,636.1621186,519.7245445,519.8316817,525.1168763,541.7117889,596.1657607,594.68289,612.7518086,649.9921701,673.0597317,641.5050946,683.0942143,723.4363963,730.2317276,771.3286844,826.9224964,852.8209707,878.9579958,914.6513443,923.6187719,946.5153639,966.5547634,987.2716223,975.6643083,989.9081836,953.8415915,902.5819834,885.803913,852.5895809,802.9569702,742.1981462,736.8144599,763.9863616,789.6562736,792.8396324,812.1910058,809.8861846,665.5777924,726.0509074,31774.34712
Europe,        Sweden,Petroleum,333.9444939,296.4548553,250.8760727,227.3827159,212.434308,219.2613528,227.0595366,221.472026,212.2247861,201.3760538,201.0768481,203.4593946,222.03532,218.8907435,234.5061082,233.7057875,250.7059197,237.4208394,241.8232784,237.266603,218.0575415,221.3932972,222.972053,223.0389584,222.198906,216.114519,215.6114069,212.3036406,209.0855782,194.4062293,204.1315913,190.7433668,183.8427246,181.0520224,179.7762796,179.090845,188.2902592,191.9638009,173.2749905,176.2864278,161.1840738,187.1761622,9035.371719
Europe,        Switzerland,Petroleum,188.5899264,152.7441963,143.957702,157.5098793,150.7849129,164.2195694,164.5442989,158.7397548,159.5455672,157.0516235,156.3798243,164.5912314,166.4380409,157.5044146,155.281099,157.692617,160.1695748,158.4028367,164.4183248,165.9203271,161.7028617,165.1652017,157.0059897,158.7783332,158.5750952,159.4955172,159.0932358,152.1466321,157.416851,153.0359572,156.2580084,144.8336243,147.7413074,150.6618784,138.1782761,136.2604906,137.4797158,135.0387093,133.3502766,132.051361,108.1312076,111.1217402,6418.007993
Europe,        Turkiye,Petroleum,199.2957104,177.1562106,206.6673625,215.9232383,211.841092,221.5523795,237.8668076,269.8345029,265.7488637,272.1939918,288.908228,281.4210974,297.756087,340.8379641,325.9028795,365.664935,381.649722,376.4506819,373.3455508,371.1335072,391.7208715,365.143598,391.0962939,383.8395281,392.7266746,387.8744208,402.1539686,409.2426776,402.6776545,414.6511745,396.3276768,384.3049249,406.7063729,441.5363058,451.0106319,522.521356,561.0129705,590.3588227,569.0531748,586.5824828,548.9543044,582.9576078,15663.60431
Europe,        United Kingdom,Petroleum,1067.483191,976.0088382,979.3825252,938.4804474,1123.685806,981.8792503,985.8163683,963.361618,1016.754878,1037.775861,1068.277139,1082.923231,1094.6852,1098.854857,1098.396767,1087.902686,1112.693437,1084.293124,1072.448429,1082.857304,1058.218861,1044.779239,1037.297235,1048.878126,1070.380302,1085.135531,1078.167509,1047.41711,1035.743926,980.8461249,971.2008368,944.8251216,921.2925037,906.3445836,909.4134636,933.1764181,959.7270641,969.4785231,961.4434956,935.6983576,725.8254395,750.359977,42329.6107
Eurasia,        Armenia,Petroleum,0,0,0,0,0,0,0,0,0,0,0,0,27.17904215,15.32813825,11.16051064,15.30057632,17.78401531,18.4981029,19.92127364,2.832283914,4.437237122,4.343857436,4.131198915,4.30362209,4.5035272,5.194432627,4.893529831,5.326773109,5.684882397,4.967494165,5.300045063,5.015331982,5.192615734,4.617425383,4.599206936,4.878847308,4.035196,4.879370606,4.738885603,6.224495809,7.586781729,7.617694987,240.4763952
Eurasia,        Azerbaijan,Petroleum,0,0,0,0,0,0,0,0,0,0,0,0,125.1813839,120.7932011,114.876469,110.727003,82.89475952,81.39423533,93.86541261,94.91753752,82.25845611,53.62001173,51.89120977,58.84531161,67.05731667,68.24487086,62.59740457,55.67290656,56.19650078,47.24828957,49.34044142,54.98098179,57.92878212,59.46144432,59.02915944,58.50254468,57.912329,61.49854323,59.85331541,61.7237902,55.91154598,56.38744625,2120.812604
Eurasia,        Belarus,Petroleum,0,0,0,0,0,0,0,0,0,0,0,0,231.938207,181.6307894,150.1893871,142.847506,128.5481209,115.5478697,105.5750346,97.57578793,98.39181608,95.39236951,98.1800389,100.4995901,99.53619087,92.4873,106.4588934,98.9679033,100.6577556,112.5730448,92.23876129,106.952734,109.1184468,97.92586404,102.6418297,84.44806679,83.220204,76.00537962,84.5851823,78.88333198,79.32769402,79.8816908,3232.22679
Eurasia,        Former U.S.S.R.,Petroleum,5601.527946,5548.961036,5635.906143,5558.276581,5548.59522,5558.276581,5574.423533,5587.106568,5511.897008,5342.151076,5120.440297,5094.702058,0,0,0,0,0,0,0,0,0,0,0,0,0,0,0,0,0,0,0,0,0,0,0,0,0,0,0,0,0,0,65682.26406
Eurasia,        Georgia,Petroleum,0,0,0,0,0,0,0,0,0,0,0,0,16.95758772,9.766238789,4.556776727,4.884349262,8.608208736,9.036585284,9.29886775,15.01995469,9.300483059,7.45675624,7.316871008,7.370233047,7.588184613,9.800692659,9.676823686,12.32561547,10.99863547,11.63073169,12.35871715,12.98813037,12.9476407,13.29946631,14.01443846,16.00221405,19.502373,17.79456624,17.6107146,18.81816321,17.67455315,19.84352726,364.4481004
Eurasia,        Kazakhstan,Petroleum,0,0,0,0,0,0,0,0,0,0,0,0,248.9114087,207.8513506,182.40336,164.125497,149.7833896,133.24577,121.0760706,90.9075278,100.6310451,96.64811448,104.3386018,108.0162455,112.626488,122.0471919,127.9871114,136.7507599,157.2824615,119.4245946,140.2621674,162.0699857,147.1576631,148.6869766,147.8953551,187.921754,199.5745855,199.4347826,188.0610131,183.5155784,169.2806964,170.4830562,4528.400603
Eurasia,        Kyrgyzstan,Petroleum,0,0,0,0,0,0,0,0,0,0,0,0,19.53868859,11.6482569,5.323764878,6.988898528,7.461920365,6.245055326,8.467806359,6.96132547,5.725355659,5.197070799,6.104721511,6.0880419,6.487701811,8.270748623,10.34107637,13.42425355,14.85107447,18.28601104,15.94772161,16.84282753,21.39137242,21.38029292,19.19080881,20.44861152,23.486294,20.29451139,23.61360045,18.87927774,17.74406183,17.77009401,404.4012464
Eurasia,        Moldova,Petroleum,0,0,0,0,0,0,0,0,0,0,0,0,35.5259066,26.09122193,14.05936562,13.58872411,12.10463927,11.15106959,9.296343848,5.158941244,5.626552836,6.142831142,6.960653328,7.603436142,8.290488033,8.383879146,8.182737283,8.491472262,9.098395099,8.831458621,9.765135644,10.17516219,9.668081152,9.536590077,10.18001222,10.39872265,10.55985214,11.82410788,12.67719731,12.87594887,11.94534894,13.57753679,337.771812
Eurasia,        Russia,Petroleum,0,0,0,0,0,0,0,0,0,0,0,0,2730.870361,2006.543157,1626.96145,1710.448492,1663.880036,1591.423306,1510.153127,1547.88867,1561.134462,1571.812637,1556.844353,1558.62321,1548.807254,1563.379247,1621.73915,1607.914766,1682.046401,1617.815141,1738.892306,1841.048868,1869.652114,1959.083449,2091.865555,2027.395379,2060.90026,1995.497651,2010.314486,2124.675779,2381.631899,2097.028219,54476.27118
Eurasia,        Tajikistan,Petroleum,0,0,0,0,0,0,0,0,0,0,0,0,11.95535342,9.234134088,7.173100596,7.780312917,9.044914102,9.862607075,11.35955902,16.39271155,2.4414811,3.489813418,4.082141046,3.624433733,4.303760972,3.704917024,4.618059728,6.403672341,6.714576399,6.46494831,6.817765432,7.182395142,8.629593341,9.776574364,12.0339832,11.45031255,12.497329,10.83391585,11.43573843,13.4926667,14.42831122,14.45800413,261.6870862
Eurasia,        Turkmenistan,Petroleum,0,0,0,0,0,0,0,0,0,0,0,0,45.60778521,40.42275027,37.48970893,36.81505709,36.7507307,40.69749197,35.82780501,33.012264,54.45602511,54.54093124,61.63850786,63.92116626,66.13672121,67.25422146,67.14659084,67.98609737,69.52793574,65.39266295,71.47153835,73.78409534,77.15761208,82.46166831,89.42923849,86.539894,85.475425,86.44233379,87.1020104,86.79483857,85.52742518,85.72103928,1942.531572
Eurasia,        Ukraine,Petroleum,0,0,0,0,0,0,0,0,0,0,0,0,508.8976073,357.9628818,309.6529377,295.4110721,236.339469,223.6303367,219.0067835,225.1175139,156.1378594,176.3878743,180.5639535,187.0322367,186.8928238,188.9966655,191.2858291,206.9013347,198.2263076,191.6488183,181.0711641,172.0979301,154.8663364,141.6946066,143.9323818,130.5102678,143.119073,156.701316,141.0924008,139.1956348,138.7613195,146.7802281,6029.914963
Eurasia,        Uzbekistan,Petroleum,0,0,0,0,0,0,0,0,0,0,0,0,118.0229257,109.262819,105.8834639,112.6430296,88.4552643,86.32985402,89.94438113,87.70431116,86.92323117,84.90201169,84.22696313,87.17148011,81.21978693,64.49725349,62.83047991,56.37390642,54.16204825,55.65359757,49.46015273,45.59875056,40.83807864,38.0712228,35.66004142,42.69144868,40.97224334,44.98119563,53.46555297,53.73616484,49.95434469,50.23419016,2061.870194
